{"related-to": {"precision": 0.05090909090909091, "recall": 0.06763285024154589, "f1-score": 0.058091286307053944, "support": 414}, "artifact": {"precision": 0.06802721088435375, "recall": 0.07874015748031496, "f1-score": 0.07299270072992702, "support": 635}, "cause-effect": {"precision": 0.0, "recall": 0.0, "f1-score": 0.0, "support": 86}, "compare": {"precision": 0.0, "recall": 0.0, "f1-score": 0.0, "support": 82}, "general-affiliation": {"precision": 0.1523876404494382, "recall": 0.1751412429378531, "f1-score": 0.1629740893728877, "support": 1239}, "named": {"precision": 0.07916666666666666, "recall": 0.06810035842293907, "f1-score": 0.07321772639691715, "support": 558}, "opposite": {"precision": 0.0, "recall": 0.0, "f1-score": 0.0, "support": 128}, "origin": {"precision": 0.03271028037383177, "recall": 0.023026315789473683, "f1-score": 0.027027027027027025, "support": 304}, "part-of": {"precision": 0.07960741548527808, "recall": 0.10124826629680998, "f1-score": 0.08913308913308914, "support": 721}, "physical": {"precision": 0.17428924598269468, "recall": 0.19381443298969073, "f1-score": 0.18353400585746832, "support": 1455}, "role": {"precision": 0.23417721518987342, "recall": 0.18444666001994017, "f1-score": 0.2063580591187953, "support": 2006}, "social": {"precision": 0.016129032258064516, "recall": 0.01904761904761905, "f1-score": 0.017467248908296942, "support": 105}, "temporal": {"precision": 0.05353319057815846, "recall": 0.061274509803921566, "f1-score": 0.05714285714285715, "support": 408}, "topic": {"precision": 0.0, "recall": 0.0, "f1-score": 0.0, "support": 170}, "type-of": {"precision": 0.027972027972027972, "recall": 0.011904761904761904, "f1-score": 0.016701461377870565, "support": 336}, "usage": {"precision": 0.0, "recall": 0.0, "f1-score": 0.0, "support": 200}, "win-defeat": {"precision": 0.018656716417910446, "recall": 0.015772870662460567, "f1-score": 0.017094017094017092, "support": 317}, "micro avg": {"precision": 0.12701892016612829, "recall": 0.12014404190309909, "f1-score": 0.12348586810228802, "support": 9164}, "macro avg": {"precision": 0.05809210195102288, "recall": 0.05883235562337239, "f1-score": 0.05774903343918866, "support": 9164}, "weighted avg": {"precision": 0.12295897185563986, "recall": 0.12014404190309909, "f1-score": 0.12034447898784699, "support": 9164}, "samples avg": {"precision": 0.12701892016612829, "recall": 0.12025073065682201, "f1-score": 0.12250038455622211, "support": 9164}}