{"related-to": {"precision": 0.0, "recall": 0.0, "f1-score": 0.0, "support": 26}, "artifact": {"precision": 0.1125, "recall": 0.138996138996139, "f1-score": 0.12435233160621763, "support": 259}, "cause-effect": {"precision": 0.0, "recall": 0.0, "f1-score": 0.0, "support": 4}, "compare": {"precision": 0.0, "recall": 0.0, "f1-score": 0.0, "support": 5}, "general-affiliation": {"precision": 0.30130293159609123, "recall": 0.2562326869806094, "f1-score": 0.27694610778443113, "support": 722}, "named": {"precision": 0.0, "recall": 0.0, "f1-score": 0.0, "support": 83}, "opposite": {"precision": 0.0, "recall": 0.0, "f1-score": 0.0, "support": 6}, "origin": {"precision": 0.0, "recall": 0.0, "f1-score": 0.0, "support": 19}, "part-of": {"precision": 0.09821428571428571, "recall": 0.0625, "f1-score": 0.0763888888888889, "support": 176}, "physical": {"precision": 0.14847161572052403, "recall": 0.1630695443645084, "f1-score": 0.15542857142857147, "support": 417}, "role": {"precision": 0.1643835616438356, "recall": 0.22163588390501318, "f1-score": 0.18876404494382018, "support": 379}, "social": {"precision": 0.0, "recall": 0.0, "f1-score": 0.0, "support": 22}, "temporal": {"precision": 0.02857142857142857, "recall": 0.041666666666666664, "f1-score": 0.03389830508474576, "support": 24}, "topic": {"precision": 0.0, "recall": 0.0, "f1-score": 0.0, "support": 8}, "type-of": {"precision": 0.014705882352941176, "recall": 0.008403361344537815, "f1-score": 0.010695187165775399, "support": 119}, "usage": {"precision": 0.0, "recall": 0.0, "f1-score": 0.0, "support": 52}, "win-defeat": {"precision": 0.037037037037037035, "recall": 0.043010752688172046, "f1-score": 0.03980099502487562, "support": 93}, "micro avg": {"precision": 0.1672384219554031, "recall": 0.1615575807787904, "f1-score": 0.16434892541087232, "support": 2414}, "macro avg": {"precision": 0.05324627897859666, "recall": 0.055030296173273326, "f1-score": 0.05331026070160742, "support": 2414}, "weighted avg": {"precision": 0.16323865917428462, "recall": 0.1615575807787904, "f1-score": 0.16062545758173605, "support": 2414}, "samples avg": {"precision": 0.1672384219554031, "recall": 0.16309319611206402, "f1-score": 0.16445111492281303, "support": 2414}}