{
    "related-to": {
        "precision": 0.06779661016949153,
        "recall": 0.15384615384615385,
        "f1-score": 0.09411764705882353,
        "support": 26
    },
    "artifact": {
        "precision": 0.8776371308016878,
        "recall": 0.803088803088803,
        "f1-score": 0.8387096774193549,
        "support": 259
    },
    "cause-effect": {
        "precision": 0.0,
        "recall": 0.0,
        "f1-score": 0.0,
        "support": 4
    },
    "compare": {
        "precision": 0.0,
        "recall": 0.0,
        "f1-score": 0.0,
        "support": 5
    },
    "general-affiliation": {
        "precision": 0.8272,
        "recall": 0.7160664819944599,
        "f1-score": 0.7676317743132888,
        "support": 722
    },
    "named": {
        "precision": 0.6842105263157895,
        "recall": 0.6265060240963856,
        "f1-score": 0.6540880503144654,
        "support": 83
    },
    "opposite": {
        "precision": 0.0,
        "recall": 0.0,
        "f1-score": 0.0,
        "support": 6
    },
    "origin": {
        "precision": 0.15384615384615385,
        "recall": 0.10526315789473684,
        "f1-score": 0.125,
        "support": 19
    },
    "part-of": {
        "precision": 0.1510204081632653,
        "recall": 0.21022727272727273,
        "f1-score": 0.17577197149643706,
        "support": 176
    },
    "physical": {
        "precision": 0.8491048593350383,
        "recall": 0.7961630695443646,
        "f1-score": 0.8217821782178218,
        "support": 417
    },
    "role": {
        "precision": 0.5598377281947262,
        "recall": 0.7282321899736148,
        "f1-score": 0.6330275229357798,
        "support": 379
    },
    "social": {
        "precision": 0.0,
        "recall": 0.0,
        "f1-score": 0.0,
        "support": 22
    },
    "temporal": {
        "precision": 0.43243243243243246,
        "recall": 0.6666666666666666,
        "f1-score": 0.5245901639344263,
        "support": 24
    },
    "topic": {
        "precision": 0.0,
        "recall": 0.0,
        "f1-score": 0.0,
        "support": 8
    },
    "type-of": {
        "precision": 0.9367088607594937,
        "recall": 0.6218487394957983,
        "f1-score": 0.7474747474747474,
        "support": 119
    },
    "usage": {
        "precision": 0.0,
        "recall": 0.0,
        "f1-score": 0.0,
        "support": 52
    },
    "win-defeat": {
        "precision": 0.704225352112676,
        "recall": 0.5376344086021505,
        "f1-score": 0.6097560975609756,
        "support": 93
    },
    "micro avg": {
        "precision": 0.6723842195540308,
        "recall": 0.6495443247721624,
        "f1-score": 0.6607669616519174,
        "support": 2414
    },
    "macro avg": {
        "precision": 999999,
        "recall": 999999,
        "f1-score": 0.35246763710153645,
        "support": 2414
    },
    "weighted avg": {
        "precision": 0.6902221156047288,
        "recall": 0.6495443247721624,
        "f1-score": 0.6637741329558386,
        "support": 2414
    },
    "samples avg": {
        "precision": 0.6723842195540308,
        "recall": 0.6580188679245284,
        "f1-score": 0.6627358490566038,
        "support": 2414
    }
}