{"related-to": {"precision": 0.08333333333333333, "recall": 0.027777777777777776, "f1-score": 0.041666666666666664, "support": 72}, "artifact": {"precision": 0.1920374707259953, "recall": 0.2733333333333333, "f1-score": 0.22558459422283356, "support": 300}, "cause-effect": {"precision": 0.0, "recall": 0.0, "f1-score": 0.0, "support": 1}, "compare": {"precision": 0.0, "recall": 0.0, "f1-score": 0.0, "support": 8}, "general-affiliation": {"precision": 0.20673076923076922, "recall": 0.13109756097560976, "f1-score": 0.16044776119402984, "support": 328}, "named": {"precision": 0.06756756756756757, "recall": 0.05319148936170213, "f1-score": 0.059523809523809534, "support": 94}, "opposite": {"precision": 0.0, "recall": 0.0, "f1-score": 0.0, "support": 14}, "origin": {"precision": 0.0, "recall": 0.0, "f1-score": 0.0, "support": 47}, "part-of": {"precision": 0.04918032786885246, "recall": 0.03125, "f1-score": 0.03821656050955414, "support": 96}, "physical": {"precision": 0.07853403141361257, "recall": 0.08620689655172414, "f1-score": 0.0821917808219178, "support": 174}, "role": {"precision": 0.13768115942028986, "recall": 0.22529644268774704, "f1-score": 0.17091454272863568, "support": 253}, "social": {"precision": 0.0, "recall": 0.0, "f1-score": 0.0, "support": 47}, "temporal": {"precision": 0.07317073170731707, "recall": 0.10344827586206896, "f1-score": 0.0857142857142857, "support": 29}, "topic": {"precision": 0.0, "recall": 0.0, "f1-score": 0.0, "support": 42}, "type-of": {"precision": 0.0, "recall": 0.0, "f1-score": 0.0, "support": 18}, "usage": {"precision": 0.0, "recall": 0.0, "f1-score": 0.0, "support": 2}, "win-defeat": {"precision": 0.0379746835443038, "recall": 0.030927835051546393, "f1-score": 0.03409090909090909, "support": 97}, "micro avg": {"precision": 0.1339622641509434, "recall": 0.1313193588162762, "f1-score": 0.13262764632627647, "support": 1622}, "macro avg": {"precision": 0.05448294557717889, "recall": 0.05661938891773585, "f1-score": 0.05284417120427306, "support": 1622}, "weighted avg": {"precision": 0.12132882039140795, "recall": 0.1313193588162762, "f1-score": 0.12077777650033177, "support": 1622}, "samples avg": {"precision": 0.1339622641509434, "recall": 0.13102725366876308, "f1-score": 0.1319706498951782, "support": 1622}}