{
    "related-to": {
        "precision": 0.14285714285714285,
        "recall": 0.027777777777777776,
        "f1-score": 0.046511627906976744,
        "support": 72
    },
    "artifact": {
        "precision": 0.6445497630331753,
        "recall": 0.9066666666666666,
        "f1-score": 0.7534626038781163,
        "support": 300
    },
    "cause-effect": {
        "precision": 0.0,
        "recall": 0.0,
        "f1-score": 0.0,
        "support": 1
    },
    "compare": {
        "precision": 0.0,
        "recall": 0.0,
        "f1-score": 0.0,
        "support": 8
    },
    "general-affiliation": {
        "precision": 0.8227272727272728,
        "recall": 0.551829268292683,
        "f1-score": 0.6605839416058394,
        "support": 328
    },
    "named": {
        "precision": 0.6956521739130435,
        "recall": 0.5106382978723404,
        "f1-score": 0.588957055214724,
        "support": 94
    },
    "opposite": {
        "precision": 0.0,
        "recall": 0.0,
        "f1-score": 0.0,
        "support": 14
    },
    "origin": {
        "precision": 0.3235294117647059,
        "recall": 0.23404255319148937,
        "f1-score": 0.271604938271605,
        "support": 47
    },
    "part-of": {
        "precision": 0.21568627450980393,
        "recall": 0.11458333333333333,
        "f1-score": 0.14965986394557823,
        "support": 96
    },
    "physical": {
        "precision": 0.7938144329896907,
        "recall": 0.8850574712643678,
        "f1-score": 0.8369565217391305,
        "support": 174
    },
    "role": {
        "precision": 0.471563981042654,
        "recall": 0.7865612648221344,
        "f1-score": 0.5896296296296296,
        "support": 253
    },
    "social": {
        "precision": 1.0,
        "recall": 0.0425531914893617,
        "f1-score": 0.08163265306122448,
        "support": 47
    },
    "temporal": {
        "precision": 0.6857142857142857,
        "recall": 0.8275862068965517,
        "f1-score": 0.75,
        "support": 29
    },
    "topic": {
        "precision": 0.0,
        "recall": 0.0,
        "f1-score": 0.0,
        "support": 42
    },
    "type-of": {
        "precision": 0.9285714285714286,
        "recall": 0.7222222222222222,
        "f1-score": 0.8125000000000001,
        "support": 18
    },
    "usage": {
        "precision": 0.0,
        "recall": 0.0,
        "f1-score": 0.0,
        "support": 2
    },
    "win-defeat": {
        "precision": 0.651685393258427,
        "recall": 0.5979381443298969,
        "f1-score": 0.6236559139784947,
        "support": 97
    },
    "micro avg": {
        "precision": 0.6132075471698113,
        "recall": 0.6011097410604193,
        "f1-score": 0.6070983810709838,
        "support": 1622
    },
    "macro avg": {
        "precision": 999999,
        "recall": 999999,
        "f1-score": 0.36265616171948933,
        "support": 1622
    },
    "weighted avg": {
        "precision": 0.6036073609087459,
        "recall": 0.6011097410604193,
        "f1-score": 0.5697083741528199,
        "support": 1622
    },
    "samples avg": {
        "precision": 0.6132075471698113,
        "recall": 0.6052410901467505,
        "f1-score": 0.6078616352201258,
        "support": 1622
    }
}