{
    "related-to": {
        "precision": 0.0,
        "recall": 0.0,
        "f1-score": 0.0,
        "support": 6
    },
    "artifact": {
        "precision": 0.0,
        "recall": 0.0,
        "f1-score": 0.0,
        "support": 0
    },
    "cause-effect": {
        "precision": 0.0,
        "recall": 0.0,
        "f1-score": 0.0,
        "support": 0
    },
    "compare": {
        "precision": 0.0,
        "recall": 0.0,
        "f1-score": 0.0,
        "support": 0
    },
    "general-affiliation": {
        "precision": 0.0,
        "recall": 0.0,
        "f1-score": 0.0,
        "support": 10
    },
    "named": {
        "precision": 0.13636363636363635,
        "recall": 0.75,
        "f1-score": 0.23076923076923075,
        "support": 4
    },
    "opposite": {
        "precision": 0.15789473684210525,
        "recall": 0.15384615384615385,
        "f1-score": 0.15584415584415584,
        "support": 39
    },
    "origin": {
        "precision": 0.0,
        "recall": 0.0,
        "f1-score": 0.0,
        "support": 0
    },
    "part-of": {
        "precision": 0.0,
        "recall": 0.0,
        "f1-score": 0.0,
        "support": 28
    },
    "physical": {
        "precision": 0.7349397590361446,
        "recall": 0.4728682170542636,
        "f1-score": 0.5754716981132076,
        "support": 129
    },
    "role": {
        "precision": 0.5100401606425703,
        "recall": 0.8819444444444444,
        "f1-score": 0.6463104325699747,
        "support": 144
    },
    "social": {
        "precision": 0.0,
        "recall": 0.0,
        "f1-score": 0.0,
        "support": 0
    },
    "temporal": {
        "precision": 0.0,
        "recall": 0.0,
        "f1-score": 0.0,
        "support": 1
    },
    "topic": {
        "precision": 0.0,
        "recall": 0.0,
        "f1-score": 0.0,
        "support": 0
    },
    "type-of": {
        "precision": 0.0,
        "recall": 0.0,
        "f1-score": 0.0,
        "support": 0
    },
    "usage": {
        "precision": 0.0,
        "recall": 0.0,
        "f1-score": 0.0,
        "support": 0
    },
    "win-defeat": {
        "precision": 0.0,
        "recall": 0.0,
        "f1-score": 0.0,
        "support": 35
    },
    "micro avg": {
        "precision": 0.49747474747474746,
        "recall": 0.49747474747474746,
        "f1-score": 0.49747474747474746,
        "support": 396
    },
    "macro avg": {
        "precision": 999999,
        "recall": 999999,
        "f1-score": 0.1787106130329521,
        "support": 396
    },
    "weighted avg": {
        "precision": 0.4418089932588117,
        "recall": 0.49747474747474746,
        "f1-score": 0.4401655311810079,
        "support": 396
    },
    "samples avg": {
        "precision": 0.49747474747474746,
        "recall": 0.49747474747474746,
        "f1-score": 0.49747474747474746,
        "support": 396
    }
}