{"related-to": {"precision": 0.0, "recall": 0.0, "f1-score": 0.0, "support": 6}, "artifact": {"precision": 0.0, "recall": 0.0, "f1-score": 0.0, "support": 0}, "cause-effect": {"precision": 0.0, "recall": 0.0, "f1-score": 0.0, "support": 0}, "compare": {"precision": 0.0, "recall": 0.0, "f1-score": 0.0, "support": 0}, "general-affiliation": {"precision": 0.0, "recall": 0.0, "f1-score": 0.0, "support": 10}, "named": {"precision": 0.0, "recall": 0.0, "f1-score": 0.0, "support": 4}, "opposite": {"precision": 0.0, "recall": 0.0, "f1-score": 0.0, "support": 39}, "origin": {"precision": 0.0, "recall": 0.0, "f1-score": 0.0, "support": 0}, "part-of": {"precision": 0.0, "recall": 0.0, "f1-score": 0.0, "support": 28}, "physical": {"precision": 0.294478527607362, "recall": 0.37209302325581395, "f1-score": 0.3287671232876712, "support": 129}, "role": {"precision": 0.34444444444444444, "recall": 0.4305555555555556, "f1-score": 0.38271604938271603, "support": 144}, "social": {"precision": 0.0, "recall": 0.0, "f1-score": 0.0, "support": 0}, "temporal": {"precision": 0.0, "recall": 0.0, "f1-score": 0.0, "support": 1}, "topic": {"precision": 0.0, "recall": 0.0, "f1-score": 0.0, "support": 0}, "type-of": {"precision": 0.0, "recall": 0.0, "f1-score": 0.0, "support": 0}, "usage": {"precision": 0.0, "recall": 0.0, "f1-score": 0.0, "support": 0}, "win-defeat": {"precision": 0.0, "recall": 0.0, "f1-score": 0.0, "support": 35}, "micro avg": {"precision": 0.2777777777777778, "recall": 0.2777777777777778, "f1-score": 0.2777777777777778, "support": 396}, "macro avg": {"precision": 0.03758370423834155, "recall": 0.047214622283021736, "f1-score": 0.041851951333552184, "support": 396}, "weighted avg": {"precision": 0.22118113651855986, "recall": 0.2777777777777778, "f1-score": 0.24626785357378964, "support": 396}, "samples avg": {"precision": 0.2777777777777778, "recall": 0.2777777777777778, "f1-score": 0.2777777777777778, "support": 396}}