{
    "related-to": {
        "precision": 0.1,
        "recall": 0.013888888888888888,
        "f1-score": 0.024390243902439022,
        "support": 72
    },
    "artifact": {
        "precision": 0.7955182072829131,
        "recall": 0.9466666666666667,
        "f1-score": 0.8645357686453576,
        "support": 300
    },
    "cause-effect": {
        "precision": 0.0,
        "recall": 0.0,
        "f1-score": 0.0,
        "support": 1
    },
    "compare": {
        "precision": 0.0,
        "recall": 0.0,
        "f1-score": 0.0,
        "support": 8
    },
    "general-affiliation": {
        "precision": 0.7952755905511811,
        "recall": 0.9237804878048781,
        "f1-score": 0.8547249647390692,
        "support": 328
    },
    "named": {
        "precision": 0.3888888888888889,
        "recall": 0.5957446808510638,
        "f1-score": 0.4705882352941177,
        "support": 94
    },
    "opposite": {
        "precision": 0.0,
        "recall": 0.0,
        "f1-score": 0.0,
        "support": 14
    },
    "origin": {
        "precision": 0.0,
        "recall": 0.0,
        "f1-score": 0.0,
        "support": 47
    },
    "part-of": {
        "precision": 0.3076923076923077,
        "recall": 0.08333333333333333,
        "f1-score": 0.13114754098360656,
        "support": 96
    },
    "physical": {
        "precision": 0.7579617834394905,
        "recall": 0.6839080459770115,
        "f1-score": 0.7190332326283988,
        "support": 174
    },
    "role": {
        "precision": 0.5906040268456376,
        "recall": 0.6956521739130435,
        "f1-score": 0.6388384754990926,
        "support": 253
    },
    "social": {
        "precision": 0.6551724137931034,
        "recall": 0.40425531914893614,
        "f1-score": 0.4999999999999999,
        "support": 47
    },
    "temporal": {
        "precision": 0.45652173913043476,
        "recall": 0.7241379310344828,
        "f1-score": 0.5599999999999999,
        "support": 29
    },
    "topic": {
        "precision": 0.35714285714285715,
        "recall": 0.11904761904761904,
        "f1-score": 0.17857142857142858,
        "support": 42
    },
    "type-of": {
        "precision": 0.9285714285714286,
        "recall": 0.7222222222222222,
        "f1-score": 0.8125000000000001,
        "support": 18
    },
    "usage": {
        "precision": 0.0,
        "recall": 0.0,
        "f1-score": 0.0,
        "support": 2
    },
    "win-defeat": {
        "precision": 0.7192982456140351,
        "recall": 0.845360824742268,
        "f1-score": 0.7772511848341231,
        "support": 97
    },
    "micro avg": {
        "precision": 0.6836477987421383,
        "recall": 0.6701602959309494,
        "f1-score": 0.6768368617683685,
        "support": 1622
    },
    "macro avg": {
        "precision": 999999,
        "recall": 999999,
        "f1-score": 0.3842106514763314,
        "support": 1622
    },
    "weighted avg": {
        "precision": 0.6162925348409382,
        "recall": 0.6701602959309494,
        "f1-score": 0.6302640914602915,
        "support": 1622
    },
    "samples avg": {
        "precision": 0.6836477987421383,
        "recall": 0.6757861635220126,
        "f1-score": 0.6784067085953878,
        "support": 1622
    }
}