{"related-to": {"precision": 0.0, "recall": 0.0, "f1-score": 0.0, "support": 76}, "artifact": {"precision": 0.0, "recall": 0.0, "f1-score": 0.0, "support": 2}, "cause-effect": {"precision": 0.0, "recall": 0.0, "f1-score": 0.0, "support": 0}, "compare": {"precision": 0.0, "recall": 0.0, "f1-score": 0.0, "support": 6}, "general-affiliation": {"precision": 0.0, "recall": 0.0, "f1-score": 0.0, "support": 31}, "named": {"precision": 0.10849056603773585, "recall": 0.17692307692307693, "f1-score": 0.13450292397660818, "support": 130}, "opposite": {"precision": 0.0, "recall": 0.0, "f1-score": 0.0, "support": 53}, "origin": {"precision": 0.09090909090909091, "recall": 0.01818181818181818, "f1-score": 0.0303030303030303, "support": 55}, "part-of": {"precision": 0.07804878048780488, "recall": 0.13675213675213677, "f1-score": 0.09937888198757765, "support": 117}, "physical": {"precision": 0.21388367729831145, "recall": 0.2787286063569682, "f1-score": 0.24203821656050956, "support": 409}, "role": {"precision": 0.4628330995792426, "recall": 0.39520958083832336, "f1-score": 0.4263565891472868, "support": 835}, "social": {"precision": 0.0, "recall": 0.0, "f1-score": 0.0, "support": 21}, "temporal": {"precision": 0.20481927710843373, "recall": 0.05537459283387622, "f1-score": 0.08717948717948716, "support": 307}, "topic": {"precision": 0.0, "recall": 0.0, "f1-score": 0.0, "support": 13}, "type-of": {"precision": 0.0, "recall": 0.0, "f1-score": 0.0, "support": 28}, "usage": {"precision": 0.0, "recall": 0.0, "f1-score": 0.0, "support": 0}, "win-defeat": {"precision": 0.0, "recall": 0.0, "f1-score": 0.0, "support": 41}, "micro avg": {"precision": 0.2736209721463681, "recall": 0.23587570621468926, "f1-score": 0.25335018963337547, "support": 2124}, "macro avg": {"precision": 0.06817555831885998, "recall": 0.06242175364036468, "f1-score": 0.05998583112673527, "support": 2124}, "weighted avg": {"precision": 0.26603533951880654, "recall": 0.23587570621468926, "f1-score": 0.24131113985475883, "support": 2124}, "samples avg": {"precision": 0.2736209721463681, "recall": 0.2364827962861824, "f1-score": 0.24886218823957762, "support": 2124}}