{
    "related-to": {
        "precision": 0.0,
        "recall": 0.0,
        "f1-score": 0.0,
        "support": 76
    },
    "artifact": {
        "precision": 0.4,
        "recall": 1.0,
        "f1-score": 0.5714285714285715,
        "support": 2
    },
    "cause-effect": {
        "precision": 0.0,
        "recall": 0.0,
        "f1-score": 0.0,
        "support": 0
    },
    "compare": {
        "precision": 0.0,
        "recall": 0.0,
        "f1-score": 0.0,
        "support": 6
    },
    "general-affiliation": {
        "precision": 0.3333333333333333,
        "recall": 0.5483870967741935,
        "f1-score": 0.4146341463414634,
        "support": 31
    },
    "named": {
        "precision": 0.42436974789915966,
        "recall": 0.7769230769230769,
        "f1-score": 0.5489130434782609,
        "support": 130
    },
    "opposite": {
        "precision": 0.0,
        "recall": 0.0,
        "f1-score": 0.0,
        "support": 53
    },
    "origin": {
        "precision": 0.17391304347826086,
        "recall": 0.07272727272727272,
        "f1-score": 0.10256410256410256,
        "support": 55
    },
    "part-of": {
        "precision": 0.18421052631578946,
        "recall": 0.23931623931623933,
        "f1-score": 0.20817843866171004,
        "support": 117
    },
    "physical": {
        "precision": 0.6494156928213689,
        "recall": 0.9511002444987775,
        "f1-score": 0.7718253968253967,
        "support": 409
    },
    "role": {
        "precision": 0.7397058823529412,
        "recall": 0.6023952095808384,
        "f1-score": 0.664026402640264,
        "support": 835
    },
    "social": {
        "precision": 0.0,
        "recall": 0.0,
        "f1-score": 0.0,
        "support": 21
    },
    "temporal": {
        "precision": 0.6666666666666666,
        "recall": 0.14332247557003258,
        "f1-score": 0.23592493297587133,
        "support": 307
    },
    "topic": {
        "precision": 0.0,
        "recall": 0.0,
        "f1-score": 0.0,
        "support": 13
    },
    "type-of": {
        "precision": 0.8333333333333334,
        "recall": 0.17857142857142858,
        "f1-score": 0.29411764705882354,
        "support": 28
    },
    "usage": {
        "precision": 0.0,
        "recall": 0.0,
        "f1-score": 0.0,
        "support": 0
    },
    "win-defeat": {
        "precision": 0.0,
        "recall": 0.0,
        "f1-score": 0.0,
        "support": 41
    },
    "micro avg": {
        "precision": 0.5969415619879848,
        "recall": 0.5145951035781544,
        "f1-score": 0.5527180783817952,
        "support": 2124
    },
    "macro avg": {
        "precision": 999999,
        "recall": 999999,
        "f1-score": 0.2541075121316309,
        "support": 2124
    },
    "weighted avg": {
        "precision": 0.5690605836436543,
        "recall": 0.5145951035781544,
        "f1-score": 0.5019566837775469,
        "support": 2124
    },
    "samples avg": {
        "precision": 0.5969415619879848,
        "recall": 0.5445111960677226,
        "f1-score": 0.56198798470781,
        "support": 2124
    }
}