{
    "related-to": {
        "precision": 0.0,
        "recall": 0.0,
        "f1-score": 0.0,
        "support": 76
    },
    "artifact": {
        "precision": 0.0,
        "recall": 0.0,
        "f1-score": 0.0,
        "support": 2
    },
    "cause-effect": {
        "precision": 0.0,
        "recall": 0.0,
        "f1-score": 0.0,
        "support": 0
    },
    "compare": {
        "precision": 0.0,
        "recall": 0.0,
        "f1-score": 0.0,
        "support": 6
    },
    "general-affiliation": {
        "precision": 0.17708333333333334,
        "recall": 0.5483870967741935,
        "f1-score": 0.26771653543307083,
        "support": 31
    },
    "named": {
        "precision": 0.5588235294117647,
        "recall": 0.5846153846153846,
        "f1-score": 0.5714285714285715,
        "support": 130
    },
    "opposite": {
        "precision": 0.04477611940298507,
        "recall": 0.05660377358490566,
        "f1-score": 0.049999999999999996,
        "support": 53
    },
    "origin": {
        "precision": 0.0,
        "recall": 0.0,
        "f1-score": 0.0,
        "support": 55
    },
    "part-of": {
        "precision": 0.17857142857142858,
        "recall": 0.042735042735042736,
        "f1-score": 0.06896551724137932,
        "support": 117
    },
    "physical": {
        "precision": 0.6258278145695364,
        "recall": 0.9242053789731052,
        "f1-score": 0.7462981243830208,
        "support": 409
    },
    "role": {
        "precision": 0.6644518272425249,
        "recall": 0.47904191616766467,
        "f1-score": 0.556715379262352,
        "support": 835
    },
    "social": {
        "precision": 1.0,
        "recall": 0.047619047619047616,
        "f1-score": 0.0909090909090909,
        "support": 21
    },
    "temporal": {
        "precision": 0.8923611111111112,
        "recall": 0.8371335504885994,
        "f1-score": 0.8638655462184874,
        "support": 307
    },
    "topic": {
        "precision": 0.0,
        "recall": 0.0,
        "f1-score": 0.0,
        "support": 13
    },
    "type-of": {
        "precision": 0.0,
        "recall": 0.0,
        "f1-score": 0.0,
        "support": 28
    },
    "usage": {
        "precision": 0.0,
        "recall": 0.0,
        "f1-score": 0.0,
        "support": 0
    },
    "win-defeat": {
        "precision": 0.75,
        "recall": 0.07317073170731707,
        "f1-score": 0.13333333333333333,
        "support": 41
    },
    "micro avg": {
        "precision": 0.622610595303113,
        "recall": 0.536723163841808,
        "f1-score": 0.5764854614412137,
        "support": 2124
    },
    "macro avg": {
        "precision": 999999,
        "recall": 999999,
        "f1-score": 0.22328213988062043,
        "support": 2124
    },
    "weighted avg": {
        "precision": 0.5828099560478521,
        "recall": 0.536723163841808,
        "f1-score": 0.5348303423836788,
        "support": 2124
    },
    "samples avg": {
        "precision": 0.622610595303113,
        "recall": 0.5472419442927362,
        "f1-score": 0.5723648279628618,
        "support": 2124
    }
}