{"related-to": {"precision": 0.05, "recall": 0.013888888888888888, "f1-score": 0.02173913043478261, "support": 72}, "artifact": {"precision": 0.19133574007220217, "recall": 0.17666666666666667, "f1-score": 0.18370883882149047, "support": 300}, "cause-effect": {"precision": 0.0, "recall": 0.0, "f1-score": 0.0, "support": 1}, "compare": {"precision": 0.0, "recall": 0.0, "f1-score": 0.0, "support": 8}, "general-affiliation": {"precision": 0.1991701244813278, "recall": 0.14634146341463414, "f1-score": 0.16871704745166957, "support": 328}, "named": {"precision": 0.08695652173913043, "recall": 0.06382978723404255, "f1-score": 0.0736196319018405, "support": 94}, "opposite": {"precision": 0.0, "recall": 0.0, "f1-score": 0.0, "support": 14}, "origin": {"precision": 0.027777777777777776, "recall": 0.0425531914893617, "f1-score": 0.033613445378151266, "support": 47}, "part-of": {"precision": 0.04697986577181208, "recall": 0.07291666666666667, "f1-score": 0.05714285714285715, "support": 96}, "physical": {"precision": 0.10526315789473684, "recall": 0.12643678160919541, "f1-score": 0.11488250652741515, "support": 174}, "role": {"precision": 0.17042606516290726, "recall": 0.26877470355731226, "f1-score": 0.20858895705521474, "support": 253}, "social": {"precision": 0.0, "recall": 0.0, "f1-score": 0.0, "support": 47}, "temporal": {"precision": 0.0, "recall": 0.0, "f1-score": 0.0, "support": 29}, "topic": {"precision": 0.047619047619047616, "recall": 0.023809523809523808, "f1-score": 0.031746031746031744, "support": 42}, "type-of": {"precision": 0.0, "recall": 0.0, "f1-score": 0.0, "support": 18}, "usage": {"precision": 0.0, "recall": 0.0, "f1-score": 0.0, "support": 2}, "win-defeat": {"precision": 0.0875, "recall": 0.07216494845360824, "f1-score": 0.0790960451977401, "support": 97}, "micro avg": {"precision": 0.13522012578616352, "recall": 0.13255240443896424, "f1-score": 0.13387297633872974, "support": 1622}, "macro avg": {"precision": 0.059589900030526, "recall": 0.05925780128175885, "f1-score": 0.057226734803364314, "support": 1622}, "weighted avg": {"precision": 0.1308502728264881, "recall": 0.13255240443896424, "f1-score": 0.1280956006210932, "support": 1622}, "samples avg": {"precision": 0.13522012578616352, "recall": 0.13364779874213836, "f1-score": 0.1341719077568134, "support": 1622}}