{
    "related-to": {
        "precision": 0.23404255319148937,
        "recall": 0.1527777777777778,
        "f1-score": 0.18487394957983194,
        "support": 72
    },
    "artifact": {
        "precision": 0.6984126984126984,
        "recall": 0.7333333333333333,
        "f1-score": 0.7154471544715446,
        "support": 300
    },
    "cause-effect": {
        "precision": 0.0,
        "recall": 0.0,
        "f1-score": 0.0,
        "support": 1
    },
    "compare": {
        "precision": 0.0,
        "recall": 0.0,
        "f1-score": 0.0,
        "support": 8
    },
    "general-affiliation": {
        "precision": 0.8105726872246696,
        "recall": 0.5609756097560976,
        "f1-score": 0.6630630630630631,
        "support": 328
    },
    "named": {
        "precision": 0.6666666666666666,
        "recall": 0.5106382978723404,
        "f1-score": 0.5783132530120482,
        "support": 94
    },
    "opposite": {
        "precision": 0.375,
        "recall": 0.21428571428571427,
        "f1-score": 0.2727272727272727,
        "support": 14
    },
    "origin": {
        "precision": 0.2,
        "recall": 0.3617021276595745,
        "f1-score": 0.25757575757575757,
        "support": 47
    },
    "part-of": {
        "precision": 0.16363636363636364,
        "recall": 0.1875,
        "f1-score": 0.17475728155339806,
        "support": 96
    },
    "physical": {
        "precision": 0.7318435754189944,
        "recall": 0.7528735632183908,
        "f1-score": 0.7422096317280452,
        "support": 174
    },
    "role": {
        "precision": 0.44963144963144963,
        "recall": 0.7233201581027668,
        "f1-score": 0.5545454545454546,
        "support": 253
    },
    "social": {
        "precision": 0.0,
        "recall": 0.0,
        "f1-score": 0.0,
        "support": 47
    },
    "temporal": {
        "precision": 0.6666666666666666,
        "recall": 0.6896551724137931,
        "f1-score": 0.6779661016949153,
        "support": 29
    },
    "topic": {
        "precision": 0.0,
        "recall": 0.0,
        "f1-score": 0.0,
        "support": 42
    },
    "type-of": {
        "precision": 0.7894736842105263,
        "recall": 0.8333333333333334,
        "f1-score": 0.8108108108108109,
        "support": 18
    },
    "usage": {
        "precision": 0.0,
        "recall": 0.0,
        "f1-score": 0.0,
        "support": 2
    },
    "win-defeat": {
        "precision": 0.6705882352941176,
        "recall": 0.5876288659793815,
        "f1-score": 0.6263736263736264,
        "support": 97
    },
    "micro avg": {
        "precision": 0.570440251572327,
        "recall": 0.5591861898890259,
        "f1-score": 0.5647571606475716,
        "support": 1622
    },
    "macro avg": {
        "precision": 999999,
        "recall": 999999,
        "f1-score": 0.3681566680668099,
        "support": 1622
    },
    "weighted avg": {
        "precision": 0.57025704666545,
        "recall": 0.5591861898890259,
        "f1-score": 0.5529904265444303,
        "support": 1622
    },
    "samples avg": {
        "precision": 0.570440251572327,
        "recall": 0.5638364779874214,
        "f1-score": 0.5660377358490566,
        "support": 1622
    }
}