{"related-to": {"precision": 0.0, "recall": 0.0, "f1-score": 0.0, "support": 26}, "artifact": {"precision": 0.1016949152542373, "recall": 0.11583011583011583, "f1-score": 0.10830324909747294, "support": 259}, "cause-effect": {"precision": 0.0, "recall": 0.0, "f1-score": 0.0, "support": 4}, "compare": {"precision": 0.0, "recall": 0.0, "f1-score": 0.0, "support": 5}, "general-affiliation": {"precision": 0.2967479674796748, "recall": 0.20221606648199447, "f1-score": 0.24052718286655683, "support": 722}, "named": {"precision": 0.023255813953488372, "recall": 0.012048192771084338, "f1-score": 0.015873015873015876, "support": 83}, "opposite": {"precision": 0.0, "recall": 0.0, "f1-score": 0.0, "support": 6}, "origin": {"precision": 0.0, "recall": 0.0, "f1-score": 0.0, "support": 19}, "part-of": {"precision": 0.06060606060606061, "recall": 0.07954545454545454, "f1-score": 0.06879606879606881, "support": 176}, "physical": {"precision": 0.20430107526881722, "recall": 0.18225419664268586, "f1-score": 0.1926489226869455, "support": 417}, "role": {"precision": 0.192, "recall": 0.316622691292876, "f1-score": 0.23904382470119526, "support": 379}, "social": {"precision": 0.0, "recall": 0.0, "f1-score": 0.0, "support": 22}, "temporal": {"precision": 0.022222222222222223, "recall": 0.041666666666666664, "f1-score": 0.028985507246376815, "support": 24}, "topic": {"precision": 0.0, "recall": 0.0, "f1-score": 0.0, "support": 8}, "type-of": {"precision": 0.0975609756097561, "recall": 0.03361344537815126, "f1-score": 0.05, "support": 119}, "usage": {"precision": 0.0, "recall": 0.0, "f1-score": 0.0, "support": 52}, "win-defeat": {"precision": 0.04285714285714286, "recall": 0.06451612903225806, "f1-score": 0.05150214592274678, "support": 93}, "micro avg": {"precision": 0.17066895368782162, "recall": 0.16487158243579123, "f1-score": 0.16772018541930048, "support": 2414}, "macro avg": {"precision": 0.06124977489714114, "recall": 0.06166546815536982, "f1-score": 0.058569406893551695, "support": 2414}, "weighted avg": {"precision": 0.1770001105632495, "recall": 0.16487158243579123, "f1-score": 0.16466623779552847, "support": 2414}, "samples avg": {"precision": 0.17066895368782162, "recall": 0.16545168667810178, "f1-score": 0.16716695254431105, "support": 2414}}