{"related-to": {"precision": 0.09186351706036745, "recall": 0.32407407407407407, "f1-score": 0.14314928425357873, "support": 108}, "artifact": {"precision": 0.02040816326530612, "recall": 0.024390243902439025, "f1-score": 0.02222222222222222, "support": 41}, "cause-effect": {"precision": 0.0, "recall": 0.0, "f1-score": 0.0, "support": 5}, "compare": {"precision": 0.0, "recall": 0.0, "f1-score": 0.0, "support": 24}, "general-affiliation": {"precision": 0.13333333333333333, "recall": 0.16, "f1-score": 0.14545454545454545, "support": 75}, "named": {"precision": 0.11682242990654206, "recall": 0.17985611510791366, "f1-score": 0.14164305949008496, "support": 139}, "opposite": {"precision": 0.0, "recall": 0.0, "f1-score": 0.0, "support": 11}, "origin": {"precision": 0.10810810810810811, "recall": 0.0449438202247191, "f1-score": 0.06349206349206349, "support": 89}, "part-of": {"precision": 0.17647058823529413, "recall": 0.11214953271028037, "f1-score": 0.13714285714285715, "support": 214}, "physical": {"precision": 0.054945054945054944, "recall": 0.049019607843137254, "f1-score": 0.05181347150259068, "support": 102}, "role": {"precision": 0.06422018348623854, "recall": 0.06422018348623854, "f1-score": 0.06422018348623854, "support": 109}, "social": {"precision": 0.0, "recall": 0.0, "f1-score": 0.0, "support": 1}, "temporal": {"precision": 0.0, "recall": 0.0, "f1-score": 0.0, "support": 21}, "topic": {"precision": 0.0, "recall": 0.0, "f1-score": 0.0, "support": 41}, "type-of": {"precision": 0.0, "recall": 0.0, "f1-score": 0.0, "support": 54}, "usage": {"precision": 0.0, "recall": 0.0, "f1-score": 0.0, "support": 122}, "win-defeat": {"precision": 0.0, "recall": 0.0, "f1-score": 0.0, "support": 7}, "micro avg": {"precision": 0.1002661934338953, "recall": 0.09716251074806535, "f1-score": 0.09868995633187773, "support": 1163}, "macro avg": {"precision": 0.04506890460824969, "recall": 0.05639138690287071, "f1-score": 0.045243393355540076, "support": 1163}, "weighted avg": {"precision": 0.08339383955440821, "recall": 0.09716251074806535, "f1-score": 0.08104303453253625, "support": 1163}, "samples avg": {"precision": 0.1002661934338953, "recall": 0.09893522626441881, "f1-score": 0.09937888198757763, "support": 1163}}