{
    "related-to": {
        "precision": 0.23605150214592274,
        "recall": 0.5092592592592593,
        "f1-score": 0.3225806451612903,
        "support": 108
    },
    "artifact": {
        "precision": 0.34615384615384615,
        "recall": 0.43902439024390244,
        "f1-score": 0.3870967741935483,
        "support": 41
    },
    "cause-effect": {
        "precision": 0.0,
        "recall": 0.0,
        "f1-score": 0.0,
        "support": 5
    },
    "compare": {
        "precision": 0.0,
        "recall": 0.0,
        "f1-score": 0.0,
        "support": 24
    },
    "general-affiliation": {
        "precision": 0.12871287128712872,
        "recall": 0.17333333333333334,
        "f1-score": 0.14772727272727273,
        "support": 75
    },
    "named": {
        "precision": 0.7019867549668874,
        "recall": 0.762589928057554,
        "f1-score": 0.7310344827586207,
        "support": 139
    },
    "opposite": {
        "precision": 0.6666666666666666,
        "recall": 0.18181818181818182,
        "f1-score": 0.28571428571428575,
        "support": 11
    },
    "origin": {
        "precision": 0.47619047619047616,
        "recall": 0.2247191011235955,
        "f1-score": 0.30534351145038163,
        "support": 89
    },
    "part-of": {
        "precision": 0.3593220338983051,
        "recall": 0.4953271028037383,
        "f1-score": 0.4165029469548133,
        "support": 214
    },
    "physical": {
        "precision": 0.8613861386138614,
        "recall": 0.8529411764705882,
        "f1-score": 0.8571428571428572,
        "support": 102
    },
    "role": {
        "precision": 0.5769230769230769,
        "recall": 0.6880733944954128,
        "f1-score": 0.6276150627615062,
        "support": 109
    },
    "social": {
        "precision": 0.0,
        "recall": 0.0,
        "f1-score": 0.0,
        "support": 1
    },
    "temporal": {
        "precision": 0.5294117647058824,
        "recall": 0.42857142857142855,
        "f1-score": 0.4736842105263158,
        "support": 21
    },
    "topic": {
        "precision": 0.0,
        "recall": 0.0,
        "f1-score": 0.0,
        "support": 41
    },
    "type-of": {
        "precision": 0.0,
        "recall": 0.0,
        "f1-score": 0.0,
        "support": 54
    },
    "usage": {
        "precision": 0.0,
        "recall": 0.0,
        "f1-score": 0.0,
        "support": 122
    },
    "win-defeat": {
        "precision": 1.0,
        "recall": 0.2857142857142857,
        "f1-score": 0.4444444444444445,
        "support": 7
    },
    "micro avg": {
        "precision": 0.43744454303460517,
        "recall": 0.4239036973344798,
        "f1-score": 0.4305676855895197,
        "support": 1163
    },
    "macro avg": {
        "precision": 999999,
        "recall": 999999,
        "f1-score": 0.2940521466961963,
        "support": 1163
    },
    "weighted avg": {
        "precision": 0.3803855062438307,
        "recall": 0.4239036973344798,
        "f1-score": 0.38843522707597505,
        "support": 1163
    },
    "samples avg": {
        "precision": 0.43744454303460517,
        "recall": 0.4262052647145815,
        "f1-score": 0.429902395740905,
        "support": 1163
    }
}