{"related-to": {"precision": 0.0, "recall": 0.0, "f1-score": 0.0, "support": 6}, "artifact": {"precision": 0.0, "recall": 0.0, "f1-score": 0.0, "support": 0}, "cause-effect": {"precision": 0.0, "recall": 0.0, "f1-score": 0.0, "support": 0}, "compare": {"precision": 0.0, "recall": 0.0, "f1-score": 0.0, "support": 0}, "general-affiliation": {"precision": 0.018518518518518517, "recall": 0.1, "f1-score": 0.03125, "support": 10}, "named": {"precision": 0.0, "recall": 0.0, "f1-score": 0.0, "support": 4}, "opposite": {"precision": 0.0, "recall": 0.0, "f1-score": 0.0, "support": 39}, "origin": {"precision": 0.0, "recall": 0.0, "f1-score": 0.0, "support": 0}, "part-of": {"precision": 0.043478260869565216, "recall": 0.03571428571428571, "f1-score": 0.0392156862745098, "support": 28}, "physical": {"precision": 0.30128205128205127, "recall": 0.3643410852713178, "f1-score": 0.32982456140350874, "support": 129}, "role": {"precision": 0.33035714285714285, "recall": 0.2569444444444444, "f1-score": 0.2890625, "support": 144}, "social": {"precision": 0.0, "recall": 0.0, "f1-score": 0.0, "support": 0}, "temporal": {"precision": 0.0, "recall": 0.0, "f1-score": 0.0, "support": 1}, "topic": {"precision": 0.0, "recall": 0.0, "f1-score": 0.0, "support": 0}, "type-of": {"precision": 0.0, "recall": 0.0, "f1-score": 0.0, "support": 0}, "usage": {"precision": 0.0, "recall": 0.0, "f1-score": 0.0, "support": 0}, "win-defeat": {"precision": 0.0, "recall": 0.0, "f1-score": 0.0, "support": 35}, "micro avg": {"precision": 0.21717171717171718, "recall": 0.21717171717171718, "f1-score": 0.2171717171717172, "support": 396}, "macro avg": {"precision": 0.04080211608983987, "recall": 0.044529400907649876, "f1-score": 0.04055016162811874, "support": 396}, "weighted avg": {"precision": 0.22181664059683384, "recall": 0.21717171717171718, "f1-score": 0.2161184536281285, "support": 396}, "samples avg": {"precision": 0.21717171717171718, "recall": 0.21717171717171718, "f1-score": 0.21717171717171718, "support": 396}}