{"related-to": {"precision": 0.11864406779661017, "recall": 0.2777777777777778, "f1-score": 0.166270783847981, "support": 126}, "artifact": {"precision": 0.0, "recall": 0.0, "f1-score": 0.0, "support": 33}, "cause-effect": {"precision": 0.0, "recall": 0.0, "f1-score": 0.0, "support": 76}, "compare": {"precision": 0.0, "recall": 0.0, "f1-score": 0.0, "support": 39}, "general-affiliation": {"precision": 0.0625, "recall": 0.1095890410958904, "f1-score": 0.07960199004975124, "support": 73}, "named": {"precision": 0.0625, "recall": 0.10185185185185185, "f1-score": 0.07746478873239436, "support": 108}, "opposite": {"precision": 0.0, "recall": 0.0, "f1-score": 0.0, "support": 5}, "origin": {"precision": 0.030303030303030304, "recall": 0.010638297872340425, "f1-score": 0.015748031496062992, "support": 94}, "part-of": {"precision": 0.0514018691588785, "recall": 0.12222222222222222, "f1-score": 0.07236842105263158, "support": 90}, "physical": {"precision": 0.18090452261306533, "recall": 0.16071428571428573, "f1-score": 0.17021276595744683, "support": 224}, "role": {"precision": 0.22560975609756098, "recall": 0.12937062937062938, "f1-score": 0.16444444444444448, "support": 286}, "social": {"precision": 0.0, "recall": 0.0, "f1-score": 0.0, "support": 14}, "temporal": {"precision": 0.0, "recall": 0.0, "f1-score": 0.0, "support": 26}, "topic": {"precision": 0.0, "recall": 0.0, "f1-score": 0.0, "support": 66}, "type-of": {"precision": 0.25, "recall": 0.02564102564102564, "f1-score": 0.04651162790697674, "support": 117}, "usage": {"precision": 0.0, "recall": 0.0, "f1-score": 0.0, "support": 24}, "win-defeat": {"precision": 0.043478260869565216, "recall": 0.045454545454545456, "f1-score": 0.04444444444444444, "support": 44}, "micro avg": {"precision": 0.10344827586206896, "recall": 0.09965397923875433, "f1-score": 0.1015156855833627, "support": 1445}, "macro avg": {"precision": 0.06031420628463002, "recall": 0.057838804529445224, "f1-score": 0.04923925281953727, "support": 1445}, "weighted avg": {"precision": 0.11760993245857908, "recall": 0.09965397923875433, "f1-score": 0.09389406282573969, "support": 1445}, "samples avg": {"precision": 0.10344827586206896, "recall": 0.09770114942528736, "f1-score": 0.09961685823754789, "support": 1445}}