{"related-to": {"precision": 0.10211267605633803, "recall": 0.23015873015873015, "f1-score": 0.14146341463414633, "support": 126}, "artifact": {"precision": 0.0, "recall": 0.0, "f1-score": 0.0, "support": 33}, "cause-effect": {"precision": 0.0, "recall": 0.0, "f1-score": 0.0, "support": 76}, "compare": {"precision": 0.0, "recall": 0.0, "f1-score": 0.0, "support": 39}, "general-affiliation": {"precision": 0.09230769230769231, "recall": 0.0821917808219178, "f1-score": 0.08695652173913043, "support": 73}, "named": {"precision": 0.1, "recall": 0.2222222222222222, "f1-score": 0.13793103448275865, "support": 108}, "opposite": {"precision": 0.0, "recall": 0.0, "f1-score": 0.0, "support": 5}, "origin": {"precision": 0.0851063829787234, "recall": 0.0425531914893617, "f1-score": 0.056737588652482275, "support": 94}, "part-of": {"precision": 0.06463878326996197, "recall": 0.18888888888888888, "f1-score": 0.09631728045325778, "support": 90}, "physical": {"precision": 0.14516129032258066, "recall": 0.12053571428571429, "f1-score": 0.13170731707317074, "support": 224}, "role": {"precision": 0.2, "recall": 0.15384615384615385, "f1-score": 0.17391304347826086, "support": 286}, "social": {"precision": 0.0, "recall": 0.0, "f1-score": 0.0, "support": 14}, "temporal": {"precision": 0.0, "recall": 0.0, "f1-score": 0.0, "support": 26}, "topic": {"precision": 0.0, "recall": 0.0, "f1-score": 0.0, "support": 66}, "type-of": {"precision": 0.0, "recall": 0.0, "f1-score": 0.0, "support": 117}, "usage": {"precision": 0.0, "recall": 0.0, "f1-score": 0.0, "support": 24}, "win-defeat": {"precision": 0.0, "recall": 0.0, "f1-score": 0.0, "support": 44}, "micro avg": {"precision": 0.10847701149425287, "recall": 0.10449826989619378, "f1-score": 0.10645047585477618, "support": 1445}, "macro avg": {"precision": 0.04643098970207626, "recall": 0.0611998048066464, "f1-score": 0.04853095297136513, "support": 1445}, "weighted avg": {"precision": 0.09269084999869535, "recall": 0.10449826989619378, "f1-score": 0.09156555438636421, "support": 1445}, "samples avg": {"precision": 0.10847701149425287, "recall": 0.10308908045977011, "f1-score": 0.10488505747126436, "support": 1445}}