{
    "related-to": {
        "precision": 0.3127413127413127,
        "recall": 0.6428571428571429,
        "f1-score": 0.4207792207792208,
        "support": 126
    },
    "artifact": {
        "precision": 0.5757575757575758,
        "recall": 0.5757575757575758,
        "f1-score": 0.5757575757575758,
        "support": 33
    },
    "cause-effect": {
        "precision": 0.0,
        "recall": 0.0,
        "f1-score": 0.0,
        "support": 76
    },
    "compare": {
        "precision": 0.0,
        "recall": 0.0,
        "f1-score": 0.0,
        "support": 39
    },
    "general-affiliation": {
        "precision": 0.21052631578947367,
        "recall": 0.3835616438356164,
        "f1-score": 0.27184466019417475,
        "support": 73
    },
    "named": {
        "precision": 0.3470319634703196,
        "recall": 0.7037037037037037,
        "f1-score": 0.4648318042813455,
        "support": 108
    },
    "opposite": {
        "precision": 0.0,
        "recall": 0.0,
        "f1-score": 0.0,
        "support": 5
    },
    "origin": {
        "precision": 0.42857142857142855,
        "recall": 0.19148936170212766,
        "f1-score": 0.2647058823529412,
        "support": 94
    },
    "part-of": {
        "precision": 0.08163265306122448,
        "recall": 0.17777777777777778,
        "f1-score": 0.11188811188811187,
        "support": 90
    },
    "physical": {
        "precision": 0.7478991596638656,
        "recall": 0.7946428571428571,
        "f1-score": 0.7705627705627704,
        "support": 224
    },
    "role": {
        "precision": 0.5603864734299517,
        "recall": 0.40559440559440557,
        "f1-score": 0.47058823529411764,
        "support": 286
    },
    "social": {
        "precision": 0.0,
        "recall": 0.0,
        "f1-score": 0.0,
        "support": 14
    },
    "temporal": {
        "precision": 0.75,
        "recall": 0.6923076923076923,
        "f1-score": 0.7199999999999999,
        "support": 26
    },
    "topic": {
        "precision": 0.0,
        "recall": 0.0,
        "f1-score": 0.0,
        "support": 66
    },
    "type-of": {
        "precision": 0.6666666666666666,
        "recall": 0.017094017094017096,
        "f1-score": 0.03333333333333333,
        "support": 117
    },
    "usage": {
        "precision": 0.0,
        "recall": 0.0,
        "f1-score": 0.0,
        "support": 24
    },
    "win-defeat": {
        "precision": 0.7058823529411765,
        "recall": 0.5454545454545454,
        "f1-score": 0.6153846153846153,
        "support": 44
    },
    "micro avg": {
        "precision": 0.41379310344827586,
        "recall": 0.3986159169550173,
        "f1-score": 0.4060627423334508,
        "support": 1445
    },
    "macro avg": {
        "precision": 999999,
        "recall": 999999,
        "f1-score": 0.27762801234283563,
        "support": 1445
    },
    "weighted avg": {
        "precision": 0.4257748776949065,
        "recall": 0.3986159169550173,
        "f1-score": 0.36948662897089946,
        "support": 1445
    },
    "samples avg": {
        "precision": 0.41379310344827586,
        "recall": 0.39655172413793105,
        "f1-score": 0.40229885057471265,
        "support": 1445
    }
}