{"related-to": {"precision": 0.018867924528301886, "recall": 0.013888888888888888, "f1-score": 0.015999999999999997, "support": 72}, "artifact": {"precision": 0.2111368909512761, "recall": 0.30333333333333334, "f1-score": 0.24897400820793436, "support": 300}, "cause-effect": {"precision": 0.0, "recall": 0.0, "f1-score": 0.0, "support": 1}, "compare": {"precision": 0.0, "recall": 0.0, "f1-score": 0.0, "support": 8}, "general-affiliation": {"precision": 0.19135802469135801, "recall": 0.09451219512195122, "f1-score": 0.12653061224489798, "support": 328}, "named": {"precision": 0.12, "recall": 0.09574468085106383, "f1-score": 0.10650887573964497, "support": 94}, "opposite": {"precision": 0.0, "recall": 0.0, "f1-score": 0.0, "support": 14}, "origin": {"precision": 0.03571428571428571, "recall": 0.0425531914893617, "f1-score": 0.038834951456310676, "support": 47}, "part-of": {"precision": 0.11538461538461539, "recall": 0.0625, "f1-score": 0.08108108108108109, "support": 96}, "physical": {"precision": 0.10849056603773585, "recall": 0.13218390804597702, "f1-score": 0.11917098445595856, "support": 174}, "role": {"precision": 0.1424731182795699, "recall": 0.20948616600790515, "f1-score": 0.16960000000000003, "support": 253}, "social": {"precision": 0.0, "recall": 0.0, "f1-score": 0.0, "support": 47}, "temporal": {"precision": 0.043478260869565216, "recall": 0.06896551724137931, "f1-score": 0.05333333333333333, "support": 29}, "topic": {"precision": 0.0, "recall": 0.0, "f1-score": 0.0, "support": 42}, "type-of": {"precision": 0.0, "recall": 0.0, "f1-score": 0.0, "support": 18}, "usage": {"precision": 0.0, "recall": 0.0, "f1-score": 0.0, "support": 2}, "win-defeat": {"precision": 0.09166666666666666, "recall": 0.1134020618556701, "f1-score": 0.10138248847926268, "support": 97}, "micro avg": {"precision": 0.1440251572327044, "recall": 0.14118372379778052, "f1-score": 0.14259028642590285, "support": 1622}, "macro avg": {"precision": 0.06344531488961026, "recall": 0.06685705546091357, "f1-score": 0.06243625499990727, "support": 1622}, "weighted avg": {"precision": 0.13352409254183834, "recall": 0.14118372379778052, "f1-score": 0.13069816488591604, "support": 1622}, "samples avg": {"precision": 0.1440251572327044, "recall": 0.14276729559748427, "f1-score": 0.1431865828092243, "support": 1622}}