{
    "related-to": {
        "precision": 0.13793103448275862,
        "recall": 0.05555555555555555,
        "f1-score": 0.07920792079207921,
        "support": 72
    },
    "artifact": {
        "precision": 0.5565610859728507,
        "recall": 0.82,
        "f1-score": 0.6630727762803234,
        "support": 300
    },
    "cause-effect": {
        "precision": 0.0,
        "recall": 0.0,
        "f1-score": 0.0,
        "support": 1
    },
    "compare": {
        "precision": 0.0,
        "recall": 0.0,
        "f1-score": 0.0,
        "support": 8
    },
    "general-affiliation": {
        "precision": 0.8222222222222222,
        "recall": 0.22560975609756098,
        "f1-score": 0.35406698564593303,
        "support": 328
    },
    "named": {
        "precision": 0.4642857142857143,
        "recall": 0.5531914893617021,
        "f1-score": 0.5048543689320388,
        "support": 94
    },
    "opposite": {
        "precision": 0.5,
        "recall": 0.14285714285714285,
        "f1-score": 0.22222222222222224,
        "support": 14
    },
    "origin": {
        "precision": 0.26785714285714285,
        "recall": 0.3191489361702128,
        "f1-score": 0.2912621359223301,
        "support": 47
    },
    "part-of": {
        "precision": 0.17204301075268819,
        "recall": 0.16666666666666666,
        "f1-score": 0.1693121693121693,
        "support": 96
    },
    "physical": {
        "precision": 0.7727272727272727,
        "recall": 0.8793103448275862,
        "f1-score": 0.8225806451612904,
        "support": 174
    },
    "role": {
        "precision": 0.45320197044334976,
        "recall": 0.7272727272727273,
        "f1-score": 0.558421851289833,
        "support": 253
    },
    "social": {
        "precision": 0.0,
        "recall": 0.0,
        "f1-score": 0.0,
        "support": 47
    },
    "temporal": {
        "precision": 0.5111111111111111,
        "recall": 0.7931034482758621,
        "f1-score": 0.6216216216216216,
        "support": 29
    },
    "topic": {
        "precision": 0.0,
        "recall": 0.0,
        "f1-score": 0.0,
        "support": 42
    },
    "type-of": {
        "precision": 0.8888888888888888,
        "recall": 0.4444444444444444,
        "f1-score": 0.5925925925925926,
        "support": 18
    },
    "usage": {
        "precision": 0.0,
        "recall": 0.0,
        "f1-score": 0.0,
        "support": 2
    },
    "win-defeat": {
        "precision": 0.660377358490566,
        "recall": 0.7216494845360825,
        "f1-score": 0.689655172413793,
        "support": 97
    },
    "micro avg": {
        "precision": 0.5327044025157233,
        "recall": 0.5221948212083847,
        "f1-score": 0.5273972602739726,
        "support": 1622
    },
    "macro avg": {
        "precision": 999999,
        "recall": 999999,
        "f1-score": 0.3275806154227192,
        "support": 1622
    },
    "weighted avg": {
        "precision": 0.5365782928640096,
        "recall": 0.5221948212083847,
        "f1-score": 0.4816704629828959,
        "support": 1622
    },
    "samples avg": {
        "precision": 0.5327044025157233,
        "recall": 0.5267295597484277,
        "f1-score": 0.5287211740041929,
        "support": 1622
    }
}