{
    "related-to": {
        "precision": 0.0,
        "recall": 0.0,
        "f1-score": 0.0,
        "support": 76
    },
    "artifact": {
        "precision": 0.0,
        "recall": 0.0,
        "f1-score": 0.0,
        "support": 2
    },
    "cause-effect": {
        "precision": 0.0,
        "recall": 0.0,
        "f1-score": 0.0,
        "support": 0
    },
    "compare": {
        "precision": 0.0,
        "recall": 0.0,
        "f1-score": 0.0,
        "support": 6
    },
    "general-affiliation": {
        "precision": 0.13829787234042554,
        "recall": 0.41935483870967744,
        "f1-score": 0.20800000000000002,
        "support": 31
    },
    "named": {
        "precision": 0.5528455284552846,
        "recall": 0.5230769230769231,
        "f1-score": 0.5375494071146245,
        "support": 130
    },
    "opposite": {
        "precision": 0.06451612903225806,
        "recall": 0.03773584905660377,
        "f1-score": 0.04761904761904762,
        "support": 53
    },
    "origin": {
        "precision": 0.0,
        "recall": 0.0,
        "f1-score": 0.0,
        "support": 55
    },
    "part-of": {
        "precision": 0.0,
        "recall": 0.0,
        "f1-score": 0.0,
        "support": 117
    },
    "physical": {
        "precision": 0.6247544204322201,
        "recall": 0.7775061124694377,
        "f1-score": 0.69281045751634,
        "support": 409
    },
    "role": {
        "precision": 0.5907335907335908,
        "recall": 0.5497005988023952,
        "f1-score": 0.5694789081885856,
        "support": 835
    },
    "social": {
        "precision": 0.0,
        "recall": 0.0,
        "f1-score": 0.0,
        "support": 21
    },
    "temporal": {
        "precision": 0.8904109589041096,
        "recall": 0.8469055374592834,
        "f1-score": 0.8681135225375627,
        "support": 307
    },
    "topic": {
        "precision": 0.0,
        "recall": 0.0,
        "f1-score": 0.0,
        "support": 13
    },
    "type-of": {
        "precision": 0.0,
        "recall": 0.0,
        "f1-score": 0.0,
        "support": 28
    },
    "usage": {
        "precision": 0.0,
        "recall": 0.0,
        "f1-score": 0.0,
        "support": 0
    },
    "win-defeat": {
        "precision": 0.0,
        "recall": 0.0,
        "f1-score": 0.0,
        "support": 41
    },
    "micro avg": {
        "precision": 0.6116876024030584,
        "recall": 0.527306967984934,
        "f1-score": 0.5663716814159292,
        "support": 2124
    },
    "macro avg": {
        "precision": 999999,
        "recall": 999999,
        "f1-score": 0.1949047561984107,
        "support": 2124
    },
    "weighted avg": {
        "precision": 0.5187004605382947,
        "recall": 0.527306967984934,
        "f1-score": 0.519886275578811,
        "support": 2124
    },
    "samples avg": {
        "precision": 0.6116876024030584,
        "recall": 0.5333151283451666,
        "f1-score": 0.5594392863644638,
        "support": 2124
    }
}