{"related-to": {"precision": 0.02631578947368421, "recall": 0.013157894736842105, "f1-score": 0.017543859649122806, "support": 76}, "artifact": {"precision": 0.0, "recall": 0.0, "f1-score": 0.0, "support": 2}, "cause-effect": {"precision": 0.0, "recall": 0.0, "f1-score": 0.0, "support": 0}, "compare": {"precision": 0.0, "recall": 0.0, "f1-score": 0.0, "support": 6}, "general-affiliation": {"precision": 0.0, "recall": 0.0, "f1-score": 0.0, "support": 31}, "named": {"precision": 0.05785123966942149, "recall": 0.05384615384615385, "f1-score": 0.05577689243027889, "support": 130}, "opposite": {"precision": 0.0, "recall": 0.0, "f1-score": 0.0, "support": 53}, "origin": {"precision": 0.044444444444444446, "recall": 0.03636363636363636, "f1-score": 0.04, "support": 55}, "part-of": {"precision": 0.07534246575342465, "recall": 0.09401709401709402, "f1-score": 0.08365019011406845, "support": 117}, "physical": {"precision": 0.22495894909688013, "recall": 0.33496332518337407, "f1-score": 0.2691552062868369, "support": 409}, "role": {"precision": 0.4576271186440678, "recall": 0.32335329341317365, "f1-score": 0.37894736842105264, "support": 835}, "social": {"precision": 0.0, "recall": 0.0, "f1-score": 0.0, "support": 21}, "temporal": {"precision": 0.16304347826086957, "recall": 0.09771986970684039, "f1-score": 0.12219959266802445, "support": 307}, "topic": {"precision": 0.0, "recall": 0.0, "f1-score": 0.0, "support": 13}, "type-of": {"precision": 0.0, "recall": 0.0, "f1-score": 0.0, "support": 28}, "usage": {"precision": 0.0, "recall": 0.0, "f1-score": 0.0, "support": 0}, "win-defeat": {"precision": 0.0, "recall": 0.0, "f1-score": 0.0, "support": 41}, "micro avg": {"precision": 0.2501365374112507, "recall": 0.21563088512241055, "f1-score": 0.23160556257901393, "support": 2124}, "macro avg": {"precision": 0.06174020502016425, "recall": 0.05608360395688909, "f1-score": 0.056898418209963775, "support": 2124}, "weighted avg": {"precision": 0.25657315262199976, "recall": 0.21563088512241055, "f1-score": 0.22815075731854725, "support": 2124}, "samples avg": {"precision": 0.2501365374112507, "recall": 0.21873293282359366, "f1-score": 0.22920080101947932, "support": 2124}}