{
    "related-to": {
        "precision": 0.09803921568627451,
        "recall": 0.06578947368421052,
        "f1-score": 0.07874015748031496,
        "support": 76
    },
    "artifact": {
        "precision": 0.3333333333333333,
        "recall": 0.5,
        "f1-score": 0.4,
        "support": 2
    },
    "cause-effect": {
        "precision": 0.0,
        "recall": 0.0,
        "f1-score": 0.0,
        "support": 0
    },
    "compare": {
        "precision": 0.0,
        "recall": 0.0,
        "f1-score": 0.0,
        "support": 6
    },
    "general-affiliation": {
        "precision": 0.3235294117647059,
        "recall": 0.7096774193548387,
        "f1-score": 0.4444444444444445,
        "support": 31
    },
    "named": {
        "precision": 0.7226277372262774,
        "recall": 0.7615384615384615,
        "f1-score": 0.7415730337078651,
        "support": 130
    },
    "opposite": {
        "precision": 0.375,
        "recall": 0.05660377358490566,
        "f1-score": 0.09836065573770493,
        "support": 53
    },
    "origin": {
        "precision": 0.225,
        "recall": 0.16363636363636364,
        "f1-score": 0.1894736842105263,
        "support": 55
    },
    "part-of": {
        "precision": 0.26126126126126126,
        "recall": 0.24786324786324787,
        "f1-score": 0.2543859649122807,
        "support": 117
    },
    "physical": {
        "precision": 0.620253164556962,
        "recall": 0.9584352078239609,
        "f1-score": 0.7531219980787703,
        "support": 409
    },
    "role": {
        "precision": 0.7386569872958257,
        "recall": 0.4874251497005988,
        "f1-score": 0.5873015873015872,
        "support": 835
    },
    "social": {
        "precision": 0.1875,
        "recall": 0.14285714285714285,
        "f1-score": 0.16216216216216214,
        "support": 21
    },
    "temporal": {
        "precision": 0.819047619047619,
        "recall": 0.5602605863192183,
        "f1-score": 0.665377176015474,
        "support": 307
    },
    "topic": {
        "precision": 0.0,
        "recall": 0.0,
        "f1-score": 0.0,
        "support": 13
    },
    "type-of": {
        "precision": 0.75,
        "recall": 0.10714285714285714,
        "f1-score": 0.1875,
        "support": 28
    },
    "usage": {
        "precision": 0.0,
        "recall": 0.0,
        "f1-score": 0.0,
        "support": 0
    },
    "win-defeat": {
        "precision": 0.0,
        "recall": 0.0,
        "f1-score": 0.0,
        "support": 41
    },
    "micro avg": {
        "precision": 0.6253413435281268,
        "recall": 0.5390772128060264,
        "f1-score": 0.5790139064475348,
        "support": 2124
    },
    "macro avg": {
        "precision": 999999,
        "recall": 999999,
        "f1-score": 0.30416272427007535,
        "support": 2124
    },
    "weighted avg": {
        "precision": 0.6222944820969605,
        "recall": 0.5390772128060264,
        "f1-score": 0.5525959371289627,
        "support": 2124
    },
    "samples avg": {
        "precision": 0.6253413435281268,
        "recall": 0.5584380120152922,
        "f1-score": 0.5807391225195703,
        "support": 2124
    }
}