{"related-to": {"precision": 0.0, "recall": 0.0, "f1-score": 0.0, "support": 26}, "artifact": {"precision": 0.13975155279503104, "recall": 0.17374517374517376, "f1-score": 0.1549053356282272, "support": 259}, "cause-effect": {"precision": 0.0, "recall": 0.0, "f1-score": 0.0, "support": 4}, "compare": {"precision": 0.0, "recall": 0.0, "f1-score": 0.0, "support": 5}, "general-affiliation": {"precision": 0.33578792341678937, "recall": 0.3157894736842105, "f1-score": 0.3254817987152034, "support": 722}, "named": {"precision": 0.020833333333333332, "recall": 0.012048192771084338, "f1-score": 0.015267175572519083, "support": 83}, "opposite": {"precision": 0.0, "recall": 0.0, "f1-score": 0.0, "support": 6}, "origin": {"precision": 0.05, "recall": 0.05263157894736842, "f1-score": 0.05128205128205128, "support": 19}, "part-of": {"precision": 0.09375, "recall": 0.05113636363636364, "f1-score": 0.0661764705882353, "support": 176}, "physical": {"precision": 0.18546365914786966, "recall": 0.1774580335731415, "f1-score": 0.18137254901960784, "support": 417}, "role": {"precision": 0.15648854961832062, "recall": 0.21635883905013192, "f1-score": 0.18161683277962348, "support": 379}, "social": {"precision": 0.0, "recall": 0.0, "f1-score": 0.0, "support": 22}, "temporal": {"precision": 0.0, "recall": 0.0, "f1-score": 0.0, "support": 24}, "topic": {"precision": 0.0, "recall": 0.0, "f1-score": 0.0, "support": 8}, "type-of": {"precision": 0.04918032786885246, "recall": 0.025210084033613446, "f1-score": 0.03333333333333334, "support": 119}, "usage": {"precision": 0.0, "recall": 0.0, "f1-score": 0.0, "support": 52}, "win-defeat": {"precision": 0.0945945945945946, "recall": 0.07526881720430108, "f1-score": 0.08383233532934131, "support": 93}, "micro avg": {"precision": 0.19296740994854203, "recall": 0.1864125932062966, "f1-score": 0.18963337547408343, "support": 2414}, "macro avg": {"precision": 0.06622646710439946, "recall": 0.06468509156737579, "f1-score": 0.0643098754263613, "support": 2414}, "weighted avg": {"precision": 0.1860443090435781, "recall": 0.1864125932062966, "f1-score": 0.18443874912487337, "support": 2414}, "samples avg": {"precision": 0.19296740994854203, "recall": 0.18782161234991424, "f1-score": 0.1895368782161235, "support": 2414}}