{
    "related-to": {
        "precision": 0.0,
        "recall": 0.0,
        "f1-score": 0.0,
        "support": 26
    },
    "artifact": {
        "precision": 0.6390374331550802,
        "recall": 0.9227799227799228,
        "f1-score": 0.7551342812006319,
        "support": 259
    },
    "cause-effect": {
        "precision": 0.0,
        "recall": 0.0,
        "f1-score": 0.0,
        "support": 4
    },
    "compare": {
        "precision": 0.0,
        "recall": 0.0,
        "f1-score": 0.0,
        "support": 5
    },
    "general-affiliation": {
        "precision": 0.8656488549618321,
        "recall": 0.7853185595567868,
        "f1-score": 0.823529411764706,
        "support": 722
    },
    "named": {
        "precision": 0.671875,
        "recall": 0.5180722891566265,
        "f1-score": 0.5850340136054423,
        "support": 83
    },
    "opposite": {
        "precision": 0.0,
        "recall": 0.0,
        "f1-score": 0.0,
        "support": 6
    },
    "origin": {
        "precision": 0.25,
        "recall": 0.05263157894736842,
        "f1-score": 0.08695652173913043,
        "support": 19
    },
    "part-of": {
        "precision": 0.3559322033898305,
        "recall": 0.11931818181818182,
        "f1-score": 0.17872340425531916,
        "support": 176
    },
    "physical": {
        "precision": 0.8514150943396226,
        "recall": 0.8657074340527577,
        "f1-score": 0.8585017835909631,
        "support": 417
    },
    "role": {
        "precision": 0.5779092702169625,
        "recall": 0.7730870712401056,
        "f1-score": 0.6613995485327313,
        "support": 379
    },
    "social": {
        "precision": 0.0,
        "recall": 0.0,
        "f1-score": 0.0,
        "support": 22
    },
    "temporal": {
        "precision": 0.40816326530612246,
        "recall": 0.8333333333333334,
        "f1-score": 0.547945205479452,
        "support": 24
    },
    "topic": {
        "precision": 0.15384615384615385,
        "recall": 0.25,
        "f1-score": 0.1904761904761905,
        "support": 8
    },
    "type-of": {
        "precision": 0.9705882352941176,
        "recall": 0.5546218487394958,
        "f1-score": 0.7058823529411765,
        "support": 119
    },
    "usage": {
        "precision": 0.0,
        "recall": 0.0,
        "f1-score": 0.0,
        "support": 52
    },
    "win-defeat": {
        "precision": 0.7264150943396226,
        "recall": 0.8279569892473119,
        "f1-score": 0.7738693467336683,
        "support": 93
    },
    "micro avg": {
        "precision": 0.7246998284734134,
        "recall": 0.700082850041425,
        "f1-score": 0.7121786767804467,
        "support": 2414
    },
    "macro avg": {
        "precision": 999999,
        "recall": 999999,
        "f1-score": 0.3627912976658477,
        "support": 2414
    },
    "weighted avg": {
        "precision": 0.6966942255135755,
        "recall": 0.700082850041425,
        "f1-score": 0.6839864733509515,
        "support": 2414
    },
    "samples avg": {
        "precision": 0.7246998284734134,
        "recall": 0.7103344768439108,
        "f1-score": 0.7150514579759862,
        "support": 2414
    }
}