{
    "related-to": {
        "precision": 0.0,
        "recall": 0.0,
        "f1-score": 0.0,
        "support": 26
    },
    "artifact": {
        "precision": 0.677710843373494,
        "recall": 0.8687258687258688,
        "f1-score": 0.7614213197969544,
        "support": 259
    },
    "cause-effect": {
        "precision": 0.0,
        "recall": 0.0,
        "f1-score": 0.0,
        "support": 4
    },
    "compare": {
        "precision": 0.0,
        "recall": 0.0,
        "f1-score": 0.0,
        "support": 5
    },
    "general-affiliation": {
        "precision": 0.8656488549618321,
        "recall": 0.7853185595567868,
        "f1-score": 0.823529411764706,
        "support": 722
    },
    "named": {
        "precision": 0.8245614035087719,
        "recall": 0.5662650602409639,
        "f1-score": 0.6714285714285715,
        "support": 83
    },
    "opposite": {
        "precision": 0.0,
        "recall": 0.0,
        "f1-score": 0.0,
        "support": 6
    },
    "origin": {
        "precision": 0.0,
        "recall": 0.0,
        "f1-score": 0.0,
        "support": 19
    },
    "part-of": {
        "precision": 0.21100917431192662,
        "recall": 0.13068181818181818,
        "f1-score": 0.16140350877192983,
        "support": 176
    },
    "physical": {
        "precision": 0.871859296482412,
        "recall": 0.8321342925659473,
        "f1-score": 0.8515337423312883,
        "support": 417
    },
    "role": {
        "precision": 0.5351351351351351,
        "recall": 0.783641160949868,
        "f1-score": 0.6359743040685224,
        "support": 379
    },
    "social": {
        "precision": 0.0,
        "recall": 0.0,
        "f1-score": 0.0,
        "support": 22
    },
    "temporal": {
        "precision": 0.3137254901960784,
        "recall": 0.6666666666666666,
        "f1-score": 0.42666666666666664,
        "support": 24
    },
    "topic": {
        "precision": 0.0,
        "recall": 0.0,
        "f1-score": 0.0,
        "support": 8
    },
    "type-of": {
        "precision": 0.9285714285714286,
        "recall": 0.5462184873949579,
        "f1-score": 0.6878306878306877,
        "support": 119
    },
    "usage": {
        "precision": 0.0,
        "recall": 0.0,
        "f1-score": 0.0,
        "support": 52
    },
    "win-defeat": {
        "precision": 0.7263157894736842,
        "recall": 0.7419354838709677,
        "f1-score": 0.7340425531914895,
        "support": 93
    },
    "micro avg": {
        "precision": 0.7101200686106347,
        "recall": 0.6859983429991715,
        "f1-score": 0.6978508217446271,
        "support": 2414
    },
    "macro avg": {
        "precision": 999999,
        "recall": 999999,
        "f1-score": 0.33846063328534215,
        "support": 2414
    },
    "weighted avg": {
        "precision": 0.686851746446332,
        "recall": 0.6859983429991715,
        "f1-score": 0.6762276666059392,
        "support": 2414
    },
    "samples avg": {
        "precision": 0.7101200686106347,
        "recall": 0.6957547169811321,
        "f1-score": 0.7004716981132075,
        "support": 2414
    }
}