{"related-to": {"precision": 0.07692307692307693, "recall": 0.038461538461538464, "f1-score": 0.05128205128205129, "support": 26}, "artifact": {"precision": 0.1226158038147139, "recall": 0.17374517374517376, "f1-score": 0.14376996805111822, "support": 259}, "cause-effect": {"precision": 0.0, "recall": 0.0, "f1-score": 0.0, "support": 4}, "compare": {"precision": 0.0, "recall": 0.0, "f1-score": 0.0, "support": 5}, "general-affiliation": {"precision": 0.33934426229508197, "recall": 0.2867036011080332, "f1-score": 0.3108108108108108, "support": 722}, "named": {"precision": 0.03125, "recall": 0.024096385542168676, "f1-score": 0.0272108843537415, "support": 83}, "opposite": {"precision": 0.0, "recall": 0.0, "f1-score": 0.0, "support": 6}, "origin": {"precision": 0.0, "recall": 0.0, "f1-score": 0.0, "support": 19}, "part-of": {"precision": 0.11805555555555555, "recall": 0.09659090909090909, "f1-score": 0.10625, "support": 176}, "physical": {"precision": 0.1828978622327791, "recall": 0.18465227817745802, "f1-score": 0.1837708830548926, "support": 417}, "role": {"precision": 0.14734774066797643, "recall": 0.19788918205804748, "f1-score": 0.16891891891891891, "support": 379}, "social": {"precision": 0.0, "recall": 0.0, "f1-score": 0.0, "support": 22}, "temporal": {"precision": 0.0, "recall": 0.0, "f1-score": 0.0, "support": 24}, "topic": {"precision": 0.0, "recall": 0.0, "f1-score": 0.0, "support": 8}, "type-of": {"precision": 0.03225806451612903, "recall": 0.01680672268907563, "f1-score": 0.022099447513812154, "support": 119}, "usage": {"precision": 0.0, "recall": 0.0, "f1-score": 0.0, "support": 52}, "win-defeat": {"precision": 0.06896551724137931, "recall": 0.06451612903225806, "f1-score": 0.06666666666666667, "support": 93}, "micro avg": {"precision": 0.18524871355060035, "recall": 0.17895608947804473, "f1-score": 0.18204804045512007, "support": 2414}, "macro avg": {"precision": 0.06586222842627601, "recall": 0.06373305411203897, "f1-score": 0.06357527239129483, "support": 2414}, "weighted avg": {"precision": 0.18413474871082744, "recall": 0.17895608947804473, "f1-score": 0.17954276165022495, "support": 2414}, "samples avg": {"precision": 0.18524871355060035, "recall": 0.18010291595197256, "f1-score": 0.18181818181818182, "support": 2414}}