{
    "related-to": {
        "precision": 0.15384615384615385,
        "recall": 0.07692307692307693,
        "f1-score": 0.10256410256410257,
        "support": 26
    },
    "artifact": {
        "precision": 0.610223642172524,
        "recall": 0.7374517374517374,
        "f1-score": 0.6678321678321678,
        "support": 259
    },
    "cause-effect": {
        "precision": 0.0,
        "recall": 0.0,
        "f1-score": 0.0,
        "support": 4
    },
    "compare": {
        "precision": 0.0,
        "recall": 0.0,
        "f1-score": 0.0,
        "support": 5
    },
    "general-affiliation": {
        "precision": 0.7730307076101469,
        "recall": 0.8019390581717452,
        "f1-score": 0.7872195785180149,
        "support": 722
    },
    "named": {
        "precision": 0.5,
        "recall": 0.5783132530120482,
        "f1-score": 0.536312849162011,
        "support": 83
    },
    "opposite": {
        "precision": 0.0,
        "recall": 0.0,
        "f1-score": 0.0,
        "support": 6
    },
    "origin": {
        "precision": 0.0,
        "recall": 0.0,
        "f1-score": 0.0,
        "support": 19
    },
    "part-of": {
        "precision": 0.16071428571428573,
        "recall": 0.05113636363636364,
        "f1-score": 0.07758620689655174,
        "support": 176
    },
    "physical": {
        "precision": 0.8493827160493828,
        "recall": 0.8249400479616307,
        "f1-score": 0.8369829683698297,
        "support": 417
    },
    "role": {
        "precision": 0.5679513184584178,
        "recall": 0.7387862796833773,
        "f1-score": 0.6422018348623852,
        "support": 379
    },
    "social": {
        "precision": 0.0,
        "recall": 0.0,
        "f1-score": 0.0,
        "support": 22
    },
    "temporal": {
        "precision": 0.208955223880597,
        "recall": 0.5833333333333334,
        "f1-score": 0.30769230769230765,
        "support": 24
    },
    "topic": {
        "precision": 0.0,
        "recall": 0.0,
        "f1-score": 0.0,
        "support": 8
    },
    "type-of": {
        "precision": 0.9545454545454546,
        "recall": 0.5294117647058824,
        "f1-score": 0.6810810810810811,
        "support": 119
    },
    "usage": {
        "precision": 0.0,
        "recall": 0.0,
        "f1-score": 0.0,
        "support": 52
    },
    "win-defeat": {
        "precision": 0.7916666666666666,
        "recall": 0.6129032258064516,
        "f1-score": 0.6909090909090909,
        "support": 93
    },
    "micro avg": {
        "precision": 0.6805317324185248,
        "recall": 0.6574150787075393,
        "f1-score": 0.6687737041719342,
        "support": 2414
    },
    "macro avg": {
        "precision": 999999,
        "recall": 999999,
        "f1-score": 0.31355189340514955,
        "support": 2414
    },
    "weighted avg": {
        "precision": 0.6427666881753524,
        "recall": 0.6574150787075393,
        "f1-score": 0.6409615059777619,
        "support": 2414
    },
    "samples avg": {
        "precision": 0.6805317324185248,
        "recall": 0.6653087478559176,
        "f1-score": 0.6703116066323613,
        "support": 2414
    }
}