{
    "related-to": {
        "precision": 0.3516483516483517,
        "recall": 0.5079365079365079,
        "f1-score": 0.41558441558441556,
        "support": 126
    },
    "artifact": {
        "precision": 0.05263157894736842,
        "recall": 0.06060606060606061,
        "f1-score": 0.056338028169014086,
        "support": 33
    },
    "cause-effect": {
        "precision": 0.0,
        "recall": 0.0,
        "f1-score": 0.0,
        "support": 76
    },
    "compare": {
        "precision": 0.42857142857142855,
        "recall": 0.46153846153846156,
        "f1-score": 0.4444444444444445,
        "support": 39
    },
    "general-affiliation": {
        "precision": 0.6538461538461539,
        "recall": 0.2328767123287671,
        "f1-score": 0.3434343434343435,
        "support": 73
    },
    "named": {
        "precision": 0.4931506849315068,
        "recall": 0.6666666666666666,
        "f1-score": 0.5669291338582677,
        "support": 108
    },
    "opposite": {
        "precision": 0.0,
        "recall": 0.0,
        "f1-score": 0.0,
        "support": 5
    },
    "origin": {
        "precision": 0.18181818181818182,
        "recall": 0.19148936170212766,
        "f1-score": 0.18652849740932642,
        "support": 94
    },
    "part-of": {
        "precision": 0.12554112554112554,
        "recall": 0.32222222222222224,
        "f1-score": 0.1806853582554517,
        "support": 90
    },
    "physical": {
        "precision": 0.6726618705035972,
        "recall": 0.8348214285714286,
        "f1-score": 0.7450199203187251,
        "support": 224
    },
    "role": {
        "precision": 0.31438127090301005,
        "recall": 0.32867132867132864,
        "f1-score": 0.32136752136752134,
        "support": 286
    },
    "social": {
        "precision": 0.0,
        "recall": 0.0,
        "f1-score": 0.0,
        "support": 14
    },
    "temporal": {
        "precision": 0.0,
        "recall": 0.0,
        "f1-score": 0.0,
        "support": 26
    },
    "topic": {
        "precision": 1.0,
        "recall": 0.09090909090909091,
        "f1-score": 0.16666666666666669,
        "support": 66
    },
    "type-of": {
        "precision": 0.6666666666666666,
        "recall": 0.017094017094017096,
        "f1-score": 0.03333333333333333,
        "support": 117
    },
    "usage": {
        "precision": 0.2,
        "recall": 0.041666666666666664,
        "f1-score": 0.06896551724137931,
        "support": 24
    },
    "win-defeat": {
        "precision": 0.8,
        "recall": 0.6363636363636364,
        "f1-score": 0.7088607594936709,
        "support": 44
    },
    "micro avg": {
        "precision": 0.3864942528735632,
        "recall": 0.372318339100346,
        "f1-score": 0.3792738808600634,
        "support": 1445
    },
    "macro avg": {
        "precision": 999999,
        "recall": 999999,
        "f1-score": 0.24930340821038588,
        "support": 1445
    },
    "weighted avg": {
        "precision": 0.4268019212396473,
        "recall": 0.372318339100346,
        "f1-score": 0.3447689676452835,
        "support": 1445
    },
    "samples avg": {
        "precision": 0.3864942528735632,
        "recall": 0.36853448275862066,
        "f1-score": 0.3745210727969348,
        "support": 1445
    }
}