{"related-to": {"precision": 0.044481054365733116, "recall": 0.06521739130434782, "f1-score": 0.052889324191968665, "support": 414}, "artifact": {"precision": 0.06828528072837632, "recall": 0.07086614173228346, "f1-score": 0.0695517774343122, "support": 635}, "cause-effect": {"precision": 0.0, "recall": 0.0, "f1-score": 0.0, "support": 86}, "compare": {"precision": 0.0, "recall": 0.0, "f1-score": 0.0, "support": 82}, "general-affiliation": {"precision": 0.1641025641025641, "recall": 0.1807909604519774, "f1-score": 0.17204301075268819, "support": 1239}, "named": {"precision": 0.06279069767441861, "recall": 0.04838709677419355, "f1-score": 0.05465587044534413, "support": 558}, "opposite": {"precision": 0.045454545454545456, "recall": 0.015625, "f1-score": 0.023255813953488372, "support": 128}, "origin": {"precision": 0.04093567251461988, "recall": 0.023026315789473683, "f1-score": 0.02947368421052631, "support": 304}, "part-of": {"precision": 0.07411764705882352, "recall": 0.08737864077669903, "f1-score": 0.08020369191597708, "support": 721}, "physical": {"precision": 0.16717697489283528, "recall": 0.18762886597938144, "f1-score": 0.1768134715025907, "support": 1455}, "role": {"precision": 0.24778761061946902, "recall": 0.23728813559322035, "f1-score": 0.24242424242424246, "support": 2006}, "social": {"precision": 0.0, "recall": 0.0, "f1-score": 0.0, "support": 105}, "temporal": {"precision": 0.06324110671936758, "recall": 0.0784313725490196, "f1-score": 0.0700218818380744, "support": 408}, "topic": {"precision": 0.06896551724137931, "recall": 0.011764705882352941, "f1-score": 0.020100502512562814, "support": 170}, "type-of": {"precision": 0.031746031746031744, "recall": 0.011904761904761904, "f1-score": 0.017316017316017316, "support": 336}, "usage": {"precision": 0.0, "recall": 0.0, "f1-score": 0.0, "support": 200}, "win-defeat": {"precision": 0.022727272727272728, "recall": 0.01892744479495268, "f1-score": 0.020654044750430294, "support": 317}, "micro avg": {"precision": 0.13705583756345177, "recall": 0.12963771278917502, "f1-score": 0.1332436069986541, "support": 9164}, "macro avg": {"precision": 0.06481246916737862, "recall": 0.061013931384274356, "f1-score": 0.060553137249895465, "support": 9164}, "weighted avg": {"precision": 0.12740508650729504, "recall": 0.12963771278917502, "f1-score": 0.1273900686965572, "support": 9164}, "samples avg": {"precision": 0.13705583756345177, "recall": 0.12730733733271804, "f1-score": 0.1305376095985233, "support": 9164}}