{"related-to": {"precision": 0.0, "recall": 0.0, "f1-score": 0.0, "support": 6}, "artifact": {"precision": 0.0, "recall": 0.0, "f1-score": 0.0, "support": 0}, "cause-effect": {"precision": 0.0, "recall": 0.0, "f1-score": 0.0, "support": 0}, "compare": {"precision": 0.0, "recall": 0.0, "f1-score": 0.0, "support": 0}, "general-affiliation": {"precision": 0.0, "recall": 0.0, "f1-score": 0.0, "support": 10}, "named": {"precision": 0.0, "recall": 0.0, "f1-score": 0.0, "support": 4}, "opposite": {"precision": 0.0, "recall": 0.0, "f1-score": 0.0, "support": 39}, "origin": {"precision": 0.0, "recall": 0.0, "f1-score": 0.0, "support": 0}, "part-of": {"precision": 0.125, "recall": 0.03571428571428571, "f1-score": 0.05555555555555556, "support": 28}, "physical": {"precision": 0.37209302325581395, "recall": 0.24806201550387597, "f1-score": 0.29767441860465116, "support": 129}, "role": {"precision": 0.3628691983122363, "recall": 0.5972222222222222, "f1-score": 0.4514435695538058, "support": 144}, "social": {"precision": 0.0, "recall": 0.0, "f1-score": 0.0, "support": 0}, "temporal": {"precision": 0.0, "recall": 0.0, "f1-score": 0.0, "support": 1}, "topic": {"precision": 0.0, "recall": 0.0, "f1-score": 0.0, "support": 0}, "type-of": {"precision": 0.0, "recall": 0.0, "f1-score": 0.0, "support": 0}, "usage": {"precision": 0.0, "recall": 0.0, "f1-score": 0.0, "support": 0}, "win-defeat": {"precision": 0.0, "recall": 0.0, "f1-score": 0.0, "support": 35}, "micro avg": {"precision": 0.3005050505050505, "recall": 0.3005050505050505, "f1-score": 0.3005050505050505, "support": 396}, "macro avg": {"precision": 0.05058601303341472, "recall": 0.0518234425553167, "f1-score": 0.04733373786553015, "support": 396}, "weighted avg": {"precision": 0.26200294080040915, "recall": 0.3005050505050505, "f1-score": 0.26505916558410003, "support": 396}, "samples avg": {"precision": 0.3005050505050505, "recall": 0.3005050505050505, "f1-score": 0.3005050505050505, "support": 396}}