{
    "related-to": {
        "precision": 0.4,
        "recall": 0.05555555555555555,
        "f1-score": 0.09756097560975609,
        "support": 72
    },
    "artifact": {
        "precision": 0.7796143250688705,
        "recall": 0.9433333333333334,
        "f1-score": 0.8536953242835597,
        "support": 300
    },
    "cause-effect": {
        "precision": 0.0,
        "recall": 0.0,
        "f1-score": 0.0,
        "support": 1
    },
    "compare": {
        "precision": 0.0,
        "recall": 0.0,
        "f1-score": 0.0,
        "support": 8
    },
    "general-affiliation": {
        "precision": 0.7853403141361257,
        "recall": 0.9146341463414634,
        "f1-score": 0.8450704225352113,
        "support": 328
    },
    "named": {
        "precision": 0.39097744360902253,
        "recall": 0.5531914893617021,
        "f1-score": 0.45814977973568277,
        "support": 94
    },
    "opposite": {
        "precision": 0.0,
        "recall": 0.0,
        "f1-score": 0.0,
        "support": 14
    },
    "origin": {
        "precision": 0.0,
        "recall": 0.0,
        "f1-score": 0.0,
        "support": 47
    },
    "part-of": {
        "precision": 0.15384615384615385,
        "recall": 0.020833333333333332,
        "f1-score": 0.03669724770642201,
        "support": 96
    },
    "physical": {
        "precision": 0.7486033519553073,
        "recall": 0.7701149425287356,
        "f1-score": 0.7592067988668556,
        "support": 174
    },
    "role": {
        "precision": 0.5635179153094463,
        "recall": 0.6837944664031621,
        "f1-score": 0.6178571428571429,
        "support": 253
    },
    "social": {
        "precision": 0.7037037037037037,
        "recall": 0.40425531914893614,
        "f1-score": 0.5135135135135135,
        "support": 47
    },
    "temporal": {
        "precision": 0.38461538461538464,
        "recall": 0.5172413793103449,
        "f1-score": 0.4411764705882353,
        "support": 29
    },
    "topic": {
        "precision": 0.3333333333333333,
        "recall": 0.07142857142857142,
        "f1-score": 0.11764705882352941,
        "support": 42
    },
    "type-of": {
        "precision": 0.6153846153846154,
        "recall": 0.4444444444444444,
        "f1-score": 0.5161290322580646,
        "support": 18
    },
    "usage": {
        "precision": 0.0,
        "recall": 0.0,
        "f1-score": 0.0,
        "support": 2
    },
    "win-defeat": {
        "precision": 0.7192982456140351,
        "recall": 0.845360824742268,
        "f1-score": 0.7772511848341231,
        "support": 97
    },
    "micro avg": {
        "precision": 0.6761006289308176,
        "recall": 0.6627620221948212,
        "f1-score": 0.6693648816936488,
        "support": 1622
    },
    "macro avg": {
        "precision": 999999,
        "recall": 999999,
        "f1-score": 0.35493852656541736,
        "support": 1622
    },
    "weighted avg": {
        "precision": 0.606473995048525,
        "recall": 0.6627620221948212,
        "f1-score": 0.6176812935286793,
        "support": 1622
    },
    "samples avg": {
        "precision": 0.6761006289308176,
        "recall": 0.6693920335429769,
        "f1-score": 0.6715932914046121,
        "support": 1622
    }
}