{"related-to": {"precision": 0.0, "recall": 0.0, "f1-score": 0.0, "support": 72}, "artifact": {"precision": 0.1417624521072797, "recall": 0.12333333333333334, "f1-score": 0.13190730837789663, "support": 300}, "cause-effect": {"precision": 0.0, "recall": 0.0, "f1-score": 0.0, "support": 1}, "compare": {"precision": 0.0, "recall": 0.0, "f1-score": 0.0, "support": 8}, "general-affiliation": {"precision": 0.22597402597402597, "recall": 0.2652439024390244, "f1-score": 0.24403927068723705, "support": 328}, "named": {"precision": 0.04938271604938271, "recall": 0.0425531914893617, "f1-score": 0.04571428571428571, "support": 94}, "opposite": {"precision": 0.0, "recall": 0.0, "f1-score": 0.0, "support": 14}, "origin": {"precision": 0.023809523809523808, "recall": 0.0425531914893617, "f1-score": 0.03053435114503816, "support": 47}, "part-of": {"precision": 0.06349206349206349, "recall": 0.041666666666666664, "f1-score": 0.050314465408805034, "support": 96}, "physical": {"precision": 0.12422360248447205, "recall": 0.11494252873563218, "f1-score": 0.11940298507462686, "support": 174}, "role": {"precision": 0.17941952506596306, "recall": 0.26877470355731226, "f1-score": 0.21518987341772153, "support": 253}, "social": {"precision": 0.0, "recall": 0.0, "f1-score": 0.0, "support": 47}, "temporal": {"precision": 0.03571428571428571, "recall": 0.034482758620689655, "f1-score": 0.03508771929824562, "support": 29}, "topic": {"precision": 0.0, "recall": 0.0, "f1-score": 0.0, "support": 42}, "type-of": {"precision": 0.0, "recall": 0.0, "f1-score": 0.0, "support": 18}, "usage": {"precision": 0.0, "recall": 0.0, "f1-score": 0.0, "support": 2}, "win-defeat": {"precision": 0.06956521739130435, "recall": 0.08247422680412371, "f1-score": 0.07547169811320754, "support": 97}, "micro avg": {"precision": 0.14528301886792452, "recall": 0.14241676942046855, "f1-score": 0.14383561643835618, "support": 1622}, "macro avg": {"precision": 0.053726083064017695, "recall": 0.05976614724326503, "f1-score": 0.05574482101394495, "support": 1622}, "weighted avg": {"precision": 0.12533666104885927, "recall": 0.14241676942046855, "f1-score": 0.1317737208959843, "support": 1622}, "samples avg": {"precision": 0.14528301886792452, "recall": 0.14276729559748427, "f1-score": 0.14360587002096434, "support": 1622}}