{
    "related-to": {
        "precision": 0.11428571428571428,
        "recall": 0.05555555555555555,
        "f1-score": 0.0747663551401869,
        "support": 72
    },
    "artifact": {
        "precision": 0.7881619937694704,
        "recall": 0.8433333333333334,
        "f1-score": 0.8148148148148149,
        "support": 300
    },
    "cause-effect": {
        "precision": 0.0,
        "recall": 0.0,
        "f1-score": 0.0,
        "support": 1
    },
    "compare": {
        "precision": 0.0,
        "recall": 0.0,
        "f1-score": 0.0,
        "support": 8
    },
    "general-affiliation": {
        "precision": 0.8695652173913043,
        "recall": 0.8536585365853658,
        "f1-score": 0.8615384615384616,
        "support": 328
    },
    "named": {
        "precision": 0.676923076923077,
        "recall": 0.46808510638297873,
        "f1-score": 0.5534591194968554,
        "support": 94
    },
    "opposite": {
        "precision": 0.42857142857142855,
        "recall": 0.21428571428571427,
        "f1-score": 0.2857142857142857,
        "support": 14
    },
    "origin": {
        "precision": 0.2375,
        "recall": 0.40425531914893614,
        "f1-score": 0.2992125984251968,
        "support": 47
    },
    "part-of": {
        "precision": 0.3125,
        "recall": 0.20833333333333334,
        "f1-score": 0.25,
        "support": 96
    },
    "physical": {
        "precision": 0.7512953367875648,
        "recall": 0.8333333333333334,
        "f1-score": 0.7901907356948229,
        "support": 174
    },
    "role": {
        "precision": 0.5133531157270029,
        "recall": 0.6837944664031621,
        "f1-score": 0.5864406779661017,
        "support": 253
    },
    "social": {
        "precision": 0.8888888888888888,
        "recall": 0.1702127659574468,
        "f1-score": 0.2857142857142857,
        "support": 47
    },
    "temporal": {
        "precision": 0.6,
        "recall": 0.6206896551724138,
        "f1-score": 0.6101694915254238,
        "support": 29
    },
    "topic": {
        "precision": 0.0,
        "recall": 0.0,
        "f1-score": 0.0,
        "support": 42
    },
    "type-of": {
        "precision": 0.5833333333333334,
        "recall": 0.7777777777777778,
        "f1-score": 0.6666666666666666,
        "support": 18
    },
    "usage": {
        "precision": 0.0,
        "recall": 0.0,
        "f1-score": 0.0,
        "support": 2
    },
    "win-defeat": {
        "precision": 0.6666666666666666,
        "recall": 0.7010309278350515,
        "f1-score": 0.6834170854271356,
        "support": 97
    },
    "micro avg": {
        "precision": 0.6597484276729559,
        "recall": 0.6467324290998767,
        "f1-score": 0.6531755915317559,
        "support": 1622
    },
    "macro avg": {
        "precision": 999999,
        "recall": 999999,
        "f1-score": 0.39777085753671987,
        "support": 1622
    },
    "weighted avg": {
        "precision": 0.6384932191238853,
        "recall": 0.6467324290998767,
        "f1-score": 0.6299494514570936,
        "support": 1622
    },
    "samples avg": {
        "precision": 0.6597484276729559,
        "recall": 0.6540880503144654,
        "f1-score": 0.6559748427672956,
        "support": 1622
    }
}