{
    "related-to": {
        "precision": 0.21935483870967742,
        "recall": 0.3148148148148148,
        "f1-score": 0.2585551330798479,
        "support": 108
    },
    "artifact": {
        "precision": 0.5116279069767442,
        "recall": 0.5365853658536586,
        "f1-score": 0.5238095238095238,
        "support": 41
    },
    "cause-effect": {
        "precision": 0.0,
        "recall": 0.0,
        "f1-score": 0.0,
        "support": 5
    },
    "compare": {
        "precision": 0.0,
        "recall": 0.0,
        "f1-score": 0.0,
        "support": 24
    },
    "general-affiliation": {
        "precision": 0.6666666666666666,
        "recall": 0.02666666666666667,
        "f1-score": 0.05128205128205129,
        "support": 75
    },
    "named": {
        "precision": 0.5392670157068062,
        "recall": 0.7410071942446043,
        "f1-score": 0.6242424242424243,
        "support": 139
    },
    "opposite": {
        "precision": 0.0,
        "recall": 0.0,
        "f1-score": 0.0,
        "support": 11
    },
    "origin": {
        "precision": 0.5,
        "recall": 0.3595505617977528,
        "f1-score": 0.41830065359477125,
        "support": 89
    },
    "part-of": {
        "precision": 0.4207650273224044,
        "recall": 0.719626168224299,
        "f1-score": 0.5310344827586208,
        "support": 214
    },
    "physical": {
        "precision": 0.9012345679012346,
        "recall": 0.7156862745098039,
        "f1-score": 0.7978142076502731,
        "support": 102
    },
    "role": {
        "precision": 0.5983606557377049,
        "recall": 0.6697247706422018,
        "f1-score": 0.6320346320346321,
        "support": 109
    },
    "social": {
        "precision": 0.0,
        "recall": 0.0,
        "f1-score": 0.0,
        "support": 1
    },
    "temporal": {
        "precision": 0.7857142857142857,
        "recall": 0.5238095238095238,
        "f1-score": 0.6285714285714286,
        "support": 21
    },
    "topic": {
        "precision": 1.0,
        "recall": 0.21951219512195122,
        "f1-score": 0.36,
        "support": 41
    },
    "type-of": {
        "precision": 0.2692307692307692,
        "recall": 0.25925925925925924,
        "f1-score": 0.2641509433962264,
        "support": 54
    },
    "usage": {
        "precision": 0.2608695652173913,
        "recall": 0.04918032786885246,
        "f1-score": 0.08275862068965517,
        "support": 122
    },
    "win-defeat": {
        "precision": 0.75,
        "recall": 0.42857142857142855,
        "f1-score": 0.5454545454545454,
        "support": 7
    },
    "micro avg": {
        "precision": 0.4755989352262644,
        "recall": 0.46087704213241615,
        "f1-score": 0.468122270742358,
        "support": 1163
    },
    "macro avg": {
        "precision": 999999,
        "recall": 999999,
        "f1-score": 0.33635344979788245,
        "support": 1163
    },
    "weighted avg": {
        "precision": 0.4904821011979804,
        "recall": 0.46087704213241615,
        "f1-score": 0.4275957366317826,
        "support": 1163
    },
    "samples avg": {
        "precision": 0.4755989352262644,
        "recall": 0.46569062407571715,
        "f1-score": 0.468944099378882,
        "support": 1163
    }
}