{"related-to": {"precision": 0.10869565217391304, "recall": 0.15873015873015872, "f1-score": 0.12903225806451615, "support": 126}, "artifact": {"precision": 0.05263157894736842, "recall": 0.06060606060606061, "f1-score": 0.056338028169014086, "support": 33}, "cause-effect": {"precision": 0.0, "recall": 0.0, "f1-score": 0.0, "support": 76}, "compare": {"precision": 0.0, "recall": 0.0, "f1-score": 0.0, "support": 39}, "general-affiliation": {"precision": 0.052083333333333336, "recall": 0.136986301369863, "f1-score": 0.07547169811320754, "support": 73}, "named": {"precision": 0.1079136690647482, "recall": 0.2777777777777778, "f1-score": 0.15544041450777202, "support": 108}, "opposite": {"precision": 0.0, "recall": 0.0, "f1-score": 0.0, "support": 5}, "origin": {"precision": 0.08333333333333333, "recall": 0.07446808510638298, "f1-score": 0.07865168539325842, "support": 94}, "part-of": {"precision": 0.058823529411764705, "recall": 0.044444444444444446, "f1-score": 0.05063291139240507, "support": 90}, "physical": {"precision": 0.1278538812785388, "recall": 0.125, "f1-score": 0.12641083521444696, "support": 224}, "role": {"precision": 0.22267206477732793, "recall": 0.19230769230769232, "f1-score": 0.20637898686679174, "support": 286}, "social": {"precision": 0.0, "recall": 0.0, "f1-score": 0.0, "support": 14}, "temporal": {"precision": 0.037037037037037035, "recall": 0.038461538461538464, "f1-score": 0.03773584905660377, "support": 26}, "topic": {"precision": 0.0, "recall": 0.0, "f1-score": 0.0, "support": 66}, "type-of": {"precision": 0.3333333333333333, "recall": 0.017094017094017096, "f1-score": 0.032520325203252036, "support": 117}, "usage": {"precision": 0.0, "recall": 0.0, "f1-score": 0.0, "support": 24}, "win-defeat": {"precision": 0.0, "recall": 0.0, "f1-score": 0.0, "support": 44}, "micro avg": {"precision": 0.11422413793103449, "recall": 0.11003460207612457, "f1-score": 0.112090236164963, "support": 1445}, "macro avg": {"precision": 0.06966925957004107, "recall": 0.06622800446458443, "f1-score": 0.055800764234192224, "support": 1445}, "weighted avg": {"precision": 0.12200909878724288, "recall": 0.11003460207612457, "f1-score": 0.0999936789503692, "support": 1445}, "samples avg": {"precision": 0.11422413793103449, "recall": 0.10955459770114942, "f1-score": 0.1111111111111111, "support": 1445}}