{
    "related-to": {
        "precision": 0.2819548872180451,
        "recall": 0.5952380952380952,
        "f1-score": 0.3826530612244898,
        "support": 126
    },
    "artifact": {
        "precision": 0.7878787878787878,
        "recall": 0.7878787878787878,
        "f1-score": 0.7878787878787878,
        "support": 33
    },
    "cause-effect": {
        "precision": 0.0,
        "recall": 0.0,
        "f1-score": 0.0,
        "support": 76
    },
    "compare": {
        "precision": 0.0,
        "recall": 0.0,
        "f1-score": 0.0,
        "support": 39
    },
    "general-affiliation": {
        "precision": 0.2127659574468085,
        "recall": 0.547945205479452,
        "f1-score": 0.3065134099616858,
        "support": 73
    },
    "named": {
        "precision": 0.4025974025974026,
        "recall": 0.8611111111111112,
        "f1-score": 0.5486725663716814,
        "support": 108
    },
    "opposite": {
        "precision": 0.1,
        "recall": 0.2,
        "f1-score": 0.13333333333333333,
        "support": 5
    },
    "origin": {
        "precision": 0.5370370370370371,
        "recall": 0.30851063829787234,
        "f1-score": 0.39189189189189194,
        "support": 94
    },
    "part-of": {
        "precision": 0.16666666666666666,
        "recall": 0.2,
        "f1-score": 0.1818181818181818,
        "support": 90
    },
    "physical": {
        "precision": 0.8465608465608465,
        "recall": 0.7142857142857143,
        "f1-score": 0.774818401937046,
        "support": 224
    },
    "role": {
        "precision": 0.6651785714285714,
        "recall": 0.5209790209790209,
        "f1-score": 0.584313725490196,
        "support": 286
    },
    "social": {
        "precision": 0.23529411764705882,
        "recall": 0.2857142857142857,
        "f1-score": 0.2580645161290323,
        "support": 14
    },
    "temporal": {
        "precision": 0.6428571428571429,
        "recall": 0.6923076923076923,
        "f1-score": 0.6666666666666666,
        "support": 26
    },
    "topic": {
        "precision": 0.8333333333333334,
        "recall": 0.07575757575757576,
        "f1-score": 0.1388888888888889,
        "support": 66
    },
    "type-of": {
        "precision": 0.375,
        "recall": 0.02564102564102564,
        "f1-score": 0.048,
        "support": 117
    },
    "usage": {
        "precision": 0.0,
        "recall": 0.0,
        "f1-score": 0.0,
        "support": 24
    },
    "win-defeat": {
        "precision": 0.9642857142857143,
        "recall": 0.6136363636363636,
        "f1-score": 0.75,
        "support": 44
    },
    "micro avg": {
        "precision": 0.46551724137931033,
        "recall": 0.44844290657439445,
        "f1-score": 0.4568205851251322,
        "support": 1445
    },
    "macro avg": {
        "precision": 999999,
        "recall": 999999,
        "f1-score": 0.3502066724465813,
        "support": 1445
    },
    "weighted avg": {
        "precision": 0.5036006280229818,
        "recall": 0.44844290657439445,
        "f1-score": 0.4284543207111917,
        "support": 1445
    },
    "samples avg": {
        "precision": 0.46551724137931033,
        "recall": 0.4468390804597701,
        "f1-score": 0.45306513409961685,
        "support": 1445
    }
}