{"related-to": {"precision": 0.043478260869565216, "recall": 0.013157894736842105, "f1-score": 0.020202020202020204, "support": 76}, "artifact": {"precision": 0.0, "recall": 0.0, "f1-score": 0.0, "support": 2}, "cause-effect": {"precision": 0.0, "recall": 0.0, "f1-score": 0.0, "support": 0}, "compare": {"precision": 0.0, "recall": 0.0, "f1-score": 0.0, "support": 6}, "general-affiliation": {"precision": 0.034482758620689655, "recall": 0.06451612903225806, "f1-score": 0.0449438202247191, "support": 31}, "named": {"precision": 0.05194805194805195, "recall": 0.06153846153846154, "f1-score": 0.056338028169014086, "support": 130}, "opposite": {"precision": 0.18181818181818182, "recall": 0.03773584905660377, "f1-score": 0.0625, "support": 53}, "origin": {"precision": 0.038461538461538464, "recall": 0.03636363636363636, "f1-score": 0.037383177570093455, "support": 55}, "part-of": {"precision": 0.09090909090909091, "recall": 0.02564102564102564, "f1-score": 0.04, "support": 117}, "physical": {"precision": 0.2450657894736842, "recall": 0.3643031784841076, "f1-score": 0.29301868239921336, "support": 409}, "role": {"precision": 0.49382716049382713, "recall": 0.33532934131736525, "f1-score": 0.39942938659058486, "support": 835}, "social": {"precision": 0.0, "recall": 0.0, "f1-score": 0.0, "support": 21}, "temporal": {"precision": 0.1843137254901961, "recall": 0.15309446254071662, "f1-score": 0.16725978647686834, "support": 307}, "topic": {"precision": 0.0, "recall": 0.0, "f1-score": 0.0, "support": 13}, "type-of": {"precision": 0.0, "recall": 0.0, "f1-score": 0.0, "support": 28}, "usage": {"precision": 0.0, "recall": 0.0, "f1-score": 0.0, "support": 0}, "win-defeat": {"precision": 0.0, "recall": 0.0, "f1-score": 0.0, "support": 41}, "micro avg": {"precision": 0.269797924631349, "recall": 0.23258003766478344, "f1-score": 0.24981036662452594, "support": 2124}, "macro avg": {"precision": 0.08025320929910738, "recall": 0.06421646933594218, "f1-score": 0.06594558244897138, "support": 2124}, "weighted avg": {"precision": 0.2837460323056778, "recall": 0.23258003766478344, "f1-score": 0.24718364583025518, "support": 2124}, "samples avg": {"precision": 0.269797924631349, "recall": 0.2318405243036592, "f1-score": 0.24449299107955577, "support": 2124}}