{
    "related-to": {
        "precision": 0.3448275862068966,
        "recall": 0.13157894736842105,
        "f1-score": 0.1904761904761905,
        "support": 76
    },
    "artifact": {
        "precision": 1.0,
        "recall": 1.0,
        "f1-score": 1.0,
        "support": 2
    },
    "cause-effect": {
        "precision": 0.0,
        "recall": 0.0,
        "f1-score": 0.0,
        "support": 0
    },
    "compare": {
        "precision": 0.0,
        "recall": 0.0,
        "f1-score": 0.0,
        "support": 6
    },
    "general-affiliation": {
        "precision": 0.3684210526315789,
        "recall": 0.6774193548387096,
        "f1-score": 0.4772727272727273,
        "support": 31
    },
    "named": {
        "precision": 0.6035502958579881,
        "recall": 0.7846153846153846,
        "f1-score": 0.6822742474916388,
        "support": 130
    },
    "opposite": {
        "precision": 0.4,
        "recall": 0.03773584905660377,
        "f1-score": 0.06896551724137931,
        "support": 53
    },
    "origin": {
        "precision": 0.1891891891891892,
        "recall": 0.12727272727272726,
        "f1-score": 0.15217391304347824,
        "support": 55
    },
    "part-of": {
        "precision": 0.36585365853658536,
        "recall": 0.1282051282051282,
        "f1-score": 0.18987341772151897,
        "support": 117
    },
    "physical": {
        "precision": 0.652317880794702,
        "recall": 0.9633251833740831,
        "f1-score": 0.7778874629812438,
        "support": 409
    },
    "role": {
        "precision": 0.7045454545454546,
        "recall": 0.5568862275449101,
        "f1-score": 0.6220735785953178,
        "support": 835
    },
    "social": {
        "precision": 0.6666666666666666,
        "recall": 0.09523809523809523,
        "f1-score": 0.16666666666666666,
        "support": 21
    },
    "temporal": {
        "precision": 0.7650273224043715,
        "recall": 0.4560260586319218,
        "f1-score": 0.5714285714285714,
        "support": 307
    },
    "topic": {
        "precision": 0.0,
        "recall": 0.0,
        "f1-score": 0.0,
        "support": 13
    },
    "type-of": {
        "precision": 0.5833333333333334,
        "recall": 0.25,
        "f1-score": 0.35000000000000003,
        "support": 28
    },
    "usage": {
        "precision": 0.0,
        "recall": 0.0,
        "f1-score": 0.0,
        "support": 0
    },
    "win-defeat": {
        "precision": 0.1111111111111111,
        "recall": 0.07317073170731707,
        "f1-score": 0.08823529411764705,
        "support": 41
    },
    "micro avg": {
        "precision": 0.638995084653195,
        "recall": 0.5508474576271186,
        "f1-score": 0.5916561314791403,
        "support": 2124
    },
    "macro avg": {
        "precision": 999999,
        "recall": 999999,
        "f1-score": 0.35582183913575866,
        "support": 2124
    },
    "weighted avg": {
        "precision": 0.620219169376905,
        "recall": 0.5508474576271186,
        "f1-score": 0.5575051100159953,
        "support": 2124
    },
    "samples avg": {
        "precision": 0.638995084653195,
        "recall": 0.5720917531403604,
        "f1-score": 0.5943928636446386,
        "support": 2124
    }
}