{
    "related-to": {
        "precision": 0.17653079455580367,
        "recall": 0.24935558268891603,
        "f1-score": 0.19448518150913985,
        "support": 414
    },
    "artifact": {
        "precision": 0.5621653013274963,
        "recall": 0.7158089587845684,
        "f1-score": 0.6046612027731411,
        "support": 635
    },
    "cause-effect": {
        "precision": 0.0,
        "recall": 0.0,
        "f1-score": 0.0,
        "support": 86
    },
    "compare": {
        "precision": 0.0,
        "recall": 0.0,
        "f1-score": 0.0,
        "support": 82
    },
    "general-affiliation": {
        "precision": 0.3906651060589115,
        "recall": 0.49982358750871914,
        "f1-score": 0.40345094600298537,
        "support": 1239
    },
    "named": {
        "precision": 0.5371635854664906,
        "recall": 0.6872273309947164,
        "f1-score": 0.5627244096467893,
        "support": 558
    },
    "opposite": {
        "precision": 0.12797619047619047,
        "recall": 0.023596424539820766,
        "f1-score": 0.03621094667606295,
        "support": 128
    },
    "origin": {
        "precision": 0.36399364328057027,
        "recall": 0.19239844117280355,
        "f1-score": 0.21796326775481495,
        "support": 304
    },
    "part-of": {
        "precision": 0.26624132068277223,
        "recall": 0.26481505903234875,
        "f1-score": 0.2603834060556631,
        "support": 721
    },
    "physical": {
        "precision": 0.75111010938744,
        "recall": 0.7709951728498711,
        "f1-score": 0.7571128112998404,
        "support": 1455
    },
    "role": {
        "precision": 0.5706497507025327,
        "recall": 0.6236421778840396,
        "f1-score": 0.5860716078158789,
        "support": 2006
    },
    "social": {
        "precision": 0.13333333333333333,
        "recall": 0.03766233766233766,
        "f1-score": 0.05873015873015873,
        "support": 105
    },
    "temporal": {
        "precision": 0.4557723730517848,
        "recall": 0.5426339497860333,
        "f1-score": 0.401261805693151,
        "support": 408
    },
    "topic": {
        "precision": 0.2,
        "recall": 0.0030303030303030303,
        "f1-score": 0.005970149253731344,
        "support": 170
    },
    "type-of": {
        "precision": 0.5220838522208385,
        "recall": 0.2496372908137614,
        "f1-score": 0.32091977385291093,
        "support": 336
    },
    "usage": {
        "precision": 0.0,
        "recall": 0.0,
        "f1-score": 0.0,
        "support": 200
    },
    "win-defeat": {
        "precision": 0.7292985483831486,
        "recall": 0.3746542166519536,
        "f1-score": 0.4190682585707957,
        "support": 317
    },
    "micro avg": {
        "precision": 0.537404861187826,
        "recall": 0.5115238131871259,
        "f1-score": 0.5238230700037069,
        "support": 9164
    },
    "macro avg": {
        "precision": 999999.0,
        "recall": 999999.0,
        "f1-score": 0.2957403980472367,
        "support": 9164
    },
    "weighted avg": {
        "precision": 0.5343339589663306,
        "recall": 0.5115238131871259,
        "f1-score": 0.4965149781270915,
        "support": 9164
    },
    "samples avg": {
        "precision": 0.537404861187826,
        "recall": 0.5167857343729544,
        "f1-score": 0.5236386492293378,
        "support": 9164
    }
}