{"related-to": {"precision": 0.0, "recall": 0.0, "f1-score": 0.0, "support": 6}, "artifact": {"precision": 0.0, "recall": 0.0, "f1-score": 0.0, "support": 0}, "cause-effect": {"precision": 0.0, "recall": 0.0, "f1-score": 0.0, "support": 0}, "compare": {"precision": 0.0, "recall": 0.0, "f1-score": 0.0, "support": 0}, "general-affiliation": {"precision": 0.0, "recall": 0.0, "f1-score": 0.0, "support": 10}, "named": {"precision": 0.0, "recall": 0.0, "f1-score": 0.0, "support": 4}, "opposite": {"precision": 0.0, "recall": 0.0, "f1-score": 0.0, "support": 39}, "origin": {"precision": 0.0, "recall": 0.0, "f1-score": 0.0, "support": 0}, "part-of": {"precision": 0.0, "recall": 0.0, "f1-score": 0.0, "support": 28}, "physical": {"precision": 0.3577981651376147, "recall": 0.6046511627906976, "f1-score": 0.4495677233429395, "support": 129}, "role": {"precision": 0.3543307086614173, "recall": 0.3125, "f1-score": 0.33210332103321033, "support": 144}, "social": {"precision": 0.0, "recall": 0.0, "f1-score": 0.0, "support": 0}, "temporal": {"precision": 0.05263157894736842, "recall": 1.0, "f1-score": 0.1, "support": 1}, "topic": {"precision": 0.0, "recall": 0.0, "f1-score": 0.0, "support": 0}, "type-of": {"precision": 0.0, "recall": 0.0, "f1-score": 0.0, "support": 0}, "usage": {"precision": 0.0, "recall": 0.0, "f1-score": 0.0, "support": 0}, "win-defeat": {"precision": 0.0, "recall": 0.0, "f1-score": 0.0, "support": 35}, "micro avg": {"precision": 0.31313131313131315, "recall": 0.31313131313131315, "f1-score": 0.31313131313131315, "support": 396}, "macro avg": {"precision": 0.04498590898508238, "recall": 0.11277359781121751, "f1-score": 0.05186300261036175, "support": 396}, "weighted avg": {"precision": 0.24553590133571657, "recall": 0.31313131313131315, "f1-score": 0.2674674609596502, "support": 396}, "samples avg": {"precision": 0.31313131313131315, "recall": 0.31313131313131315, "f1-score": 0.31313131313131315, "support": 396}}