{"related-to": {"precision": 0.15555555555555556, "recall": 0.09722222222222222, "f1-score": 0.11965811965811966, "support": 72}, "artifact": {"precision": 0.1843817787418655, "recall": 0.2833333333333333, "f1-score": 0.2233902759526938, "support": 300}, "cause-effect": {"precision": 0.0, "recall": 0.0, "f1-score": 0.0, "support": 1}, "compare": {"precision": 0.0, "recall": 0.0, "f1-score": 0.0, "support": 8}, "general-affiliation": {"precision": 0.21052631578947367, "recall": 0.04878048780487805, "f1-score": 0.07920792079207921, "support": 328}, "named": {"precision": 0.027777777777777776, "recall": 0.010638297872340425, "f1-score": 0.015384615384615384, "support": 94}, "opposite": {"precision": 0.0, "recall": 0.0, "f1-score": 0.0, "support": 14}, "origin": {"precision": 0.03333333333333333, "recall": 0.0425531914893617, "f1-score": 0.037383177570093455, "support": 47}, "part-of": {"precision": 0.05434782608695652, "recall": 0.10416666666666667, "f1-score": 0.07142857142857142, "support": 96}, "physical": {"precision": 0.11538461538461539, "recall": 0.1206896551724138, "f1-score": 0.11797752808988766, "support": 174}, "role": {"precision": 0.14588235294117646, "recall": 0.2450592885375494, "f1-score": 0.1828908554572271, "support": 253}, "social": {"precision": 0.0, "recall": 0.0, "f1-score": 0.0, "support": 47}, "temporal": {"precision": 0.0, "recall": 0.0, "f1-score": 0.0, "support": 29}, "topic": {"precision": 0.0, "recall": 0.0, "f1-score": 0.0, "support": 42}, "type-of": {"precision": 0.0, "recall": 0.0, "f1-score": 0.0, "support": 18}, "usage": {"precision": 0.0, "recall": 0.0, "f1-score": 0.0, "support": 2}, "win-defeat": {"precision": 0.07142857142857142, "recall": 0.05154639175257732, "f1-score": 0.05988023952095808, "support": 97}, "micro avg": {"precision": 0.13144654088050314, "recall": 0.12885326757090013, "f1-score": 0.13013698630136986, "support": 1622}, "macro avg": {"precision": 0.05874224276701916, "recall": 0.05905820793243194, "f1-score": 0.05336478257966153, "support": 1622}, "weighted avg": {"precision": 0.12877685825107568, "recall": 0.12885326757090013, "f1-score": 0.11361333601845727, "support": 1622}, "samples avg": {"precision": 0.13144654088050314, "recall": 0.12861635220125786, "f1-score": 0.12955974842767295, "support": 1622}}