{
    "related-to": {
        "precision": 0.12244897959183673,
        "recall": 0.08333333333333333,
        "f1-score": 0.09917355371900825,
        "support": 72
    },
    "artifact": {
        "precision": 0.6340782122905028,
        "recall": 0.7566666666666667,
        "f1-score": 0.6899696048632219,
        "support": 300
    },
    "cause-effect": {
        "precision": 0.0,
        "recall": 0.0,
        "f1-score": 0.0,
        "support": 1
    },
    "compare": {
        "precision": 0.0,
        "recall": 0.0,
        "f1-score": 0.0,
        "support": 8
    },
    "general-affiliation": {
        "precision": 0.8226600985221675,
        "recall": 0.5091463414634146,
        "f1-score": 0.6290018832391714,
        "support": 328
    },
    "named": {
        "precision": 0.7407407407407407,
        "recall": 0.425531914893617,
        "f1-score": 0.5405405405405406,
        "support": 94
    },
    "opposite": {
        "precision": 0.125,
        "recall": 0.07142857142857142,
        "f1-score": 0.09090909090909091,
        "support": 14
    },
    "origin": {
        "precision": 0.16666666666666666,
        "recall": 0.2978723404255319,
        "f1-score": 0.21374045801526717,
        "support": 47
    },
    "part-of": {
        "precision": 0.2184873949579832,
        "recall": 0.2708333333333333,
        "f1-score": 0.24186046511627907,
        "support": 96
    },
    "physical": {
        "precision": 0.776536312849162,
        "recall": 0.7988505747126436,
        "f1-score": 0.7875354107648724,
        "support": 174
    },
    "role": {
        "precision": 0.4495192307692308,
        "recall": 0.7391304347826086,
        "f1-score": 0.5590433482810164,
        "support": 253
    },
    "social": {
        "precision": 0.0,
        "recall": 0.0,
        "f1-score": 0.0,
        "support": 47
    },
    "temporal": {
        "precision": 0.6,
        "recall": 0.41379310344827586,
        "f1-score": 0.4897959183673469,
        "support": 29
    },
    "topic": {
        "precision": 0.0,
        "recall": 0.0,
        "f1-score": 0.0,
        "support": 42
    },
    "type-of": {
        "precision": 0.8181818181818182,
        "recall": 0.5,
        "f1-score": 0.6206896551724137,
        "support": 18
    },
    "usage": {
        "precision": 0.0,
        "recall": 0.0,
        "f1-score": 0.0,
        "support": 2
    },
    "win-defeat": {
        "precision": 0.6741573033707865,
        "recall": 0.6185567010309279,
        "f1-score": 0.6451612903225807,
        "support": 97
    },
    "micro avg": {
        "precision": 0.5584905660377358,
        "recall": 0.5474722564734895,
        "f1-score": 0.5529265255292652,
        "support": 1622
    },
    "macro avg": {
        "precision": 999999,
        "recall": 999999,
        "f1-score": 0.32984830701828294,
        "support": 1622
    },
    "weighted avg": {
        "precision": 0.5643811777969001,
        "recall": 0.5474722564734895,
        "f1-score": 0.5377424219888,
        "support": 1622
    },
    "samples avg": {
        "precision": 0.5584905660377358,
        "recall": 0.5525157232704403,
        "f1-score": 0.5545073375262054,
        "support": 1622
    }
}