{"related-to": {"precision": 0.09580838323353294, "recall": 0.14814814814814814, "f1-score": 0.11636363636363638, "support": 108}, "artifact": {"precision": 0.0, "recall": 0.0, "f1-score": 0.0, "support": 41}, "cause-effect": {"precision": 0.0, "recall": 0.0, "f1-score": 0.0, "support": 5}, "compare": {"precision": 0.0, "recall": 0.0, "f1-score": 0.0, "support": 24}, "general-affiliation": {"precision": 0.06382978723404255, "recall": 0.04, "f1-score": 0.049180327868852465, "support": 75}, "named": {"precision": 0.13095238095238096, "recall": 0.23741007194244604, "f1-score": 0.1687979539641944, "support": 139}, "opposite": {"precision": 0.0, "recall": 0.0, "f1-score": 0.0, "support": 11}, "origin": {"precision": 0.06666666666666667, "recall": 0.011235955056179775, "f1-score": 0.01923076923076923, "support": 89}, "part-of": {"precision": 0.22018348623853212, "recall": 0.22429906542056074, "f1-score": 0.2222222222222222, "support": 214}, "physical": {"precision": 0.11764705882352941, "recall": 0.1568627450980392, "f1-score": 0.13445378151260504, "support": 102}, "role": {"precision": 0.08856088560885608, "recall": 0.22018348623853212, "f1-score": 0.1263157894736842, "support": 109}, "social": {"precision": 0.0, "recall": 0.0, "f1-score": 0.0, "support": 1}, "temporal": {"precision": 0.0, "recall": 0.0, "f1-score": 0.0, "support": 21}, "topic": {"precision": 0.0, "recall": 0.0, "f1-score": 0.0, "support": 41}, "type-of": {"precision": 0.0, "recall": 0.0, "f1-score": 0.0, "support": 54}, "usage": {"precision": 0.0, "recall": 0.0, "f1-score": 0.0, "support": 122}, "win-defeat": {"precision": 0.0, "recall": 0.0, "f1-score": 0.0, "support": 7}, "micro avg": {"precision": 0.1251109139307897, "recall": 0.12123817712811694, "f1-score": 0.12314410480349344, "support": 1163}, "macro avg": {"precision": 0.046096979338678866, "recall": 0.0610670277590533, "f1-score": 0.049209675331527286, "support": 1163}, "weighted avg": {"precision": 0.09289996242811713, "recall": 0.12123817712811694, "f1-score": 0.10014489570289853, "support": 1163}, "samples avg": {"precision": 0.1251109139307897, "recall": 0.11978704525288376, "f1-score": 0.12156166814551908, "support": 1163}}