{
    "related-to": {
        "precision": 0.0,
        "recall": 0.0,
        "f1-score": 0.0,
        "support": 72
    },
    "artifact": {
        "precision": 0.779891304347826,
        "recall": 0.9566666666666667,
        "f1-score": 0.8592814371257484,
        "support": 300
    },
    "cause-effect": {
        "precision": 0.0,
        "recall": 0.0,
        "f1-score": 0.0,
        "support": 1
    },
    "compare": {
        "precision": 0.0,
        "recall": 0.0,
        "f1-score": 0.0,
        "support": 8
    },
    "general-affiliation": {
        "precision": 0.811965811965812,
        "recall": 0.8689024390243902,
        "f1-score": 0.8394698085419734,
        "support": 328
    },
    "named": {
        "precision": 0.4857142857142857,
        "recall": 0.5425531914893617,
        "f1-score": 0.5125628140703518,
        "support": 94
    },
    "opposite": {
        "precision": 0.0,
        "recall": 0.0,
        "f1-score": 0.0,
        "support": 14
    },
    "origin": {
        "precision": 0.0,
        "recall": 0.0,
        "f1-score": 0.0,
        "support": 47
    },
    "part-of": {
        "precision": 0.38461538461538464,
        "recall": 0.052083333333333336,
        "f1-score": 0.09174311926605505,
        "support": 96
    },
    "physical": {
        "precision": 0.7157894736842105,
        "recall": 0.7816091954022989,
        "f1-score": 0.7472527472527474,
        "support": 174
    },
    "role": {
        "precision": 0.5935251798561151,
        "recall": 0.6521739130434783,
        "f1-score": 0.6214689265536723,
        "support": 253
    },
    "social": {
        "precision": 0.421875,
        "recall": 0.574468085106383,
        "f1-score": 0.4864864864864865,
        "support": 47
    },
    "temporal": {
        "precision": 0.5116279069767442,
        "recall": 0.7586206896551724,
        "f1-score": 0.6111111111111112,
        "support": 29
    },
    "topic": {
        "precision": 0.07407407407407407,
        "recall": 0.047619047619047616,
        "f1-score": 0.057971014492753624,
        "support": 42
    },
    "type-of": {
        "precision": 0.9166666666666666,
        "recall": 0.6111111111111112,
        "f1-score": 0.7333333333333334,
        "support": 18
    },
    "usage": {
        "precision": 0.0,
        "recall": 0.0,
        "f1-score": 0.0,
        "support": 2
    },
    "win-defeat": {
        "precision": 0.703125,
        "recall": 0.9278350515463918,
        "f1-score": 0.8,
        "support": 97
    },
    "micro avg": {
        "precision": 0.679874213836478,
        "recall": 0.6664611590628853,
        "f1-score": 0.6731008717310086,
        "support": 1622
    },
    "macro avg": {
        "precision": 999999,
        "recall": 999999,
        "f1-score": 0.3741576940137784,
        "support": 1622
    },
    "weighted avg": {
        "precision": 0.6042300904731445,
        "recall": 0.6664611590628853,
        "f1-score": 0.6234243270329755,
        "support": 1622
    },
    "samples avg": {
        "precision": 0.679874213836478,
        "recall": 0.6713836477987422,
        "f1-score": 0.6742138364779874,
        "support": 1622
    }
}