{
    "seeds": [
        4012,
        5096,
        8857,
        8878,
        9908
    ],
    "average": {
        "related-to": {
            "precision": 0.29475979957819276,
            "recall": 0.32367149758454106,
            "f1-score": 0.30632771573068923,
            "support": 2070
        },
        "artifact": {
            "precision": 0.7784703909010471,
            "recall": 0.9253543307086615,
            "f1-score": 0.8438488349703528,
            "support": 3175
        },
        "cause-effect": {
            "precision": 0.0,
            "recall": 0.0,
            "f1-score": 0.0,
            "support": 430
        },
        "compare": {
            "precision": 0.7304029304029305,
            "recall": 0.124390243902439,
            "f1-score": 0.19509550172169307,
            "support": 410
        },
        "general-affiliation": {
            "precision": 0.7342702498254139,
            "recall": 0.8719935431799838,
            "f1-score": 0.7969260236018597,
            "support": 6195
        },
        "named": {
            "precision": 0.6941039266053999,
            "recall": 0.6971326164874553,
            "f1-score": 0.6931849956839848,
            "support": 2790
        },
        "opposite": {
            "precision": 0.3101778127617491,
            "recall": 0.1,
            "f1-score": 0.1448241090834876,
            "support": 640
        },
        "origin": {
            "precision": 0.4959716885653405,
            "recall": 0.3802631578947368,
            "f1-score": 0.425912345067208,
            "support": 1520
        },
        "part-of": {
            "precision": 0.3160081360983261,
            "recall": 0.3872399445214979,
            "f1-score": 0.34391548681640066,
            "support": 3605
        },
        "physical": {
            "precision": 0.7920586674978871,
            "recall": 0.8072852233676976,
            "f1-score": 0.7960430048637545,
            "support": 7275
        },
        "role": {
            "precision": 0.6551290009487857,
            "recall": 0.5668993020937189,
            "f1-score": 0.6063833435039656,
            "support": 10030
        },
        "social": {
            "precision": 0.5255882371784604,
            "recall": 0.30095238095238097,
            "f1-score": 0.36379594741775095,
            "support": 525
        },
        "temporal": {
            "precision": 0.7383986424707067,
            "recall": 0.8196078431372549,
            "f1-score": 0.7762098242151996,
            "support": 2040
        },
        "topic": {
            "precision": 0.8722132069958157,
            "recall": 0.19647058823529412,
            "f1-score": 0.31675281524655746,
            "support": 850
        },
        "type-of": {
            "precision": 0.7709362814469454,
            "recall": 0.32559523809523805,
            "f1-score": 0.45089586194308684,
            "support": 1680
        },
        "usage": {
            "precision": 0.6749629629629629,
            "recall": 0.09,
            "f1-score": 0.15473486967975156,
            "support": 1000
        },
        "win-defeat": {
            "precision": 0.7652249262097961,
            "recall": 0.591167192429022,
            "f1-score": 0.6625794071252554,
            "support": 1585
        },
        "micro avg": {
            "precision": 0.6500692201199815,
            "recall": 0.6148843299869053,
            "f1-score": 0.6319874383131449,
            "support": 45820
        },
        "macro avg": {
            "precision": 999999.0,
            "recall": 999999.0,
            "f1-score": 0.46337824039241166,
            "support": 45820
        },
        "weighted avg": {
            "precision": 0.6546934115785001,
            "recall": 0.6148843299869053,
            "f1-score": 0.6137823404032955,
            "support": 45820
        },
        "samples avg": {
            "precision": 0.6500692201199815,
            "recall": 0.6242616520535302,
            "f1-score": 0.632837255806799,
            "support": 45820
        }
    }
}