{
    "seeds": [
        4012,
        5096,
        8857,
        8878,
        9908
    ],
    "average": {
        "related-to": {
            "precision": 0.27532824204314854,
            "recall": 0.3294685990338165,
            "f1-score": 0.2983873011605926,
            "support": 2070
        },
        "artifact": {
            "precision": 0.8003605750553013,
            "recall": 0.9288188976377952,
            "f1-score": 0.8594356380086452,
            "support": 3175
        },
        "cause-effect": {
            "precision": 0.0,
            "recall": 0.0,
            "f1-score": 0.0,
            "support": 430
        },
        "compare": {
            "precision": 0.7068004459308808,
            "recall": 0.06829268292682927,
            "f1-score": 0.11366786917684005,
            "support": 410
        },
        "general-affiliation": {
            "precision": 0.7399325071823235,
            "recall": 0.8666666666666668,
            "f1-score": 0.7973712737675196,
            "support": 6195
        },
        "named": {
            "precision": 0.6924961939151506,
            "recall": 0.6899641577060931,
            "f1-score": 0.6890536310678522,
            "support": 2790
        },
        "opposite": {
            "precision": 0.3420395899308219,
            "recall": 0.125,
            "f1-score": 0.17406324757611313,
            "support": 640
        },
        "origin": {
            "precision": 0.4932788075161512,
            "recall": 0.3927631578947368,
            "f1-score": 0.4356933552265678,
            "support": 1520
        },
        "part-of": {
            "precision": 0.31214328622133625,
            "recall": 0.42662968099861304,
            "f1-score": 0.3590812478516464,
            "support": 3605
        },
        "physical": {
            "precision": 0.7881168390369813,
            "recall": 0.812233676975945,
            "f1-score": 0.796445493054772,
            "support": 7275
        },
        "role": {
            "precision": 0.6899813443104087,
            "recall": 0.5251246261216351,
            "f1-score": 0.595180250592288,
            "support": 10030
        },
        "social": {
            "precision": 0.4897267651888342,
            "recall": 0.45714285714285713,
            "f1-score": 0.45965908828312924,
            "support": 525
        },
        "temporal": {
            "precision": 0.7395671833673815,
            "recall": 0.8269607843137254,
            "f1-score": 0.7803174961687929,
            "support": 2040
        },
        "topic": {
            "precision": 0.8163376413376413,
            "recall": 0.22470588235294117,
            "f1-score": 0.3405112130213068,
            "support": 850
        },
        "type-of": {
            "precision": 0.7118241257822797,
            "recall": 0.33630952380952384,
            "f1-score": 0.4482181165484633,
            "support": 1680
        },
        "usage": {
            "precision": 0.6542783232039893,
            "recall": 0.071,
            "f1-score": 0.12656890766118994,
            "support": 1000
        },
        "win-defeat": {
            "precision": 0.7596115782537535,
            "recall": 0.7003154574132492,
            "f1-score": 0.7280866406079922,
            "support": 1585
        },
        "micro avg": {
            "precision": 0.6508537148131056,
            "recall": 0.6156263640331733,
            "f1-score": 0.6327501121579183,
            "support": 45820
        },
        "macro avg": {
            "precision": 999999.0,
            "recall": 999999.0,
            "f1-score": 0.47069063351610074,
            "support": 45820
        },
        "weighted avg": {
            "precision": 0.658635423371802,
            "recall": 0.6156263640331733,
            "f1-score": 0.6163964519391365,
            "support": 45820
        },
        "samples avg": {
            "precision": 0.6508537148131056,
            "recall": 0.6247692662667281,
            "f1-score": 0.6334371635133056,
            "support": 45820
        }
    }
}