{
    "seeds": [
        4012,
        5096,
        8857,
        8878,
        9908
    ],
    "average": {
        "related-to": {
            "precision": 0.18173444976076555,
            "recall": 0.03055555555555555,
            "f1-score": 0.051953849852762565,
            "support": 360
        },
        "artifact": {
            "precision": 0.8031669239762689,
            "recall": 0.9546666666666667,
            "f1-score": 0.8721302180580539,
            "support": 1500
        },
        "cause-effect": {
            "precision": 0.0,
            "recall": 0.0,
            "f1-score": 0.0,
            "support": 5
        },
        "compare": {
            "precision": 0.0,
            "recall": 0.0,
            "f1-score": 0.0,
            "support": 40
        },
        "general-affiliation": {
            "precision": 0.7849573020405058,
            "recall": 0.8957317073170733,
            "f1-score": 0.8365899436643831,
            "support": 1640
        },
        "named": {
            "precision": 0.38986138631840317,
            "recall": 0.548936170212766,
            "f1-score": 0.45359140917471574,
            "support": 470
        },
        "opposite": {
            "precision": 0.1,
            "recall": 0.014285714285714285,
            "f1-score": 0.025,
            "support": 70
        },
        "origin": {
            "precision": 0.0,
            "recall": 0.0,
            "f1-score": 0.0,
            "support": 235
        },
        "part-of": {
            "precision": 0.22022934919486642,
            "recall": 0.07291666666666666,
            "f1-score": 0.10647035051960849,
            "support": 480
        },
        "physical": {
            "precision": 0.7195592812184363,
            "recall": 0.7517241379310344,
            "f1-score": 0.7348409778024009,
            "support": 870
        },
        "role": {
            "precision": 0.60700938890204,
            "recall": 0.6474308300395257,
            "f1-score": 0.6248586914177336,
            "support": 1265
        },
        "social": {
            "precision": 0.574034474034474,
            "recall": 0.4297872340425532,
            "f1-score": 0.47679658267893565,
            "support": 235
        },
        "temporal": {
            "precision": 0.4499522886077508,
            "recall": 0.7172413793103448,
            "f1-score": 0.5516805812249059,
            "support": 145
        },
        "topic": {
            "precision": 0.17666666666666667,
            "recall": 0.047619047619047616,
            "f1-score": 0.07399151473454879,
            "support": 210
        },
        "type-of": {
            "precision": 0.7923951048951049,
            "recall": 0.5111111111111111,
            "f1-score": 0.6136455287171769,
            "support": 90
        },
        "usage": {
            "precision": 0.0,
            "recall": 0.0,
            "f1-score": 0.0,
            "support": 10
        },
        "win-defeat": {
            "precision": 0.6984977692508773,
            "recall": 0.8659793814432989,
            "f1-score": 0.7729408326278147,
            "support": 485
        },
        "micro avg": {
            "precision": 0.6742138364779874,
            "recall": 0.6609124537607892,
            "f1-score": 0.6674968866749689,
            "support": 8110
        },
        "macro avg": {
            "precision": 999999.0,
            "recall": 999999.0,
            "f1-score": 0.3643817929690024,
            "support": 8110
        },
        "weighted avg": {
            "precision": 0.6035340708757675,
            "recall": 0.6609124537607892,
            "f1-score": 0.6205168122376284,
            "support": 8110
        },
        "samples avg": {
            "precision": 0.6742138364779874,
            "recall": 0.6673375262054507,
            "f1-score": 0.6696226415094338,
            "support": 8110
        }
    }
}