{"related-to": {"precision": 0.07692307692307693, "recall": 0.013888888888888888, "f1-score": 0.023529411764705882, "support": 72}, "artifact": {"precision": 0.18309859154929578, "recall": 0.17333333333333334, "f1-score": 0.17808219178082194, "support": 300}, "cause-effect": {"precision": 0.0, "recall": 0.0, "f1-score": 0.0, "support": 1}, "compare": {"precision": 0.0, "recall": 0.0, "f1-score": 0.0, "support": 8}, "general-affiliation": {"precision": 0.18685121107266436, "recall": 0.16463414634146342, "f1-score": 0.17504051863857373, "support": 328}, "named": {"precision": 0.04395604395604396, "recall": 0.0425531914893617, "f1-score": 0.043243243243243246, "support": 94}, "opposite": {"precision": 0.0, "recall": 0.0, "f1-score": 0.0, "support": 14}, "origin": {"precision": 0.025, "recall": 0.0425531914893617, "f1-score": 0.031496062992125984, "support": 47}, "part-of": {"precision": 0.08163265306122448, "recall": 0.08333333333333333, "f1-score": 0.08247422680412371, "support": 96}, "physical": {"precision": 0.100418410041841, "recall": 0.13793103448275862, "f1-score": 0.1162227602905569, "support": 174}, "role": {"precision": 0.14497041420118342, "recall": 0.19367588932806323, "f1-score": 0.1658206429780034, "support": 253}, "social": {"precision": 0.0, "recall": 0.0, "f1-score": 0.0, "support": 47}, "temporal": {"precision": 0.037037037037037035, "recall": 0.034482758620689655, "f1-score": 0.03571428571428571, "support": 29}, "topic": {"precision": 0.0, "recall": 0.0, "f1-score": 0.0, "support": 42}, "type-of": {"precision": 0.0, "recall": 0.0, "f1-score": 0.0, "support": 18}, "usage": {"precision": 0.0, "recall": 0.0, "f1-score": 0.0, "support": 2}, "win-defeat": {"precision": 0.06837606837606838, "recall": 0.08247422680412371, "f1-score": 0.07476635514018691, "support": 97}, "micro avg": {"precision": 0.12767295597484277, "recall": 0.12515413070283601, "f1-score": 0.12640099626400997, "support": 1622}, "macro avg": {"precision": 0.055780206248143255, "recall": 0.0569917643594928, "f1-score": 0.054493511726272204, "support": 1622}, "weighted avg": {"precision": 0.12130438342019872, "recall": 0.12515413070283601, "f1-score": 0.12112096460650582, "support": 1622}, "samples avg": {"precision": 0.12767295597484277, "recall": 0.12452830188679245, "f1-score": 0.12557651991614255, "support": 1622}}