{
    "related-to": {
        "precision": 0.16666666666666666,
        "recall": 0.041666666666666664,
        "f1-score": 0.06666666666666667,
        "support": 72
    },
    "artifact": {
        "precision": 0.6109660574412533,
        "recall": 0.78,
        "f1-score": 0.6852122986822842,
        "support": 300
    },
    "cause-effect": {
        "precision": 0.0,
        "recall": 0.0,
        "f1-score": 0.0,
        "support": 1
    },
    "compare": {
        "precision": 0.0,
        "recall": 0.0,
        "f1-score": 0.0,
        "support": 8
    },
    "general-affiliation": {
        "precision": 0.8048780487804879,
        "recall": 0.3018292682926829,
        "f1-score": 0.43902439024390244,
        "support": 328
    },
    "named": {
        "precision": 0.7884615384615384,
        "recall": 0.43617021276595747,
        "f1-score": 0.5616438356164384,
        "support": 94
    },
    "opposite": {
        "precision": 0.5,
        "recall": 0.21428571428571427,
        "f1-score": 0.3,
        "support": 14
    },
    "origin": {
        "precision": 0.15555555555555556,
        "recall": 0.2978723404255319,
        "f1-score": 0.20437956204379562,
        "support": 47
    },
    "part-of": {
        "precision": 0.14720812182741116,
        "recall": 0.3020833333333333,
        "f1-score": 0.1979522184300341,
        "support": 96
    },
    "physical": {
        "precision": 0.5813953488372093,
        "recall": 0.8620689655172413,
        "f1-score": 0.6944444444444445,
        "support": 174
    },
    "role": {
        "precision": 0.4882943143812709,
        "recall": 0.5770750988142292,
        "f1-score": 0.5289855072463768,
        "support": 253
    },
    "social": {
        "precision": 1.0,
        "recall": 0.0425531914893617,
        "f1-score": 0.08163265306122448,
        "support": 47
    },
    "temporal": {
        "precision": 0.55,
        "recall": 0.7586206896551724,
        "f1-score": 0.6376811594202898,
        "support": 29
    },
    "topic": {
        "precision": 0.0,
        "recall": 0.0,
        "f1-score": 0.0,
        "support": 42
    },
    "type-of": {
        "precision": 0.8333333333333334,
        "recall": 0.5555555555555556,
        "f1-score": 0.6666666666666667,
        "support": 18
    },
    "usage": {
        "precision": 0.0,
        "recall": 0.0,
        "f1-score": 0.0,
        "support": 2
    },
    "win-defeat": {
        "precision": 0.6388888888888888,
        "recall": 0.711340206185567,
        "f1-score": 0.673170731707317,
        "support": 97
    },
    "micro avg": {
        "precision": 0.5169811320754717,
        "recall": 0.5067817509247842,
        "f1-score": 0.5118306351183064,
        "support": 1622
    },
    "macro avg": {
        "precision": 999999,
        "recall": 999999,
        "f1-score": 0.33749765495467304,
        "support": 1622
    },
    "weighted avg": {
        "precision": 0.57119097849116,
        "recall": 0.5067817509247842,
        "f1-score": 0.48968013470857863,
        "support": 1622
    },
    "samples avg": {
        "precision": 0.5169811320754717,
        "recall": 0.5103773584905661,
        "f1-score": 0.5125786163522013,
        "support": 1622
    }
}