{
    "related-to": {
        "precision": 0.0,
        "recall": 0.0,
        "f1-score": 0.0,
        "support": 72
    },
    "artifact": {
        "precision": 0.8107344632768362,
        "recall": 0.9566666666666667,
        "f1-score": 0.8776758409785933,
        "support": 300
    },
    "cause-effect": {
        "precision": 0.0,
        "recall": 0.0,
        "f1-score": 0.0,
        "support": 1
    },
    "compare": {
        "precision": 0.0,
        "recall": 0.0,
        "f1-score": 0.0,
        "support": 8
    },
    "general-affiliation": {
        "precision": 0.8020833333333334,
        "recall": 0.9390243902439024,
        "f1-score": 0.8651685393258427,
        "support": 328
    },
    "named": {
        "precision": 0.39285714285714285,
        "recall": 0.5851063829787234,
        "f1-score": 0.4700854700854701,
        "support": 94
    },
    "opposite": {
        "precision": 0.0,
        "recall": 0.0,
        "f1-score": 0.0,
        "support": 14
    },
    "origin": {
        "precision": 0.0,
        "recall": 0.0,
        "f1-score": 0.0,
        "support": 47
    },
    "part-of": {
        "precision": 0.2413793103448276,
        "recall": 0.07291666666666667,
        "f1-score": 0.11200000000000002,
        "support": 96
    },
    "physical": {
        "precision": 0.6871794871794872,
        "recall": 0.7701149425287356,
        "f1-score": 0.7262872628726287,
        "support": 174
    },
    "role": {
        "precision": 0.6086956521739131,
        "recall": 0.6086956521739131,
        "f1-score": 0.6086956521739131,
        "support": 253
    },
    "social": {
        "precision": 0.5897435897435898,
        "recall": 0.48936170212765956,
        "f1-score": 0.5348837209302325,
        "support": 47
    },
    "temporal": {
        "precision": 0.44,
        "recall": 0.7586206896551724,
        "f1-score": 0.5569620253164557,
        "support": 29
    },
    "topic": {
        "precision": 0.3333333333333333,
        "recall": 0.07142857142857142,
        "f1-score": 0.11764705882352941,
        "support": 42
    },
    "type-of": {
        "precision": 1.0,
        "recall": 0.4444444444444444,
        "f1-score": 0.6153846153846153,
        "support": 18
    },
    "usage": {
        "precision": 0.0,
        "recall": 0.0,
        "f1-score": 0.0,
        "support": 2
    },
    "win-defeat": {
        "precision": 0.6829268292682927,
        "recall": 0.865979381443299,
        "f1-score": 0.7636363636363637,
        "support": 97
    },
    "micro avg": {
        "precision": 0.6823899371069182,
        "recall": 0.6689272503082614,
        "f1-score": 0.6755915317559152,
        "support": 1622
    },
    "macro avg": {
        "precision": 999999,
        "recall": 999999,
        "f1-score": 0.3675545029133908,
        "support": 1622
    },
    "weighted avg": {
        "precision": 0.6033882487449217,
        "recall": 0.6689272503082614,
        "f1-score": 0.6250149886303716,
        "support": 1622
    },
    "samples avg": {
        "precision": 0.6823899371069182,
        "recall": 0.6753668763102725,
        "f1-score": 0.6776729559748428,
        "support": 1622
    }
}