{
    "seeds": [
        4012,
        5096,
        8878,
        8857,
        9908
    ],
    "average": {
        "related-to": {
            "precision": 0.2653852558412303,
            "recall": 0.28550724637681163,
            "f1-score": 0.27442120589736424,
            "support": 2070
        },
        "artifact": {
            "precision": 0.8000299736279407,
            "recall": 0.9083464566929134,
            "f1-score": 0.8498687735482916,
            "support": 3175
        },
        "cause-effect": {
            "precision": 0.0,
            "recall": 0.0,
            "f1-score": 0.0,
            "support": 430
        },
        "compare": {
            "precision": 0.7555944055944057,
            "recall": 0.15365853658536585,
            "f1-score": 0.24828213230959228,
            "support": 410
        },
        "general-affiliation": {
            "precision": 0.7294174040730248,
            "recall": 0.872639225181598,
            "f1-score": 0.7944619472488784,
            "support": 6195
        },
        "named": {
            "precision": 0.7001759467935963,
            "recall": 0.628673835125448,
            "f1-score": 0.6586753058982505,
            "support": 2790
        },
        "opposite": {
            "precision": 0.2142138966095409,
            "recall": 0.0859375,
            "f1-score": 0.11620684324355268,
            "support": 640
        },
        "origin": {
            "precision": 0.5382763417589845,
            "recall": 0.28421052631578947,
            "f1-score": 0.3672766420346033,
            "support": 1520
        },
        "part-of": {
            "precision": 0.3161104038305704,
            "recall": 0.42135922330097086,
            "f1-score": 0.3603154408642399,
            "support": 3605
        },
        "physical": {
            "precision": 0.7982594082636463,
            "recall": 0.8661168384879726,
            "f1-score": 0.830556890937167,
            "support": 7275
        },
        "role": {
            "precision": 0.6674975848105786,
            "recall": 0.5970089730807577,
            "f1-score": 0.6291716642869594,
            "support": 10030
        },
        "social": {
            "precision": 0.5760229469131989,
            "recall": 0.2666666666666667,
            "f1-score": 0.34176500513086505,
            "support": 525
        },
        "temporal": {
            "precision": 0.7739254904037588,
            "recall": 0.815686274509804,
            "f1-score": 0.7936325448124257,
            "support": 2040
        },
        "topic": {
            "precision": 0.5038095238095238,
            "recall": 0.029411764705882353,
            "f1-score": 0.0549439554046884,
            "support": 850
        },
        "type-of": {
            "precision": 0.7476590069995098,
            "recall": 0.30654761904761907,
            "f1-score": 0.4340288967243867,
            "support": 1680
        },
        "usage": {
            "precision": 0.7497639251904225,
            "recall": 0.14200000000000002,
            "f1-score": 0.23707000797211059,
            "support": 1000
        },
        "win-defeat": {
            "precision": 0.7656602350303702,
            "recall": 0.6574132492113565,
            "f1-score": 0.7060588155318606,
            "support": 1585
        },
        "micro avg": {
            "precision": 0.6580756806645132,
            "recall": 0.6224574421649934,
            "f1-score": 0.6397711978465679,
            "support": 45820
        },
        "macro avg": {
            "precision": 999999.0,
            "recall": 999999.0,
            "f1-score": 0.4527491806967786,
            "support": 45820
        },
        "weighted avg": {
            "precision": 0.6546818342227262,
            "recall": 0.6224574421649934,
            "f1-score": 0.6185622253530225,
            "support": 45820
        },
        "samples avg": {
            "precision": 0.6580756806645132,
            "recall": 0.6320143054914629,
            "f1-score": 0.6406745116135979,
            "support": 45820
        }
    }
}