{"related-to": {"precision": 0.0, "recall": 0.0, "f1-score": 0.0, "support": 76}, "artifact": {"precision": 0.0, "recall": 0.0, "f1-score": 0.0, "support": 2}, "cause-effect": {"precision": 0.0, "recall": 0.0, "f1-score": 0.0, "support": 0}, "compare": {"precision": 0.0, "recall": 0.0, "f1-score": 0.0, "support": 6}, "general-affiliation": {"precision": 0.02, "recall": 0.03225806451612903, "f1-score": 0.024691358024691357, "support": 31}, "named": {"precision": 0.06293706293706294, "recall": 0.06923076923076923, "f1-score": 0.06593406593406594, "support": 130}, "opposite": {"precision": 0.0, "recall": 0.0, "f1-score": 0.0, "support": 53}, "origin": {"precision": 0.0, "recall": 0.0, "f1-score": 0.0, "support": 55}, "part-of": {"precision": 0.062146892655367235, "recall": 0.09401709401709402, "f1-score": 0.07482993197278912, "support": 117}, "physical": {"precision": 0.2134251290877797, "recall": 0.30317848410757947, "f1-score": 0.2505050505050505, "support": 409}, "role": {"precision": 0.4446064139941691, "recall": 0.3652694610778443, "f1-score": 0.401051939513478, "support": 835}, "social": {"precision": 0.0, "recall": 0.0, "f1-score": 0.0, "support": 21}, "temporal": {"precision": 0.1858974358974359, "recall": 0.09446254071661238, "f1-score": 0.12526997840172788, "support": 307}, "topic": {"precision": 0.0, "recall": 0.0, "f1-score": 0.0, "support": 13}, "type-of": {"precision": 0.0, "recall": 0.0, "f1-score": 0.0, "support": 28}, "usage": {"precision": 0.0, "recall": 0.0, "f1-score": 0.0, "support": 0}, "win-defeat": {"precision": 0.0, "recall": 0.0, "f1-score": 0.0, "support": 41}, "micro avg": {"precision": 0.261605679956308, "recall": 0.22551789077212805, "f1-score": 0.24222503160556258, "support": 2124}, "macro avg": {"precision": 0.05817723144540087, "recall": 0.05637743609800167, "f1-score": 0.05542837202069428, "support": 2124}, "weighted avg": {"precision": 0.2503205042019972, "recall": 0.22551789077212805, "f1-score": 0.23252579153985903, "support": 2124}, "samples avg": {"precision": 0.261605679956308, "recall": 0.22610595303113054, "f1-score": 0.237939195339523, "support": 2124}}