{
    "related-to": {
        "precision": 0.0,
        "recall": 0.0,
        "f1-score": 0.0,
        "support": 76
    },
    "artifact": {
        "precision": 0.3333333333333333,
        "recall": 0.5,
        "f1-score": 0.4,
        "support": 2
    },
    "cause-effect": {
        "precision": 0.0,
        "recall": 0.0,
        "f1-score": 0.0,
        "support": 0
    },
    "compare": {
        "precision": 0.0,
        "recall": 0.0,
        "f1-score": 0.0,
        "support": 6
    },
    "general-affiliation": {
        "precision": 0.44,
        "recall": 0.7096774193548387,
        "f1-score": 0.5432098765432098,
        "support": 31
    },
    "named": {
        "precision": 0.6993006993006993,
        "recall": 0.7692307692307693,
        "f1-score": 0.7326007326007327,
        "support": 130
    },
    "opposite": {
        "precision": 0.0,
        "recall": 0.0,
        "f1-score": 0.0,
        "support": 53
    },
    "origin": {
        "precision": 0.2727272727272727,
        "recall": 0.05454545454545454,
        "f1-score": 0.0909090909090909,
        "support": 55
    },
    "part-of": {
        "precision": 0.22033898305084745,
        "recall": 0.3333333333333333,
        "f1-score": 0.26530612244897955,
        "support": 117
    },
    "physical": {
        "precision": 0.6592082616179001,
        "recall": 0.9364303178484108,
        "f1-score": 0.7737373737373736,
        "support": 409
    },
    "role": {
        "precision": 0.7288629737609329,
        "recall": 0.5988023952095808,
        "f1-score": 0.6574621959237343,
        "support": 835
    },
    "social": {
        "precision": 1.0,
        "recall": 0.19047619047619047,
        "f1-score": 0.32,
        "support": 21
    },
    "temporal": {
        "precision": 0.7435897435897436,
        "recall": 0.3778501628664495,
        "f1-score": 0.5010799136069115,
        "support": 307
    },
    "topic": {
        "precision": 0.0,
        "recall": 0.0,
        "f1-score": 0.0,
        "support": 13
    },
    "type-of": {
        "precision": 0.5833333333333334,
        "recall": 0.25,
        "f1-score": 0.35000000000000003,
        "support": 28
    },
    "usage": {
        "precision": 0.0,
        "recall": 0.0,
        "f1-score": 0.0,
        "support": 0
    },
    "win-defeat": {
        "precision": 0.0,
        "recall": 0.0,
        "f1-score": 0.0,
        "support": 41
    },
    "micro avg": {
        "precision": 0.6417258328782086,
        "recall": 0.553201506591337,
        "f1-score": 0.5941845764854614,
        "support": 2124
    },
    "macro avg": {
        "precision": 999999,
        "recall": 999999,
        "f1-score": 0.30895368705133547,
        "support": 2124
    },
    "weighted avg": {
        "precision": 0.6072634488230657,
        "recall": 0.553201506591337,
        "f1-score": 0.5577728204659563,
        "support": 2124
    },
    "samples avg": {
        "precision": 0.6417258328782086,
        "recall": 0.5775532495903878,
        "f1-score": 0.598944110686328,
        "support": 2124
    }
}