{
    "related-to": {
        "precision": 0.0,
        "recall": 0.0,
        "f1-score": 0.0,
        "support": 76
    },
    "artifact": {
        "precision": 0.0,
        "recall": 0.0,
        "f1-score": 0.0,
        "support": 2
    },
    "cause-effect": {
        "precision": 0.0,
        "recall": 0.0,
        "f1-score": 0.0,
        "support": 0
    },
    "compare": {
        "precision": 0.0,
        "recall": 0.0,
        "f1-score": 0.0,
        "support": 6
    },
    "general-affiliation": {
        "precision": 0.17073170731707318,
        "recall": 0.45161290322580644,
        "f1-score": 0.24778761061946902,
        "support": 31
    },
    "named": {
        "precision": 0.6638655462184874,
        "recall": 0.6076923076923076,
        "f1-score": 0.6345381526104418,
        "support": 130
    },
    "opposite": {
        "precision": 0.15,
        "recall": 0.11320754716981132,
        "f1-score": 0.12903225806451613,
        "support": 53
    },
    "origin": {
        "precision": 0.0,
        "recall": 0.0,
        "f1-score": 0.0,
        "support": 55
    },
    "part-of": {
        "precision": 0.07692307692307693,
        "recall": 0.008547008547008548,
        "f1-score": 0.015384615384615387,
        "support": 117
    },
    "physical": {
        "precision": 0.6643356643356644,
        "recall": 0.6968215158924206,
        "f1-score": 0.6801909307875895,
        "support": 409
    },
    "role": {
        "precision": 0.5812574139976275,
        "recall": 0.5868263473053892,
        "f1-score": 0.5840286054827175,
        "support": 835
    },
    "social": {
        "precision": 0.0,
        "recall": 0.0,
        "f1-score": 0.0,
        "support": 21
    },
    "temporal": {
        "precision": 0.8576158940397351,
        "recall": 0.8436482084690554,
        "f1-score": 0.8505747126436782,
        "support": 307
    },
    "topic": {
        "precision": 0.0,
        "recall": 0.0,
        "f1-score": 0.0,
        "support": 13
    },
    "type-of": {
        "precision": 0.0,
        "recall": 0.0,
        "f1-score": 0.0,
        "support": 28
    },
    "usage": {
        "precision": 0.0,
        "recall": 0.0,
        "f1-score": 0.0,
        "support": 0
    },
    "win-defeat": {
        "precision": 0.0,
        "recall": 0.0,
        "f1-score": 0.0,
        "support": 41
    },
    "micro avg": {
        "precision": 0.6193336974330966,
        "recall": 0.5338983050847458,
        "f1-score": 0.5734513274336284,
        "support": 2124
    },
    "macro avg": {
        "precision": 999999,
        "recall": 999999,
        "f1-score": 0.20943579237286852,
        "support": 2124
    },
    "weighted avg": {
        "precision": 0.5314955323948857,
        "recall": 0.5338983050847458,
        "f1-score": 0.5300369578614796,
        "support": 2124
    },
    "samples avg": {
        "precision": 0.6193336974330966,
        "recall": 0.542599672310213,
        "f1-score": 0.5681776806845077,
        "support": 2124
    }
}