{"related-to": {"precision": 0.02040816326530612, "recall": 0.07692307692307693, "f1-score": 0.03225806451612903, "support": 26}, "artifact": {"precision": 0.10985915492957747, "recall": 0.15057915057915058, "f1-score": 0.12703583061889254, "support": 259}, "cause-effect": {"precision": 0.0, "recall": 0.0, "f1-score": 0.0, "support": 4}, "compare": {"precision": 0.0, "recall": 0.0, "f1-score": 0.0, "support": 5}, "general-affiliation": {"precision": 0.312, "recall": 0.27008310249307477, "f1-score": 0.28953229398663693, "support": 722}, "named": {"precision": 0.057971014492753624, "recall": 0.04819277108433735, "f1-score": 0.052631578947368425, "support": 83}, "opposite": {"precision": 0.0, "recall": 0.0, "f1-score": 0.0, "support": 6}, "origin": {"precision": 0.0, "recall": 0.0, "f1-score": 0.0, "support": 19}, "part-of": {"precision": 0.1320754716981132, "recall": 0.07954545454545454, "f1-score": 0.09929078014184396, "support": 176}, "physical": {"precision": 0.17980295566502463, "recall": 0.1750599520383693, "f1-score": 0.1773997569866343, "support": 417}, "role": {"precision": 0.17607223476297967, "recall": 0.20580474934036938, "f1-score": 0.18978102189781024, "support": 379}, "social": {"precision": 1.0, "recall": 0.045454545454545456, "f1-score": 0.08695652173913045, "support": 22}, "temporal": {"precision": 0.0, "recall": 0.0, "f1-score": 0.0, "support": 24}, "topic": {"precision": 0.0, "recall": 0.0, "f1-score": 0.0, "support": 8}, "type-of": {"precision": 0.028169014084507043, "recall": 0.01680672268907563, "f1-score": 0.021052631578947368, "support": 119}, "usage": {"precision": 0.0, "recall": 0.0, "f1-score": 0.0, "support": 52}, "win-defeat": {"precision": 0.04716981132075472, "recall": 0.053763440860215055, "f1-score": 0.050251256281407045, "support": 93}, "micro avg": {"precision": 0.17710120068610635, "recall": 0.17108533554266778, "f1-score": 0.17404129793510323, "support": 2414}, "macro avg": {"precision": 0.12138398942464805, "recall": 0.0660125274122158, "f1-score": 0.06624645509969414, "support": 2414}, "weighted avg": {"precision": 0.1879673261018211, "recall": 0.17108533554266778, "f1-score": 0.17382820375173302, "support": 2414}, "samples avg": {"precision": 0.17710120068610635, "recall": 0.17231275014293881, "f1-score": 0.17388507718696397, "support": 2414}}