{
    "related-to": {
        "precision": 0.01020408163265306,
        "recall": 0.038461538461538464,
        "f1-score": 0.016129032258064516,
        "support": 26
    },
    "artifact": {
        "precision": 0.7664473684210527,
        "recall": 0.8996138996138996,
        "f1-score": 0.827708703374778,
        "support": 259
    },
    "cause-effect": {
        "precision": 0.0,
        "recall": 0.0,
        "f1-score": 0.0,
        "support": 4
    },
    "compare": {
        "precision": 0.0,
        "recall": 0.0,
        "f1-score": 0.0,
        "support": 5
    },
    "general-affiliation": {
        "precision": 0.8248587570621468,
        "recall": 0.8088642659279779,
        "f1-score": 0.8167832167832169,
        "support": 722
    },
    "named": {
        "precision": 0.6417910447761194,
        "recall": 0.5180722891566265,
        "f1-score": 0.5733333333333333,
        "support": 83
    },
    "opposite": {
        "precision": 0.0,
        "recall": 0.0,
        "f1-score": 0.0,
        "support": 6
    },
    "origin": {
        "precision": 0.18181818181818182,
        "recall": 0.21052631578947367,
        "f1-score": 0.1951219512195122,
        "support": 19
    },
    "part-of": {
        "precision": 0.23255813953488372,
        "recall": 0.22727272727272727,
        "f1-score": 0.22988505747126436,
        "support": 176
    },
    "physical": {
        "precision": 0.8877551020408163,
        "recall": 0.8345323741007195,
        "f1-score": 0.8603213844252164,
        "support": 417
    },
    "role": {
        "precision": 0.6481481481481481,
        "recall": 0.6464379947229552,
        "f1-score": 0.6472919418758256,
        "support": 379
    },
    "social": {
        "precision": 0.16666666666666666,
        "recall": 0.045454545454545456,
        "f1-score": 0.07142857142857144,
        "support": 22
    },
    "temporal": {
        "precision": 0.4,
        "recall": 0.4166666666666667,
        "f1-score": 0.4081632653061225,
        "support": 24
    },
    "topic": {
        "precision": 0.0,
        "recall": 0.0,
        "f1-score": 0.0,
        "support": 8
    },
    "type-of": {
        "precision": 0.958904109589041,
        "recall": 0.5882352941176471,
        "f1-score": 0.7291666666666667,
        "support": 119
    },
    "usage": {
        "precision": 0.0,
        "recall": 0.0,
        "f1-score": 0.0,
        "support": 52
    },
    "win-defeat": {
        "precision": 0.7294117647058823,
        "recall": 0.6666666666666666,
        "f1-score": 0.696629213483146,
        "support": 93
    },
    "micro avg": {
        "precision": 0.7036878216123499,
        "recall": 0.679784589892295,
        "f1-score": 0.6915297092288243,
        "support": 2414
    },
    "macro avg": {
        "precision": 999999,
        "recall": 999999,
        "f1-score": 0.35717425515445406,
        "support": 2414
    },
    "weighted avg": {
        "precision": 0.7054806161541229,
        "recall": 0.679784589892295,
        "f1-score": 0.689009737277272,
        "support": 2414
    },
    "samples avg": {
        "precision": 0.7036878216123499,
        "recall": 0.6893224699828473,
        "f1-score": 0.6940394511149228,
        "support": 2414
    }
}