{"related-to": {"precision": 0.0625, "recall": 0.013157894736842105, "f1-score": 0.021739130434782608, "support": 76}, "artifact": {"precision": 0.0, "recall": 0.0, "f1-score": 0.0, "support": 2}, "cause-effect": {"precision": 0.0, "recall": 0.0, "f1-score": 0.0, "support": 0}, "compare": {"precision": 0.0, "recall": 0.0, "f1-score": 0.0, "support": 6}, "general-affiliation": {"precision": 0.0, "recall": 0.0, "f1-score": 0.0, "support": 31}, "named": {"precision": 0.0763888888888889, "recall": 0.08461538461538462, "f1-score": 0.08029197080291971, "support": 130}, "opposite": {"precision": 0.041666666666666664, "recall": 0.018867924528301886, "f1-score": 0.025974025974025972, "support": 53}, "origin": {"precision": 0.0, "recall": 0.0, "f1-score": 0.0, "support": 55}, "part-of": {"precision": 0.045454545454545456, "recall": 0.042735042735042736, "f1-score": 0.04405286343612335, "support": 117}, "physical": {"precision": 0.22491349480968859, "recall": 0.31784841075794623, "f1-score": 0.2634245187436677, "support": 409}, "role": {"precision": 0.4406548431105048, "recall": 0.38682634730538923, "f1-score": 0.4119897959183673, "support": 835}, "social": {"precision": 0.0, "recall": 0.0, "f1-score": 0.0, "support": 21}, "temporal": {"precision": 0.15384615384615385, "recall": 0.07166123778501629, "f1-score": 0.09777777777777778, "support": 307}, "topic": {"precision": 0.0, "recall": 0.0, "f1-score": 0.0, "support": 13}, "type-of": {"precision": 0.0, "recall": 0.0, "f1-score": 0.0, "support": 28}, "usage": {"precision": 0.0, "recall": 0.0, "f1-score": 0.0, "support": 0}, "win-defeat": {"precision": 0.0, "recall": 0.0, "f1-score": 0.0, "support": 41}, "micro avg": {"precision": 0.2692517749863463, "recall": 0.23210922787193974, "f1-score": 0.24930467762326172, "support": 2124}, "macro avg": {"precision": 0.06149556428096754, "recall": 0.05504189661552489, "f1-score": 0.05560294606398026, "support": 2124}, "weighted avg": {"precision": 0.24923458253873543, "recall": 0.23210922787193974, "f1-score": 0.23558890021273418, "support": 2124}, "samples avg": {"precision": 0.2692517749863463, "recall": 0.2351174221736756, "f1-score": 0.24649553977789915, "support": 2124}}