{
    "related-to": {
        "precision": 0.034482758620689655,
        "recall": 0.013157894736842105,
        "f1-score": 0.019047619047619046,
        "support": 76
    },
    "artifact": {
        "precision": 0.0,
        "recall": 0.0,
        "f1-score": 0.0,
        "support": 2
    },
    "cause-effect": {
        "precision": 0.0,
        "recall": 0.0,
        "f1-score": 0.0,
        "support": 0
    },
    "compare": {
        "precision": 0.0,
        "recall": 0.0,
        "f1-score": 0.0,
        "support": 6
    },
    "general-affiliation": {
        "precision": 0.359375,
        "recall": 0.7419354838709677,
        "f1-score": 0.48421052631578954,
        "support": 31
    },
    "named": {
        "precision": 0.627906976744186,
        "recall": 0.8307692307692308,
        "f1-score": 0.7152317880794703,
        "support": 130
    },
    "opposite": {
        "precision": 0.36363636363636365,
        "recall": 0.07547169811320754,
        "f1-score": 0.125,
        "support": 53
    },
    "origin": {
        "precision": 0.13157894736842105,
        "recall": 0.09090909090909091,
        "f1-score": 0.10752688172043011,
        "support": 55
    },
    "part-of": {
        "precision": 0.21287128712871287,
        "recall": 0.36752136752136755,
        "f1-score": 0.26959247648902823,
        "support": 117
    },
    "physical": {
        "precision": 0.5547652916073968,
        "recall": 0.9535452322738386,
        "f1-score": 0.7014388489208633,
        "support": 409
    },
    "role": {
        "precision": 0.7361809045226131,
        "recall": 0.3508982035928144,
        "f1-score": 0.47526358475263586,
        "support": 835
    },
    "social": {
        "precision": 0.5,
        "recall": 0.047619047619047616,
        "f1-score": 0.08695652173913042,
        "support": 21
    },
    "temporal": {
        "precision": 0.8219895287958116,
        "recall": 0.511400651465798,
        "f1-score": 0.6305220883534136,
        "support": 307
    },
    "topic": {
        "precision": 0.0,
        "recall": 0.0,
        "f1-score": 0.0,
        "support": 13
    },
    "type-of": {
        "precision": 0.5454545454545454,
        "recall": 0.21428571428571427,
        "f1-score": 0.30769230769230765,
        "support": 28
    },
    "usage": {
        "precision": 0.0,
        "recall": 0.0,
        "f1-score": 0.0,
        "support": 0
    },
    "win-defeat": {
        "precision": 1.0,
        "recall": 0.024390243902439025,
        "f1-score": 0.047619047619047616,
        "support": 41
    },
    "micro avg": {
        "precision": 0.5636264336428182,
        "recall": 0.4858757062146893,
        "f1-score": 0.5218710493046776,
        "support": 2124
    },
    "macro avg": {
        "precision": 999999,
        "recall": 999999,
        "f1-score": 0.264673446048649,
        "support": 2124
    },
    "weighted avg": {
        "precision": 0.6156018379288206,
        "recall": 0.4858757062146893,
        "f1-score": 0.491156917223846,
        "support": 2124
    },
    "samples avg": {
        "precision": 0.5636264336428182,
        "recall": 0.5084653194975424,
        "f1-score": 0.5268523575459676,
        "support": 2124
    }
}