{"related-to": {"precision": 0.022727272727272728, "recall": 0.027777777777777776, "f1-score": 0.024999999999999998, "support": 72}, "artifact": {"precision": 0.164, "recall": 0.2733333333333333, "f1-score": 0.205, "support": 300}, "cause-effect": {"precision": 0.0, "recall": 0.0, "f1-score": 0.0, "support": 1}, "compare": {"precision": 0.0, "recall": 0.0, "f1-score": 0.0, "support": 8}, "general-affiliation": {"precision": 0.2469879518072289, "recall": 0.125, "f1-score": 0.1659919028340081, "support": 328}, "named": {"precision": 0.041666666666666664, "recall": 0.031914893617021274, "f1-score": 0.03614457831325301, "support": 94}, "opposite": {"precision": 0.0, "recall": 0.0, "f1-score": 0.0, "support": 14}, "origin": {"precision": 0.07142857142857142, "recall": 0.06382978723404255, "f1-score": 0.06741573033707865, "support": 47}, "part-of": {"precision": 0.05084745762711865, "recall": 0.03125, "f1-score": 0.03870967741935484, "support": 96}, "physical": {"precision": 0.1270718232044199, "recall": 0.13218390804597702, "f1-score": 0.12957746478873242, "support": 174}, "role": {"precision": 0.15976331360946747, "recall": 0.2134387351778656, "f1-score": 0.182741116751269, "support": 253}, "social": {"precision": 0.0, "recall": 0.0, "f1-score": 0.0, "support": 47}, "temporal": {"precision": 0.038461538461538464, "recall": 0.034482758620689655, "f1-score": 0.03636363636363637, "support": 29}, "topic": {"precision": 0.0, "recall": 0.0, "f1-score": 0.0, "support": 42}, "type-of": {"precision": 0.0, "recall": 0.0, "f1-score": 0.0, "support": 18}, "usage": {"precision": 0.0, "recall": 0.0, "f1-score": 0.0, "support": 2}, "win-defeat": {"precision": 0.07407407407407407, "recall": 0.061855670103092786, "f1-score": 0.06741573033707865, "support": 97}, "micro avg": {"precision": 0.1371069182389937, "recall": 0.1344019728729963, "f1-score": 0.1357409713574097, "support": 1622}, "macro avg": {"precision": 0.058648745270962255, "recall": 0.05853334493587058, "f1-score": 0.05613881394967124, "support": 1622}, "weighted avg": {"precision": 0.13245053185356462, "recall": 0.1344019728729963, "f1-score": 0.12601816002321442, "support": 1622}, "samples avg": {"precision": 0.1371069182389937, "recall": 0.1349056603773585, "f1-score": 0.13563941299790355, "support": 1622}}