{"related-to": {"precision": 0.05670103092783505, "recall": 0.0873015873015873, "f1-score": 0.06875, "support": 126}, "artifact": {"precision": 0.0, "recall": 0.0, "f1-score": 0.0, "support": 33}, "cause-effect": {"precision": 0.0, "recall": 0.0, "f1-score": 0.0, "support": 76}, "compare": {"precision": 0.0, "recall": 0.0, "f1-score": 0.0, "support": 39}, "general-affiliation": {"precision": 0.029411764705882353, "recall": 0.0273972602739726, "f1-score": 0.028368794326241134, "support": 73}, "named": {"precision": 0.0627177700348432, "recall": 0.16666666666666666, "f1-score": 0.0911392405063291, "support": 108}, "opposite": {"precision": 0.0, "recall": 0.0, "f1-score": 0.0, "support": 5}, "origin": {"precision": 0.046153846153846156, "recall": 0.031914893617021274, "f1-score": 0.03773584905660377, "support": 94}, "part-of": {"precision": 0.06666666666666667, "recall": 0.16666666666666666, "f1-score": 0.09523809523809522, "support": 90}, "physical": {"precision": 0.14754098360655737, "recall": 0.12053571428571429, "f1-score": 0.13267813267813267, "support": 224}, "role": {"precision": 0.2198581560283688, "recall": 0.21678321678321677, "f1-score": 0.2183098591549296, "support": 286}, "social": {"precision": 0.0, "recall": 0.0, "f1-score": 0.0, "support": 14}, "temporal": {"precision": 0.04, "recall": 0.038461538461538464, "f1-score": 0.0392156862745098, "support": 26}, "topic": {"precision": 0.3333333333333333, "recall": 0.015151515151515152, "f1-score": 0.028985507246376812, "support": 66}, "type-of": {"precision": 0.0, "recall": 0.0, "f1-score": 0.0, "support": 117}, "usage": {"precision": 0.0, "recall": 0.0, "f1-score": 0.0, "support": 24}, "win-defeat": {"precision": 0.0, "recall": 0.0, "f1-score": 0.0, "support": 44}, "micro avg": {"precision": 0.10057471264367816, "recall": 0.09688581314878893, "f1-score": 0.09869580542826929, "support": 1445}, "macro avg": {"precision": 0.05896373832101959, "recall": 0.05122817995340584, "f1-score": 0.04355418614595401, "support": 1445}, "weighted avg": {"precision": 0.10060344801013395, "recall": 0.09688581314878893, "f1-score": 0.08843199384280842, "support": 1445}, "samples avg": {"precision": 0.10057471264367816, "recall": 0.09339080459770115, "f1-score": 0.09578544061302681, "support": 1445}}