{
    "related-to": {
        "precision": 0.226890756302521,
        "recall": 0.21428571428571427,
        "f1-score": 0.2204081632653061,
        "support": 126
    },
    "artifact": {
        "precision": 0.9047619047619048,
        "recall": 0.5757575757575758,
        "f1-score": 0.7037037037037038,
        "support": 33
    },
    "cause-effect": {
        "precision": 0.0,
        "recall": 0.0,
        "f1-score": 0.0,
        "support": 76
    },
    "compare": {
        "precision": 0.0,
        "recall": 0.0,
        "f1-score": 0.0,
        "support": 39
    },
    "general-affiliation": {
        "precision": 0.2903225806451613,
        "recall": 0.2465753424657534,
        "f1-score": 0.26666666666666666,
        "support": 73
    },
    "named": {
        "precision": 0.34210526315789475,
        "recall": 0.8425925925925926,
        "f1-score": 0.48663101604278075,
        "support": 108
    },
    "opposite": {
        "precision": 0.0,
        "recall": 0.0,
        "f1-score": 0.0,
        "support": 5
    },
    "origin": {
        "precision": 0.5333333333333333,
        "recall": 0.1702127659574468,
        "f1-score": 0.25806451612903225,
        "support": 94
    },
    "part-of": {
        "precision": 0.09803921568627451,
        "recall": 0.3333333333333333,
        "f1-score": 0.1515151515151515,
        "support": 90
    },
    "physical": {
        "precision": 0.7458333333333333,
        "recall": 0.7991071428571429,
        "f1-score": 0.7715517241379309,
        "support": 224
    },
    "role": {
        "precision": 0.4691780821917808,
        "recall": 0.479020979020979,
        "f1-score": 0.47404844290657444,
        "support": 286
    },
    "social": {
        "precision": 0.0,
        "recall": 0.0,
        "f1-score": 0.0,
        "support": 14
    },
    "temporal": {
        "precision": 0.5142857142857142,
        "recall": 0.6923076923076923,
        "f1-score": 0.5901639344262295,
        "support": 26
    },
    "topic": {
        "precision": 1.0,
        "recall": 0.030303030303030304,
        "f1-score": 0.05882352941176471,
        "support": 66
    },
    "type-of": {
        "precision": 1.0,
        "recall": 0.017094017094017096,
        "f1-score": 0.033613445378151266,
        "support": 117
    },
    "usage": {
        "precision": 0.0,
        "recall": 0.0,
        "f1-score": 0.0,
        "support": 24
    },
    "win-defeat": {
        "precision": 0.9411764705882353,
        "recall": 0.36363636363636365,
        "f1-score": 0.5245901639344263,
        "support": 44
    },
    "micro avg": {
        "precision": 0.39870689655172414,
        "recall": 0.38408304498269896,
        "f1-score": 0.39125837151921045,
        "support": 1445
    },
    "macro avg": {
        "precision": 999999,
        "recall": 999999,
        "f1-score": 0.26704590926574806,
        "support": 1445
    },
    "weighted avg": {
        "precision": 0.494517611872204,
        "recall": 0.38408304498269896,
        "f1-score": 0.3567873299530963,
        "support": 1445
    },
    "samples avg": {
        "precision": 0.39870689655172414,
        "recall": 0.3800287356321839,
        "f1-score": 0.3862547892720306,
        "support": 1445
    }
}