{
    "seeds": [
        4012,
        5096,
        8857,
        8878,
        9908
    ],
    "average": {
        "related-to": {
            "precision": 0.24347796143456213,
            "recall": 0.31851851851851853,
            "f1-score": 0.27466420356860155,
            "support": 540
        },
        "artifact": {
            "precision": 0.525290361812101,
            "recall": 0.5219512195121951,
            "f1-score": 0.5146322631930987,
            "support": 205
        },
        "cause-effect": {
            "precision": 0.0,
            "recall": 0.0,
            "f1-score": 0.0,
            "support": 25
        },
        "compare": {
            "precision": 0.1,
            "recall": 0.008333333333333333,
            "f1-score": 0.015384615384615385,
            "support": 120
        },
        "general-affiliation": {
            "precision": 0.6814285714285714,
            "recall": 0.037333333333333336,
            "f1-score": 0.06972132399538519,
            "support": 375
        },
        "named": {
            "precision": 0.6475111315216739,
            "recall": 0.7294964028776978,
            "f1-score": 0.685201144560225,
            "support": 695
        },
        "opposite": {
            "precision": 0.0,
            "recall": 0.0,
            "f1-score": 0.0,
            "support": 55
        },
        "origin": {
            "precision": 0.47230189844132325,
            "recall": 0.3910112359550562,
            "f1-score": 0.42726928525042585,
            "support": 445
        },
        "part-of": {
            "precision": 0.38105145665680407,
            "recall": 0.719626168224299,
            "f1-score": 0.49822807313770856,
            "support": 1070
        },
        "physical": {
            "precision": 0.8142167944512788,
            "recall": 0.6980392156862745,
            "f1-score": 0.7501432151814125,
            "support": 510
        },
        "role": {
            "precision": 0.6009214093878907,
            "recall": 0.655045871559633,
            "f1-score": 0.6265819582458658,
            "support": 545
        },
        "social": {
            "precision": 0.0,
            "recall": 0.0,
            "f1-score": 0.0,
            "support": 5
        },
        "temporal": {
            "precision": 0.5209424562365739,
            "recall": 0.3238095238095238,
            "f1-score": 0.3948090815273478,
            "support": 105
        },
        "topic": {
            "precision": 0.8264285714285714,
            "recall": 0.18536585365853658,
            "f1-score": 0.3012027905501823,
            "support": 205
        },
        "type-of": {
            "precision": 0.2790121011535641,
            "recall": 0.2185185185185185,
            "f1-score": 0.24397913990872114,
            "support": 270
        },
        "usage": {
            "precision": 0.21572241799945785,
            "recall": 0.04918032786885246,
            "f1-score": 0.07930754401004084,
            "support": 610
        },
        "win-defeat": {
            "precision": 0.5666666666666667,
            "recall": 0.2,
            "f1-score": 0.25384615384615383,
            "support": 35
        },
        "micro avg": {
            "precision": 0.46601597160603375,
            "recall": 0.45159071367153913,
            "f1-score": 0.4586899563318777,
            "support": 5815
        },
        "macro avg": {
            "precision": 999999.0,
            "recall": 999999.0,
            "f1-score": 0.30205710543292846,
            "support": 5815
        },
        "weighted avg": {
            "precision": 0.47605241641054274,
            "recall": 0.45159071367153913,
            "f1-score": 0.41817057910661537,
            "support": 5815
        },
        "samples avg": {
            "precision": 0.46601597160603375,
            "recall": 0.45587104406980183,
            "f1-score": 0.4592132505175983,
            "support": 5815
        }
    }
}