{
    "related-to": {
        "precision": 0.30392156862745096,
        "recall": 0.3743961352657005,
        "f1-score": 0.3354978354978355,
        "support": 414
    },
    "artifact": {
        "precision": 0.8387573964497042,
        "recall": 0.8929133858267716,
        "f1-score": 0.8649885583524027,
        "support": 635
    },
    "cause-effect": {
        "precision": 0.0,
        "recall": 0.0,
        "f1-score": 0.0,
        "support": 86
    },
    "compare": {
        "precision": 0.8095238095238095,
        "recall": 0.2073170731707317,
        "f1-score": 0.33009708737864074,
        "support": 82
    },
    "general-affiliation": {
        "precision": 0.7617021276595745,
        "recall": 0.8668280871670703,
        "f1-score": 0.810872027180068,
        "support": 1239
    },
    "named": {
        "precision": 0.6808149405772496,
        "recall": 0.7186379928315412,
        "f1-score": 0.6992153443766346,
        "support": 558
    },
    "opposite": {
        "precision": 0.40298507462686567,
        "recall": 0.2109375,
        "f1-score": 0.2769230769230769,
        "support": 128
    },
    "origin": {
        "precision": 0.4554140127388535,
        "recall": 0.47039473684210525,
        "f1-score": 0.4627831715210356,
        "support": 304
    },
    "part-of": {
        "precision": 0.3794162826420891,
        "recall": 0.34257975034674065,
        "f1-score": 0.36005830903790087,
        "support": 721
    },
    "physical": {
        "precision": 0.7805486284289277,
        "recall": 0.8604810996563574,
        "f1-score": 0.818568159529258,
        "support": 1455
    },
    "role": {
        "precision": 0.6074619022595901,
        "recall": 0.576271186440678,
        "f1-score": 0.5914556152468662,
        "support": 2006
    },
    "social": {
        "precision": 0.39622641509433965,
        "recall": 0.2,
        "f1-score": 0.26582278481012656,
        "support": 105
    },
    "temporal": {
        "precision": 0.7832512315270936,
        "recall": 0.7794117647058824,
        "f1-score": 0.7813267813267813,
        "support": 408
    },
    "topic": {
        "precision": 0.8888888888888888,
        "recall": 0.18823529411764706,
        "f1-score": 0.3106796116504854,
        "support": 170
    },
    "type-of": {
        "precision": 0.6551724137931034,
        "recall": 0.3958333333333333,
        "f1-score": 0.49350649350649356,
        "support": 336
    },
    "usage": {
        "precision": 0.48148148148148145,
        "recall": 0.13,
        "f1-score": 0.20472440944881887,
        "support": 200
    },
    "win-defeat": {
        "precision": 0.7719298245614035,
        "recall": 0.416403785488959,
        "f1-score": 0.540983606557377,
        "support": 317
    },
    "micro avg": {
        "precision": 0.6577065066912783,
        "recall": 0.622108249672632,
        "f1-score": 0.639412292507851,
        "support": 9164
    },
    "macro avg": {
        "precision": 999999,
        "recall": 999999,
        "f1-score": 0.47926487484375296,
        "support": 9164
    },
    "weighted avg": {
        "precision": 0.6481591433798598,
        "recall": 0.622108249672632,
        "f1-score": 0.6221124442068923,
        "support": 9164
    },
    "samples avg": {
        "precision": 0.6577065066912783,
        "recall": 0.6323065682202738,
        "f1-score": 0.6407475772958006,
        "support": 9164
    }
}