{
    "related-to": {
        "precision": 0.26403326403326405,
        "recall": 0.30676328502415456,
        "f1-score": 0.2837988826815643,
        "support": 414
    },
    "artifact": {
        "precision": 0.8271092669432918,
        "recall": 0.9417322834645669,
        "f1-score": 0.8807069219440353,
        "support": 635
    },
    "cause-effect": {
        "precision": 0.0,
        "recall": 0.0,
        "f1-score": 0.0,
        "support": 86
    },
    "compare": {
        "precision": 0.6666666666666666,
        "recall": 0.024390243902439025,
        "f1-score": 0.047058823529411764,
        "support": 82
    },
    "general-affiliation": {
        "precision": 0.70814332247557,
        "recall": 0.8773204196933011,
        "f1-score": 0.7837058399423216,
        "support": 1239
    },
    "named": {
        "precision": 0.6612612612612613,
        "recall": 0.6577060931899642,
        "f1-score": 0.6594788858939803,
        "support": 558
    },
    "opposite": {
        "precision": 0.39622641509433965,
        "recall": 0.1640625,
        "f1-score": 0.23204419889502764,
        "support": 128
    },
    "origin": {
        "precision": 0.4642857142857143,
        "recall": 0.4276315789473684,
        "f1-score": 0.4452054794520548,
        "support": 304
    },
    "part-of": {
        "precision": 0.32749178532311063,
        "recall": 0.4147018030513176,
        "f1-score": 0.36597307221542225,
        "support": 721
    },
    "physical": {
        "precision": 0.7554179566563467,
        "recall": 0.8384879725085911,
        "f1-score": 0.7947882736156351,
        "support": 1455
    },
    "role": {
        "precision": 0.7010752688172043,
        "recall": 0.48753738783649053,
        "f1-score": 0.5751249632461041,
        "support": 2006
    },
    "social": {
        "precision": 0.432,
        "recall": 0.5142857142857142,
        "f1-score": 0.46956521739130436,
        "support": 105
    },
    "temporal": {
        "precision": 0.7597254004576659,
        "recall": 0.8137254901960784,
        "f1-score": 0.7857988165680474,
        "support": 408
    },
    "topic": {
        "precision": 0.8717948717948718,
        "recall": 0.2,
        "f1-score": 0.3253588516746412,
        "support": 170
    },
    "type-of": {
        "precision": 0.536723163841808,
        "recall": 0.28273809523809523,
        "f1-score": 0.3703703703703704,
        "support": 336
    },
    "usage": {
        "precision": 0.8260869565217391,
        "recall": 0.095,
        "f1-score": 0.1704035874439462,
        "support": 200
    },
    "win-defeat": {
        "precision": 0.7484076433121019,
        "recall": 0.7413249211356467,
        "f1-score": 0.7448494453248811,
        "support": 317
    },
    "micro avg": {
        "precision": 0.6458237194277804,
        "recall": 0.610868616324749,
        "f1-score": 0.6278600269179003,
        "support": 9164
    },
    "macro avg": {
        "precision": 999999,
        "recall": 999999,
        "f1-score": 0.46671950765816167,
        "support": 9164
    },
    "weighted avg": {
        "precision": 0.6498658231524032,
        "recall": 0.610868616324749,
        "f1-score": 0.6087399867901485,
        "support": 9164
    },
    "samples avg": {
        "precision": 0.6458237194277804,
        "recall": 0.6201353637901861,
        "f1-score": 0.6286725119212428,
        "support": 9164
    }
}