{"related-to": {"precision": 0.0, "recall": 0.0, "f1-score": 0.0, "support": 26}, "artifact": {"precision": 0.09491525423728814, "recall": 0.10810810810810811, "f1-score": 0.10108303249097474, "support": 259}, "cause-effect": {"precision": 0.0, "recall": 0.0, "f1-score": 0.0, "support": 4}, "compare": {"precision": 0.0, "recall": 0.0, "f1-score": 0.0, "support": 5}, "general-affiliation": {"precision": 0.30522765598650925, "recall": 0.25069252077562326, "f1-score": 0.2752851711026616, "support": 722}, "named": {"precision": 0.03260869565217391, "recall": 0.03614457831325301, "f1-score": 0.03428571428571428, "support": 83}, "opposite": {"precision": 0.0, "recall": 0.0, "f1-score": 0.0, "support": 6}, "origin": {"precision": 0.0, "recall": 0.0, "f1-score": 0.0, "support": 19}, "part-of": {"precision": 0.08333333333333333, "recall": 0.07386363636363637, "f1-score": 0.0783132530120482, "support": 176}, "physical": {"precision": 0.21382289416846653, "recall": 0.23741007194244604, "f1-score": 0.225, "support": 417}, "role": {"precision": 0.13582677165354332, "recall": 0.1820580474934037, "f1-score": 0.1555806087936866, "support": 379}, "social": {"precision": 0.0, "recall": 0.0, "f1-score": 0.0, "support": 22}, "temporal": {"precision": 0.03333333333333333, "recall": 0.041666666666666664, "f1-score": 0.037037037037037035, "support": 24}, "topic": {"precision": 0.0, "recall": 0.0, "f1-score": 0.0, "support": 8}, "type-of": {"precision": 0.05172413793103448, "recall": 0.025210084033613446, "f1-score": 0.03389830508474576, "support": 119}, "usage": {"precision": 0.0, "recall": 0.0, "f1-score": 0.0, "support": 52}, "win-defeat": {"precision": 0.036036036036036036, "recall": 0.043010752688172046, "f1-score": 0.0392156862745098, "support": 93}, "micro avg": {"precision": 0.17195540308747856, "recall": 0.16611433305716652, "f1-score": 0.168984407922461, "support": 2414}, "macro avg": {"precision": 0.05804871249010107, "recall": 0.05871555684617192, "f1-score": 0.05762934165184577, "support": 2414}, "weighted avg": {"precision": 0.1712011698283357, "recall": 0.16611433305716652, "f1-score": 0.16691182374375688, "support": 2414}, "samples avg": {"precision": 0.17195540308747856, "recall": 0.16588050314465408, "f1-score": 0.16788164665523156, "support": 2414}}