{
    "related-to": {
        "precision": 0.31746031746031744,
        "recall": 0.6349206349206349,
        "f1-score": 0.42328042328042326,
        "support": 126
    },
    "artifact": {
        "precision": 0.1111111111111111,
        "recall": 0.09090909090909091,
        "f1-score": 0.09999999999999999,
        "support": 33
    },
    "cause-effect": {
        "precision": 1.0,
        "recall": 0.013157894736842105,
        "f1-score": 0.025974025974025976,
        "support": 76
    },
    "compare": {
        "precision": 0.6666666666666666,
        "recall": 0.5128205128205128,
        "f1-score": 0.5797101449275363,
        "support": 39
    },
    "general-affiliation": {
        "precision": 0.20588235294117646,
        "recall": 0.1917808219178082,
        "f1-score": 0.19858156028368795,
        "support": 73
    },
    "named": {
        "precision": 0.4,
        "recall": 0.6296296296296297,
        "f1-score": 0.4892086330935252,
        "support": 108
    },
    "opposite": {
        "precision": 0.0,
        "recall": 0.0,
        "f1-score": 0.0,
        "support": 5
    },
    "origin": {
        "precision": 0.2682926829268293,
        "recall": 0.23404255319148937,
        "f1-score": 0.25,
        "support": 94
    },
    "part-of": {
        "precision": 0.14754098360655737,
        "recall": 0.2,
        "f1-score": 0.16981132075471697,
        "support": 90
    },
    "physical": {
        "precision": 0.5802469135802469,
        "recall": 0.8392857142857143,
        "f1-score": 0.6861313868613139,
        "support": 224
    },
    "role": {
        "precision": 0.36259541984732824,
        "recall": 0.3321678321678322,
        "f1-score": 0.3467153284671533,
        "support": 286
    },
    "social": {
        "precision": 0.0,
        "recall": 0.0,
        "f1-score": 0.0,
        "support": 14
    },
    "temporal": {
        "precision": 0.0,
        "recall": 0.0,
        "f1-score": 0.0,
        "support": 26
    },
    "topic": {
        "precision": 0.9545454545454546,
        "recall": 0.3181818181818182,
        "f1-score": 0.47727272727272724,
        "support": 66
    },
    "type-of": {
        "precision": 0.75,
        "recall": 0.02564102564102564,
        "f1-score": 0.049586776859504134,
        "support": 117
    },
    "usage": {
        "precision": 0.0,
        "recall": 0.0,
        "f1-score": 0.0,
        "support": 24
    },
    "win-defeat": {
        "precision": 0.8148148148148148,
        "recall": 0.5,
        "f1-score": 0.6197183098591549,
        "support": 44
    },
    "micro avg": {
        "precision": 0.39870689655172414,
        "recall": 0.38408304498269896,
        "f1-score": 0.39125837151921045,
        "support": 1445
    },
    "macro avg": {
        "precision": 999999,
        "recall": 999999,
        "f1-score": 0.25976415515492757,
        "support": 1445
    },
    "weighted avg": {
        "precision": 0.4585977368313133,
        "recall": 0.38408304498269896,
        "f1-score": 0.349310265209116,
        "support": 1445
    },
    "samples avg": {
        "precision": 0.39870689655172414,
        "recall": 0.38038793103448276,
        "f1-score": 0.3864942528735632,
        "support": 1445
    }
}