{"related-to": {"precision": 0.05394190871369295, "recall": 0.06280193236714976, "f1-score": 0.05803571428571429, "support": 414}, "artifact": {"precision": 0.07045735475896168, "recall": 0.08976377952755905, "f1-score": 0.07894736842105264, "support": 635}, "cause-effect": {"precision": 0.0, "recall": 0.0, "f1-score": 0.0, "support": 86}, "compare": {"precision": 0.02702702702702703, "recall": 0.012195121951219513, "f1-score": 0.016806722689075633, "support": 82}, "general-affiliation": {"precision": 0.14173789173789172, "recall": 0.1606133979015335, "f1-score": 0.15058645478622776, "support": 1239}, "named": {"precision": 0.07047619047619047, "recall": 0.06630824372759857, "f1-score": 0.06832871652816251, "support": 558}, "opposite": {"precision": 0.0, "recall": 0.0, "f1-score": 0.0, "support": 128}, "origin": {"precision": 0.040145985401459854, "recall": 0.03618421052631579, "f1-score": 0.03806228373702422, "support": 304}, "part-of": {"precision": 0.09745762711864407, "recall": 0.0957004160887656, "f1-score": 0.09657102869139257, "support": 721}, "physical": {"precision": 0.1619672131147541, "recall": 0.1697594501718213, "f1-score": 0.16577181208053693, "support": 1455}, "role": {"precision": 0.22874058127018299, "recall": 0.211864406779661, "f1-score": 0.21997929606625258, "support": 2006}, "social": {"precision": 0.034482758620689655, "recall": 0.009523809523809525, "f1-score": 0.014925373134328358, "support": 105}, "temporal": {"precision": 0.049107142857142856, "recall": 0.05392156862745098, "f1-score": 0.05140186915887851, "support": 408}, "topic": {"precision": 0.04477611940298507, "recall": 0.01764705882352941, "f1-score": 0.02531645569620253, "support": 170}, "type-of": {"precision": 0.05421686746987952, "recall": 0.026785714285714284, "f1-score": 0.035856573705179286, "support": 336}, "usage": {"precision": 0.024390243902439025, "recall": 0.005, "f1-score": 0.008298755186721992, "support": 200}, "win-defeat": {"precision": 0.05725190839694656, "recall": 0.0473186119873817, "f1-score": 0.05181347150259067, "support": 317}, "micro avg": {"precision": 0.12955699123211814, "recall": 0.1225447402880838, "f1-score": 0.1259533423059668, "support": 9164}, "macro avg": {"precision": 0.0680104011922875, "recall": 0.06266986601703, "f1-score": 0.06357069974525532, "support": 9164}, "weighted avg": {"precision": 0.12371528744224378, "recall": 0.1225447402880838, "f1-score": 0.1223146019409133, "support": 9164}, "samples avg": {"precision": 0.12955699123211814, "recall": 0.12146208275649899, "f1-score": 0.12415397631133672, "support": 9164}}