{
    "related-to": {
        "precision": 0.2826552462526767,
        "recall": 0.3188405797101449,
        "f1-score": 0.2996594778660613,
        "support": 414
    },
    "artifact": {
        "precision": 0.7867549668874172,
        "recall": 0.9354330708661417,
        "f1-score": 0.8546762589928057,
        "support": 635
    },
    "cause-effect": {
        "precision": 0.0,
        "recall": 0.0,
        "f1-score": 0.0,
        "support": 86
    },
    "compare": {
        "precision": 0.7142857142857143,
        "recall": 0.24390243902439024,
        "f1-score": 0.36363636363636365,
        "support": 82
    },
    "general-affiliation": {
        "precision": 0.7274562584118439,
        "recall": 0.8724778046811945,
        "f1-score": 0.7933944954128439,
        "support": 1239
    },
    "named": {
        "precision": 0.7929515418502202,
        "recall": 0.6451612903225806,
        "f1-score": 0.7114624505928855,
        "support": 558
    },
    "opposite": {
        "precision": 0.23076923076923078,
        "recall": 0.0703125,
        "f1-score": 0.10778443113772455,
        "support": 128
    },
    "origin": {
        "precision": 0.49130434782608695,
        "recall": 0.3717105263157895,
        "f1-score": 0.42322097378277157,
        "support": 304
    },
    "part-of": {
        "precision": 0.3433652530779754,
        "recall": 0.34812760055478503,
        "f1-score": 0.3457300275482093,
        "support": 721
    },
    "physical": {
        "precision": 0.7759237187127532,
        "recall": 0.8948453608247423,
        "f1-score": 0.8311522502393871,
        "support": 1455
    },
    "role": {
        "precision": 0.6657010428736964,
        "recall": 0.5727816550348953,
        "f1-score": 0.6157556270096463,
        "support": 2006
    },
    "social": {
        "precision": 0.7567567567567568,
        "recall": 0.26666666666666666,
        "f1-score": 0.3943661971830986,
        "support": 105
    },
    "temporal": {
        "precision": 0.7169811320754716,
        "recall": 0.8382352941176471,
        "f1-score": 0.7728813559322033,
        "support": 408
    },
    "topic": {
        "precision": 0.6666666666666666,
        "recall": 0.25882352941176473,
        "f1-score": 0.37288135593220334,
        "support": 170
    },
    "type-of": {
        "precision": 0.7142857142857143,
        "recall": 0.35714285714285715,
        "f1-score": 0.4761904761904762,
        "support": 336
    },
    "usage": {
        "precision": 0.21875,
        "recall": 0.035,
        "f1-score": 0.06034482758620689,
        "support": 200
    },
    "win-defeat": {
        "precision": 0.7585034013605442,
        "recall": 0.7034700315457413,
        "f1-score": 0.729950900163666,
        "support": 317
    },
    "micro avg": {
        "precision": 0.666243654822335,
        "recall": 0.6301833260584897,
        "f1-score": 0.6477119784656796,
        "support": 9164
    },
    "macro avg": {
        "precision": 999999,
        "recall": 999999,
        "f1-score": 0.479593380541562,
        "support": 9164
    },
    "weighted avg": {
        "precision": 0.6459306716944156,
        "recall": 0.6301833260584897,
        "f1-score": 0.6259782821499539,
        "support": 9164
    },
    "samples avg": {
        "precision": 0.666243654822335,
        "recall": 0.6398630979849254,
        "f1-score": 0.648630979849254,
        "support": 9164
    }
}