{
    "related-to": {
        "precision": 0.0,
        "recall": 0.0,
        "f1-score": 0.0,
        "support": 76
    },
    "artifact": {
        "precision": 0.0,
        "recall": 0.0,
        "f1-score": 0.0,
        "support": 2
    },
    "cause-effect": {
        "precision": 0.0,
        "recall": 0.0,
        "f1-score": 0.0,
        "support": 0
    },
    "compare": {
        "precision": 0.0,
        "recall": 0.0,
        "f1-score": 0.0,
        "support": 6
    },
    "general-affiliation": {
        "precision": 0.21367521367521367,
        "recall": 0.8064516129032258,
        "f1-score": 0.3378378378378379,
        "support": 31
    },
    "named": {
        "precision": 0.4514285714285714,
        "recall": 0.6076923076923076,
        "f1-score": 0.5180327868852459,
        "support": 130
    },
    "opposite": {
        "precision": 0.07142857142857142,
        "recall": 0.03773584905660377,
        "f1-score": 0.04938271604938271,
        "support": 53
    },
    "origin": {
        "precision": 0.0,
        "recall": 0.0,
        "f1-score": 0.0,
        "support": 55
    },
    "part-of": {
        "precision": 0.5,
        "recall": 0.042735042735042736,
        "f1-score": 0.07874015748031497,
        "support": 117
    },
    "physical": {
        "precision": 0.6905537459283387,
        "recall": 0.5183374083129584,
        "f1-score": 0.5921787709497207,
        "support": 409
    },
    "role": {
        "precision": 0.5424107142857143,
        "recall": 0.5820359281437125,
        "f1-score": 0.5615251299826689,
        "support": 835
    },
    "social": {
        "precision": 0.0,
        "recall": 0.0,
        "f1-score": 0.0,
        "support": 21
    },
    "temporal": {
        "precision": 0.8682432432432432,
        "recall": 0.8371335504885994,
        "f1-score": 0.8524046434494196,
        "support": 307
    },
    "topic": {
        "precision": 0.0,
        "recall": 0.0,
        "f1-score": 0.0,
        "support": 13
    },
    "type-of": {
        "precision": 0.0,
        "recall": 0.0,
        "f1-score": 0.0,
        "support": 28
    },
    "usage": {
        "precision": 0.0,
        "recall": 0.0,
        "f1-score": 0.0,
        "support": 0
    },
    "win-defeat": {
        "precision": 0.0,
        "recall": 0.0,
        "f1-score": 0.0,
        "support": 41
    },
    "micro avg": {
        "precision": 0.582195521572911,
        "recall": 0.5018832391713748,
        "f1-score": 0.5390644753476612,
        "support": 2124
    },
    "macro avg": {
        "precision": 999999,
        "recall": 999999,
        "f1-score": 0.1993401361756394,
        "support": 2124
    },
    "weighted avg": {
        "precision": 0.53177752560466,
        "recall": 0.5018832391713748,
        "f1-score": 0.5001930056670457,
        "support": 2124
    },
    "samples avg": {
        "precision": 0.582195521572911,
        "recall": 0.5079191698525396,
        "f1-score": 0.53267795375933,
        "support": 2124
    }
}