{
    "related-to": {
        "precision": 0.24214771751602837,
        "recall": 0.21389701104613387,
        "f1-score": 0.1822569900270146,
        "support": 414
    },
    "artifact": {
        "precision": 0.5423547263866076,
        "recall": 0.6898392874978241,
        "f1-score": 0.6028977760590338,
        "support": 635
    },
    "cause-effect": {
        "precision": 0.0,
        "recall": 0.0,
        "f1-score": 0.0,
        "support": 86
    },
    "compare": {
        "precision": 0.0,
        "recall": 0.0,
        "f1-score": 0.0,
        "support": 82
    },
    "general-affiliation": {
        "precision": 0.5072331703878638,
        "recall": 0.42775506599198937,
        "f1-score": 0.40671013411381546,
        "support": 1239
    },
    "named": {
        "precision": 0.562877855482968,
        "recall": 0.6828554623660964,
        "f1-score": 0.576529317506217,
        "support": 558
    },
    "opposite": {
        "precision": 0.25,
        "recall": 0.06601731601731602,
        "f1-score": 0.1012820512820513,
        "support": 128
    },
    "origin": {
        "precision": 0.27091990912424346,
        "recall": 0.2078244706587497,
        "f1-score": 0.2228404834890513,
        "support": 304
    },
    "part-of": {
        "precision": 0.18863089299895572,
        "recall": 0.2208151304821865,
        "f1-score": 0.1953584375954489,
        "support": 721
    },
    "physical": {
        "precision": 0.6950199882642263,
        "recall": 0.8617701816291388,
        "f1-score": 0.7512230567169939,
        "support": 1455
    },
    "role": {
        "precision": 0.5490686885954166,
        "recall": 0.5060535287990579,
        "f1-score": 0.503894434902926,
        "support": 2006
    },
    "social": {
        "precision": 0.585,
        "recall": 0.1868656166528507,
        "f1-score": 0.2501137959784576,
        "support": 105
    },
    "temporal": {
        "precision": 0.41017841011743444,
        "recall": 0.6094568605168965,
        "f1-score": 0.40608361526816367,
        "support": 408
    },
    "topic": {
        "precision": 0.1,
        "recall": 0.025,
        "f1-score": 0.04,
        "support": 170
    },
    "type-of": {
        "precision": 0.5486666666666666,
        "recall": 0.2153702506643683,
        "f1-score": 0.28999332974717595,
        "support": 336
    },
    "usage": {
        "precision": 0.0,
        "recall": 0.0,
        "f1-score": 0.0,
        "support": 200
    },
    "win-defeat": {
        "precision": 0.6358742231271876,
        "recall": 0.4736970104985387,
        "f1-score": 0.46926144184694013,
        "support": 317
    },
    "micro avg": {
        "precision": 0.49861111566705035,
        "recall": 0.4743891247310223,
        "f1-score": 0.4858911833392108,
        "support": 9164
    },
    "macro avg": {
        "precision": 999999.0,
        "recall": 999999.0,
        "f1-score": 0.30619396813983657,
        "support": 9164
    },
    "weighted avg": {
        "precision": 0.5054484835377805,
        "recall": 0.4743891247310223,
        "f1-score": 0.45244136348680697,
        "support": 9164
    },
    "samples avg": {
        "precision": 0.49861111566705035,
        "recall": 0.47866335225576534,
        "f1-score": 0.48529247931095326,
        "support": 9164
    }
}