{
    "related-to": {
        "precision": 0.33476394849785407,
        "recall": 0.6190476190476191,
        "f1-score": 0.43454038997214484,
        "support": 126
    },
    "artifact": {
        "precision": 0.17647058823529413,
        "recall": 0.09090909090909091,
        "f1-score": 0.12000000000000001,
        "support": 33
    },
    "cause-effect": {
        "precision": 0.0,
        "recall": 0.0,
        "f1-score": 0.0,
        "support": 76
    },
    "compare": {
        "precision": 0.6428571428571429,
        "recall": 0.23076923076923078,
        "f1-score": 0.339622641509434,
        "support": 39
    },
    "general-affiliation": {
        "precision": 0.4444444444444444,
        "recall": 0.2191780821917808,
        "f1-score": 0.29357798165137616,
        "support": 73
    },
    "named": {
        "precision": 0.4147727272727273,
        "recall": 0.6759259259259259,
        "f1-score": 0.5140845070422536,
        "support": 108
    },
    "opposite": {
        "precision": 0.0,
        "recall": 0.0,
        "f1-score": 0.0,
        "support": 5
    },
    "origin": {
        "precision": 0.3387096774193548,
        "recall": 0.22340425531914893,
        "f1-score": 0.2692307692307692,
        "support": 94
    },
    "part-of": {
        "precision": 0.14285714285714285,
        "recall": 0.4111111111111111,
        "f1-score": 0.2120343839541547,
        "support": 90
    },
    "physical": {
        "precision": 0.6907630522088354,
        "recall": 0.7678571428571429,
        "f1-score": 0.7272727272727274,
        "support": 224
    },
    "role": {
        "precision": 0.4253731343283582,
        "recall": 0.3986013986013986,
        "f1-score": 0.41155234657039713,
        "support": 286
    },
    "social": {
        "precision": 0.0,
        "recall": 0.0,
        "f1-score": 0.0,
        "support": 14
    },
    "temporal": {
        "precision": 0.0,
        "recall": 0.0,
        "f1-score": 0.0,
        "support": 26
    },
    "topic": {
        "precision": 0.8857142857142857,
        "recall": 0.4696969696969697,
        "f1-score": 0.6138613861386139,
        "support": 66
    },
    "type-of": {
        "precision": 0.4,
        "recall": 0.017094017094017096,
        "f1-score": 0.03278688524590164,
        "support": 117
    },
    "usage": {
        "precision": 0.0,
        "recall": 0.0,
        "f1-score": 0.0,
        "support": 24
    },
    "win-defeat": {
        "precision": 0.8333333333333334,
        "recall": 0.6818181818181818,
        "f1-score": 0.7499999999999999,
        "support": 44
    },
    "micro avg": {
        "precision": 0.4209770114942529,
        "recall": 0.4055363321799308,
        "f1-score": 0.41311244272118436,
        "support": 1445
    },
    "macro avg": {
        "precision": 999999,
        "recall": 999999,
        "f1-score": 0.27756258932869254,
        "support": 1445
    },
    "weighted avg": {
        "precision": 0.4244445789999191,
        "recall": 0.4055363321799308,
        "f1-score": 0.3814978944824787,
        "support": 1445
    },
    "samples avg": {
        "precision": 0.4209770114942529,
        "recall": 0.40301724137931033,
        "f1-score": 0.40900383141762453,
        "support": 1445
    }
}