{
    "related-to": {
        "precision": 0.30120481927710846,
        "recall": 0.5952380952380952,
        "f1-score": 0.4,
        "support": 126
    },
    "artifact": {
        "precision": 0.03125,
        "recall": 0.030303030303030304,
        "f1-score": 0.03076923076923077,
        "support": 33
    },
    "cause-effect": {
        "precision": 0.0,
        "recall": 0.0,
        "f1-score": 0.0,
        "support": 76
    },
    "compare": {
        "precision": 0.5,
        "recall": 0.1794871794871795,
        "f1-score": 0.2641509433962264,
        "support": 39
    },
    "general-affiliation": {
        "precision": 0.4857142857142857,
        "recall": 0.2328767123287671,
        "f1-score": 0.3148148148148148,
        "support": 73
    },
    "named": {
        "precision": 0.4513888888888889,
        "recall": 0.6018518518518519,
        "f1-score": 0.5158730158730159,
        "support": 108
    },
    "opposite": {
        "precision": 0.0,
        "recall": 0.0,
        "f1-score": 0.0,
        "support": 5
    },
    "origin": {
        "precision": 0.43548387096774194,
        "recall": 0.2872340425531915,
        "f1-score": 0.34615384615384626,
        "support": 94
    },
    "part-of": {
        "precision": 0.17054263565891473,
        "recall": 0.4888888888888889,
        "f1-score": 0.2528735632183908,
        "support": 90
    },
    "physical": {
        "precision": 0.7192982456140351,
        "recall": 0.7321428571428571,
        "f1-score": 0.7256637168141592,
        "support": 224
    },
    "role": {
        "precision": 0.3588039867109635,
        "recall": 0.3776223776223776,
        "f1-score": 0.3679727427597956,
        "support": 286
    },
    "social": {
        "precision": 0.0,
        "recall": 0.0,
        "f1-score": 0.0,
        "support": 14
    },
    "temporal": {
        "precision": 0.0,
        "recall": 0.0,
        "f1-score": 0.0,
        "support": 26
    },
    "topic": {
        "precision": 1.0,
        "recall": 0.12121212121212122,
        "f1-score": 0.21621621621621626,
        "support": 66
    },
    "type-of": {
        "precision": 0.2727272727272727,
        "recall": 0.05128205128205128,
        "f1-score": 0.08633093525179857,
        "support": 117
    },
    "usage": {
        "precision": 0.0,
        "recall": 0.0,
        "f1-score": 0.0,
        "support": 24
    },
    "win-defeat": {
        "precision": 0.6216216216216216,
        "recall": 0.5227272727272727,
        "f1-score": 0.5679012345679012,
        "support": 44
    },
    "micro avg": {
        "precision": 0.3915229885057471,
        "recall": 0.3771626297577855,
        "f1-score": 0.3842086711314769,
        "support": 1445
    },
    "macro avg": {
        "precision": 999999,
        "recall": 999999,
        "f1-score": 0.24051295646090562,
        "support": 1445
    },
    "weighted avg": {
        "precision": 0.4069036059817649,
        "recall": 0.3771626297577855,
        "f1-score": 0.35491878328243115,
        "support": 1445
    },
    "samples avg": {
        "precision": 0.3915229885057471,
        "recall": 0.3739224137931034,
        "f1-score": 0.3797892720306513,
        "support": 1445
    }
}