{"related-to": {"precision": 0.0, "recall": 0.0, "f1-score": 0.0, "support": 76}, "artifact": {"precision": 0.0, "recall": 0.0, "f1-score": 0.0, "support": 2}, "cause-effect": {"precision": 0.0, "recall": 0.0, "f1-score": 0.0, "support": 0}, "compare": {"precision": 0.0, "recall": 0.0, "f1-score": 0.0, "support": 6}, "general-affiliation": {"precision": 0.027777777777777776, "recall": 0.06451612903225806, "f1-score": 0.038834951456310676, "support": 31}, "named": {"precision": 0.07017543859649122, "recall": 0.09230769230769231, "f1-score": 0.07973421926910298, "support": 130}, "opposite": {"precision": 0.05555555555555555, "recall": 0.018867924528301886, "f1-score": 0.02816901408450704, "support": 53}, "origin": {"precision": 0.030303030303030304, "recall": 0.01818181818181818, "f1-score": 0.022727272727272724, "support": 55}, "part-of": {"precision": 0.04721030042918455, "recall": 0.09401709401709402, "f1-score": 0.06285714285714285, "support": 117}, "physical": {"precision": 0.23745819397993312, "recall": 0.3471882640586797, "f1-score": 0.28202581926514403, "support": 409}, "role": {"precision": 0.4973821989528796, "recall": 0.2275449101796407, "f1-score": 0.31224322103533275, "support": 835}, "social": {"precision": 0.125, "recall": 0.047619047619047616, "f1-score": 0.06896551724137931, "support": 21}, "temporal": {"precision": 0.15034965034965034, "recall": 0.14006514657980457, "f1-score": 0.14502529510961212, "support": 307}, "topic": {"precision": 0.0, "recall": 0.0, "f1-score": 0.0, "support": 13}, "type-of": {"precision": 0.0, "recall": 0.0, "f1-score": 0.0, "support": 28}, "usage": {"precision": 0.0, "recall": 0.0, "f1-score": 0.0, "support": 0}, "win-defeat": {"precision": 0.0, "recall": 0.0, "f1-score": 0.0, "support": 41}, "micro avg": {"precision": 0.2200983069361005, "recall": 0.18973634651600754, "f1-score": 0.2037926675094817, "support": 2124}, "macro avg": {"precision": 0.07301247917320602, "recall": 0.06178282508849041, "f1-score": 0.06121073253210615, "support": 2124}, "weighted avg": {"precision": 0.2736984531594965, "recall": 0.18973634651600754, "f1-score": 0.20890266787455755, "support": 2124}, "samples avg": {"precision": 0.2200983069361005, "recall": 0.1900600764609503, "f1-score": 0.200072819952667, "support": 2124}}