{
    "related-to": {
        "precision": 0.1111111111111111,
        "recall": 0.02631578947368421,
        "f1-score": 0.0425531914893617,
        "support": 76
    },
    "artifact": {
        "precision": 0.2222222222222222,
        "recall": 1.0,
        "f1-score": 0.3636363636363636,
        "support": 2
    },
    "cause-effect": {
        "precision": 0.0,
        "recall": 0.0,
        "f1-score": 0.0,
        "support": 0
    },
    "compare": {
        "precision": 0.0,
        "recall": 0.0,
        "f1-score": 0.0,
        "support": 6
    },
    "general-affiliation": {
        "precision": 0.31343283582089554,
        "recall": 0.6774193548387096,
        "f1-score": 0.4285714285714286,
        "support": 31
    },
    "named": {
        "precision": 0.6153846153846154,
        "recall": 0.8,
        "f1-score": 0.6956521739130435,
        "support": 130
    },
    "opposite": {
        "precision": 0.0,
        "recall": 0.0,
        "f1-score": 0.0,
        "support": 53
    },
    "origin": {
        "precision": 0.4473684210526316,
        "recall": 0.3090909090909091,
        "f1-score": 0.3655913978494624,
        "support": 55
    },
    "part-of": {
        "precision": 0.2764227642276423,
        "recall": 0.2905982905982906,
        "f1-score": 0.2833333333333333,
        "support": 117
    },
    "physical": {
        "precision": 0.658578856152513,
        "recall": 0.9290953545232273,
        "f1-score": 0.77079107505071,
        "support": 409
    },
    "role": {
        "precision": 0.7551020408163265,
        "recall": 0.4431137724550898,
        "f1-score": 0.5584905660377358,
        "support": 835
    },
    "social": {
        "precision": 0.6666666666666666,
        "recall": 0.19047619047619047,
        "f1-score": 0.2962962962962963,
        "support": 21
    },
    "temporal": {
        "precision": 0.8301886792452831,
        "recall": 0.8599348534201955,
        "f1-score": 0.8448,
        "support": 307
    },
    "topic": {
        "precision": 0.0,
        "recall": 0.0,
        "f1-score": 0.0,
        "support": 13
    },
    "type-of": {
        "precision": 1.0,
        "recall": 0.21428571428571427,
        "f1-score": 0.35294117647058826,
        "support": 28
    },
    "usage": {
        "precision": 0.0,
        "recall": 0.0,
        "f1-score": 0.0,
        "support": 0
    },
    "win-defeat": {
        "precision": 0.3333333333333333,
        "recall": 0.024390243902439025,
        "f1-score": 0.04545454545454545,
        "support": 41
    },
    "micro avg": {
        "precision": 0.6581103222282906,
        "recall": 0.5673258003766478,
        "f1-score": 0.6093552465233881,
        "support": 2124
    },
    "macro avg": {
        "precision": 999999,
        "recall": 999999,
        "f1-score": 0.33654076987352455,
        "support": 2124
    },
    "weighted avg": {
        "precision": 0.6431052640371209,
        "recall": 0.5673258003766478,
        "f1-score": 0.5743193610738603,
        "support": 2124
    },
    "samples avg": {
        "precision": 0.6581103222282906,
        "recall": 0.5838339705079192,
        "f1-score": 0.6085927544147097,
        "support": 2124
    }
}