{
    "related-to": {
        "precision": 0.25900900900900903,
        "recall": 0.2777777777777778,
        "f1-score": 0.26806526806526804,
        "support": 414
    },
    "artifact": {
        "precision": 0.8306332842415317,
        "recall": 0.8881889763779528,
        "f1-score": 0.8584474885844748,
        "support": 635
    },
    "cause-effect": {
        "precision": 0.0,
        "recall": 0.0,
        "f1-score": 0.0,
        "support": 86
    },
    "compare": {
        "precision": 0.45454545454545453,
        "recall": 0.18292682926829268,
        "f1-score": 0.2608695652173913,
        "support": 82
    },
    "general-affiliation": {
        "precision": 0.7539007092198582,
        "recall": 0.8579499596448749,
        "f1-score": 0.802567006417516,
        "support": 1239
    },
    "named": {
        "precision": 0.6023890784982935,
        "recall": 0.6326164874551972,
        "f1-score": 0.6171328671328671,
        "support": 558
    },
    "opposite": {
        "precision": 0.1111111111111111,
        "recall": 0.015625,
        "f1-score": 0.0273972602739726,
        "support": 128
    },
    "origin": {
        "precision": 0.5797872340425532,
        "recall": 0.35855263157894735,
        "f1-score": 0.4430894308943089,
        "support": 304
    },
    "part-of": {
        "precision": 0.29721030042918456,
        "recall": 0.3841886269070735,
        "f1-score": 0.3351482153660012,
        "support": 721
    },
    "physical": {
        "precision": 0.7711914641375223,
        "recall": 0.8941580756013746,
        "f1-score": 0.8281349458943349,
        "support": 1455
    },
    "role": {
        "precision": 0.685002895193978,
        "recall": 0.5897308075772681,
        "f1-score": 0.6338065898740959,
        "support": 2006
    },
    "social": {
        "precision": 0.5647058823529412,
        "recall": 0.45714285714285713,
        "f1-score": 0.5052631578947369,
        "support": 105
    },
    "temporal": {
        "precision": 0.8060453400503779,
        "recall": 0.7843137254901961,
        "f1-score": 0.7950310559006211,
        "support": 408
    },
    "topic": {
        "precision": 0.2857142857142857,
        "recall": 0.03529411764705882,
        "f1-score": 0.06282722513089005,
        "support": 170
    },
    "type-of": {
        "precision": 0.6911764705882353,
        "recall": 0.27976190476190477,
        "f1-score": 0.3983050847457627,
        "support": 336
    },
    "usage": {
        "precision": 0.8333333333333334,
        "recall": 0.15,
        "f1-score": 0.2542372881355932,
        "support": 200
    },
    "win-defeat": {
        "precision": 0.7647058823529411,
        "recall": 0.6971608832807571,
        "f1-score": 0.7293729372937292,
        "support": 317
    },
    "micro avg": {
        "precision": 0.6577065066912783,
        "recall": 0.622108249672632,
        "f1-score": 0.639412292507851,
        "support": 9164
    },
    "macro avg": {
        "precision": 999999,
        "recall": 999999,
        "f1-score": 0.45998208157773907,
        "support": 9164
    },
    "weighted avg": {
        "precision": 0.6461350942307217,
        "recall": 0.622108249672632,
        "f1-score": 0.6194260720669367,
        "support": 9164
    },
    "samples avg": {
        "precision": 0.6577065066912783,
        "recall": 0.6314220889093985,
        "f1-score": 0.6401515151515151,
        "support": 9164
    }
}