{"related-to": {"precision": 0.12834224598930483, "recall": 0.2222222222222222, "f1-score": 0.16271186440677968, "support": 108}, "artifact": {"precision": 0.06818181818181818, "recall": 0.07317073170731707, "f1-score": 0.07058823529411763, "support": 41}, "cause-effect": {"precision": 0.0, "recall": 0.0, "f1-score": 0.0, "support": 5}, "compare": {"precision": 0.0, "recall": 0.0, "f1-score": 0.0, "support": 24}, "general-affiliation": {"precision": 0.046511627906976744, "recall": 0.10666666666666667, "f1-score": 0.06477732793522267, "support": 75}, "named": {"precision": 0.0975609756097561, "recall": 0.11510791366906475, "f1-score": 0.10561056105610561, "support": 139}, "opposite": {"precision": 0.0, "recall": 0.0, "f1-score": 0.0, "support": 11}, "origin": {"precision": 0.1388888888888889, "recall": 0.056179775280898875, "f1-score": 0.08, "support": 89}, "part-of": {"precision": 0.18050541516245489, "recall": 0.2336448598130841, "f1-score": 0.20366598778004072, "support": 214}, "physical": {"precision": 0.08080808080808081, "recall": 0.0784313725490196, "f1-score": 0.07960199004975124, "support": 102}, "role": {"precision": 0.06722689075630252, "recall": 0.07339449541284404, "f1-score": 0.07017543859649124, "support": 109}, "social": {"precision": 0.0, "recall": 0.0, "f1-score": 0.0, "support": 1}, "temporal": {"precision": 0.07692307692307693, "recall": 0.047619047619047616, "f1-score": 0.058823529411764705, "support": 21}, "topic": {"precision": 0.0, "recall": 0.0, "f1-score": 0.0, "support": 41}, "type-of": {"precision": 0.0, "recall": 0.0, "f1-score": 0.0, "support": 54}, "usage": {"precision": 0.0, "recall": 0.0, "f1-score": 0.0, "support": 122}, "win-defeat": {"precision": 0.0, "recall": 0.0, "f1-score": 0.0, "support": 7}, "micro avg": {"precision": 0.10913930789707187, "recall": 0.1057609630266552, "f1-score": 0.10742358078602621, "support": 1163}, "macro avg": {"precision": 0.052055824719215285, "recall": 0.059202181467068536, "f1-score": 0.052703231442957264, "support": 1163}, "weighted avg": {"precision": 0.08760152598555555, "recall": 0.1057609630266552, "f1-score": 0.09261694572622473, "support": 1163}, "samples avg": {"precision": 0.10913930789707187, "recall": 0.10825199645075421, "f1-score": 0.10854776693286008, "support": 1163}}