{"related-to": {"precision": 0.09243697478991597, "recall": 0.10185185185185185, "f1-score": 0.09691629955947136, "support": 108}, "artifact": {"precision": 0.0, "recall": 0.0, "f1-score": 0.0, "support": 41}, "cause-effect": {"precision": 0.0, "recall": 0.0, "f1-score": 0.0, "support": 5}, "compare": {"precision": 0.0, "recall": 0.0, "f1-score": 0.0, "support": 24}, "general-affiliation": {"precision": 0.04, "recall": 0.02666666666666667, "f1-score": 0.032, "support": 75}, "named": {"precision": 0.0945945945945946, "recall": 0.10071942446043165, "f1-score": 0.09756097560975609, "support": 139}, "opposite": {"precision": 0.0, "recall": 0.0, "f1-score": 0.0, "support": 11}, "origin": {"precision": 0.0, "recall": 0.0, "f1-score": 0.0, "support": 89}, "part-of": {"precision": 0.1685823754789272, "recall": 0.411214953271028, "f1-score": 0.2391304347826087, "support": 214}, "physical": {"precision": 0.0707070707070707, "recall": 0.06862745098039216, "f1-score": 0.06965174129353234, "support": 102}, "role": {"precision": 0.07258064516129033, "recall": 0.08256880733944955, "f1-score": 0.07725321888412018, "support": 109}, "social": {"precision": 0.0, "recall": 0.0, "f1-score": 0.0, "support": 1}, "temporal": {"precision": 0.0, "recall": 0.0, "f1-score": 0.0, "support": 21}, "topic": {"precision": 0.0, "recall": 0.0, "f1-score": 0.0, "support": 41}, "type-of": {"precision": 0.0, "recall": 0.0, "f1-score": 0.0, "support": 54}, "usage": {"precision": 0.0, "recall": 0.0, "f1-score": 0.0, "support": 122}, "win-defeat": {"precision": 0.0, "recall": 0.0, "f1-score": 0.0, "support": 7}, "micro avg": {"precision": 0.11623779946761313, "recall": 0.11263972484952708, "f1-score": 0.11441048034934498, "support": 1163}, "macro avg": {"precision": 0.03170009769010581, "recall": 0.04656759732763646, "f1-score": 0.03603015706644051, "support": 1163}, "weighted avg": {"precision": 0.06649344953839369, "recall": 0.11263972484952708, "f1-score": 0.08007474417537977, "support": 1163}, "samples avg": {"precision": 0.11623779946761313, "recall": 0.1129843241644484, "f1-score": 0.11401952085181899, "support": 1163}}