{"related-to": {"precision": 0.0, "recall": 0.0, "f1-score": 0.0, "support": 26}, "artifact": {"precision": 0.1111111111111111, "recall": 0.138996138996139, "f1-score": 0.12349914236706688, "support": 259}, "cause-effect": {"precision": 0.0, "recall": 0.0, "f1-score": 0.0, "support": 4}, "compare": {"precision": 0.0, "recall": 0.0, "f1-score": 0.0, "support": 5}, "general-affiliation": {"precision": 0.2675521821631879, "recall": 0.19529085872576177, "f1-score": 0.22578062449959968, "support": 722}, "named": {"precision": 0.0, "recall": 0.0, "f1-score": 0.0, "support": 83}, "opposite": {"precision": 0.0, "recall": 0.0, "f1-score": 0.0, "support": 6}, "origin": {"precision": 0.0, "recall": 0.0, "f1-score": 0.0, "support": 19}, "part-of": {"precision": 0.0947867298578199, "recall": 0.11363636363636363, "f1-score": 0.10335917312661498, "support": 176}, "physical": {"precision": 0.19672131147540983, "recall": 0.17266187050359713, "f1-score": 0.1839080459770115, "support": 417}, "role": {"precision": 0.1689419795221843, "recall": 0.2612137203166227, "f1-score": 0.20518134715025907, "support": 379}, "social": {"precision": 0.0, "recall": 0.0, "f1-score": 0.0, "support": 22}, "temporal": {"precision": 0.05263157894736842, "recall": 0.08333333333333333, "f1-score": 0.06451612903225808, "support": 24}, "topic": {"precision": 0.0, "recall": 0.0, "f1-score": 0.0, "support": 8}, "type-of": {"precision": 0.08823529411764706, "recall": 0.025210084033613446, "f1-score": 0.039215686274509796, "support": 119}, "usage": {"precision": 0.0, "recall": 0.0, "f1-score": 0.0, "support": 52}, "win-defeat": {"precision": 0.05102040816326531, "recall": 0.053763440860215055, "f1-score": 0.05235602094240838, "support": 93}, "micro avg": {"precision": 0.1620926243567753, "recall": 0.15658657829328915, "f1-score": 0.1592920353982301, "support": 2414}, "macro avg": {"precision": 0.060647093844587864, "recall": 0.06141798884739094, "f1-score": 0.058695068786454606, "support": 2414}, "weighted avg": {"precision": 0.1661983308751657, "recall": 0.15658657829328915, "f1-score": 0.15688842281918491, "support": 2414}, "samples avg": {"precision": 0.1620926243567753, "recall": 0.1565180102915952, "f1-score": 0.15837621497998855, "support": 2414}}