{
    "related-to": {
        "precision": 0.0,
        "recall": 0.0,
        "f1-score": 0.0,
        "support": 76
    },
    "artifact": {
        "precision": 0.0,
        "recall": 0.0,
        "f1-score": 0.0,
        "support": 2
    },
    "cause-effect": {
        "precision": 0.0,
        "recall": 0.0,
        "f1-score": 0.0,
        "support": 0
    },
    "compare": {
        "precision": 0.0,
        "recall": 0.0,
        "f1-score": 0.0,
        "support": 6
    },
    "general-affiliation": {
        "precision": 0.1511627906976744,
        "recall": 0.41935483870967744,
        "f1-score": 0.22222222222222218,
        "support": 31
    },
    "named": {
        "precision": 0.8555555555555555,
        "recall": 0.5923076923076923,
        "f1-score": 0.7,
        "support": 130
    },
    "opposite": {
        "precision": 0.2549019607843137,
        "recall": 0.24528301886792453,
        "f1-score": 0.25,
        "support": 53
    },
    "origin": {
        "precision": 0.0,
        "recall": 0.0,
        "f1-score": 0.0,
        "support": 55
    },
    "part-of": {
        "precision": 0.22807017543859648,
        "recall": 0.1111111111111111,
        "f1-score": 0.14942528735632185,
        "support": 117
    },
    "physical": {
        "precision": 0.7671568627450981,
        "recall": 0.7652811735941321,
        "f1-score": 0.766217870257038,
        "support": 409
    },
    "role": {
        "precision": 0.6240875912408759,
        "recall": 0.61437125748503,
        "f1-score": 0.6191913095956548,
        "support": 835
    },
    "social": {
        "precision": 0.0,
        "recall": 0.0,
        "f1-score": 0.0,
        "support": 21
    },
    "temporal": {
        "precision": 0.8670886075949367,
        "recall": 0.8925081433224755,
        "f1-score": 0.8796147672552166,
        "support": 307
    },
    "topic": {
        "precision": 0.0,
        "recall": 0.0,
        "f1-score": 0.0,
        "support": 13
    },
    "type-of": {
        "precision": 0.0,
        "recall": 0.0,
        "f1-score": 0.0,
        "support": 28
    },
    "usage": {
        "precision": 0.0,
        "recall": 0.0,
        "f1-score": 0.0,
        "support": 0
    },
    "win-defeat": {
        "precision": 1.0,
        "recall": 0.024390243902439025,
        "f1-score": 0.047619047619047616,
        "support": 41
    },
    "micro avg": {
        "precision": 0.6646641179683234,
        "recall": 0.5729755178907722,
        "f1-score": 0.6154235145385588,
        "support": 2124
    },
    "macro avg": {
        "precision": 999999,
        "recall": 999999,
        "f1-score": 0.2422860336203667,
        "support": 2124
    },
    "weighted avg": {
        "precision": 0.6111952830801585,
        "recall": 0.5729755178907722,
        "f1-score": 0.5795779729081033,
        "support": 2124
    },
    "samples avg": {
        "precision": 0.6646641179683234,
        "recall": 0.588203167667941,
        "f1-score": 0.6136901511014018,
        "support": 2124
    }
}