{"related-to": {"precision": 0.0, "recall": 0.0, "f1-score": 0.0, "support": 6}, "artifact": {"precision": 0.0, "recall": 0.0, "f1-score": 0.0, "support": 0}, "cause-effect": {"precision": 0.0, "recall": 0.0, "f1-score": 0.0, "support": 0}, "compare": {"precision": 0.0, "recall": 0.0, "f1-score": 0.0, "support": 0}, "general-affiliation": {"precision": 0.0, "recall": 0.0, "f1-score": 0.0, "support": 10}, "named": {"precision": 0.0, "recall": 0.0, "f1-score": 0.0, "support": 4}, "opposite": {"precision": 0.0, "recall": 0.0, "f1-score": 0.0, "support": 39}, "origin": {"precision": 0.0, "recall": 0.0, "f1-score": 0.0, "support": 0}, "part-of": {"precision": 0.0, "recall": 0.0, "f1-score": 0.0, "support": 28}, "physical": {"precision": 0.39790575916230364, "recall": 0.5891472868217055, "f1-score": 0.475, "support": 129}, "role": {"precision": 0.4482758620689655, "recall": 0.4513888888888889, "f1-score": 0.4498269896193772, "support": 144}, "social": {"precision": 0.0, "recall": 0.0, "f1-score": 0.0, "support": 0}, "temporal": {"precision": 0.0, "recall": 0.0, "f1-score": 0.0, "support": 1}, "topic": {"precision": 0.0, "recall": 0.0, "f1-score": 0.0, "support": 0}, "type-of": {"precision": 0.0, "recall": 0.0, "f1-score": 0.0, "support": 0}, "usage": {"precision": 0.0, "recall": 0.0, "f1-score": 0.0, "support": 0}, "win-defeat": {"precision": 0.0, "recall": 0.0, "f1-score": 0.0, "support": 35}, "micro avg": {"precision": 0.3560606060606061, "recall": 0.3560606060606061, "f1-score": 0.3560606060606061, "support": 396}, "macro avg": {"precision": 0.0497753894841923, "recall": 0.06120801033591732, "f1-score": 0.05440158762466925, "support": 396}, "weighted avg": {"precision": 0.29263021987340454, "recall": 0.3560606060606061, "f1-score": 0.31830829925553106, "support": 396}, "samples avg": {"precision": 0.3560606060606061, "recall": 0.3560606060606061, "f1-score": 0.3560606060606061, "support": 396}}