{
    "related-to": {
        "precision": 0.0,
        "recall": 0.0,
        "f1-score": 0.0,
        "support": 6
    },
    "artifact": {
        "precision": 0.0,
        "recall": 0.0,
        "f1-score": 0.0,
        "support": 0
    },
    "cause-effect": {
        "precision": 0.0,
        "recall": 0.0,
        "f1-score": 0.0,
        "support": 0
    },
    "compare": {
        "precision": 0.0,
        "recall": 0.0,
        "f1-score": 0.0,
        "support": 0
    },
    "general-affiliation": {
        "precision": 0.375,
        "recall": 0.3,
        "f1-score": 0.33333333333333326,
        "support": 10
    },
    "named": {
        "precision": 0.2727272727272727,
        "recall": 0.75,
        "f1-score": 0.39999999999999997,
        "support": 4
    },
    "opposite": {
        "precision": 0.0,
        "recall": 0.0,
        "f1-score": 0.0,
        "support": 39
    },
    "origin": {
        "precision": 0.0,
        "recall": 0.0,
        "f1-score": 0.0,
        "support": 0
    },
    "part-of": {
        "precision": 0.18181818181818182,
        "recall": 0.07142857142857142,
        "f1-score": 0.10256410256410255,
        "support": 28
    },
    "physical": {
        "precision": 0.6289308176100629,
        "recall": 0.7751937984496124,
        "f1-score": 0.6944444444444444,
        "support": 129
    },
    "role": {
        "precision": 0.5529411764705883,
        "recall": 0.6527777777777778,
        "f1-score": 0.5987261146496815,
        "support": 144
    },
    "social": {
        "precision": 0.0,
        "recall": 0.0,
        "f1-score": 0.0,
        "support": 0
    },
    "temporal": {
        "precision": 0.02702702702702703,
        "recall": 1.0,
        "f1-score": 0.052631578947368425,
        "support": 1
    },
    "topic": {
        "precision": 0.0,
        "recall": 0.0,
        "f1-score": 0.0,
        "support": 0
    },
    "type-of": {
        "precision": 0.0,
        "recall": 0.0,
        "f1-score": 0.0,
        "support": 0
    },
    "usage": {
        "precision": 0.0,
        "recall": 0.0,
        "f1-score": 0.0,
        "support": 0
    },
    "win-defeat": {
        "precision": 0.0,
        "recall": 0.0,
        "f1-score": 0.0,
        "support": 35
    },
    "micro avg": {
        "precision": 0.5126262626262627,
        "recall": 0.5126262626262627,
        "f1-score": 0.5126262626262627,
        "support": 396
    },
    "macro avg": {
        "precision": 999999,
        "recall": 999999,
        "f1-score": 0.24241106377099225,
        "support": 396
    },
    "weighted avg": {
        "precision": 0.4310970961926971,
        "recall": 0.5126262626262627,
        "f1-score": 0.46378195360344204,
        "support": 396
    },
    "samples avg": {
        "precision": 0.5126262626262627,
        "recall": 0.5126262626262627,
        "f1-score": 0.5126262626262627,
        "support": 396
    }
}