{
    "related-to": {
        "precision": 0.3230088495575221,
        "recall": 0.5793650793650794,
        "f1-score": 0.4147727272727273,
        "support": 126
    },
    "artifact": {
        "precision": 0.047619047619047616,
        "recall": 0.030303030303030304,
        "f1-score": 0.037037037037037035,
        "support": 33
    },
    "cause-effect": {
        "precision": 0.0,
        "recall": 0.0,
        "f1-score": 0.0,
        "support": 76
    },
    "compare": {
        "precision": 0.5238095238095238,
        "recall": 0.28205128205128205,
        "f1-score": 0.36666666666666664,
        "support": 39
    },
    "general-affiliation": {
        "precision": 0.2463768115942029,
        "recall": 0.2328767123287671,
        "f1-score": 0.23943661971830985,
        "support": 73
    },
    "named": {
        "precision": 0.4,
        "recall": 0.5555555555555556,
        "f1-score": 0.46511627906976744,
        "support": 108
    },
    "opposite": {
        "precision": 0.0,
        "recall": 0.0,
        "f1-score": 0.0,
        "support": 5
    },
    "origin": {
        "precision": 0.19008264462809918,
        "recall": 0.24468085106382978,
        "f1-score": 0.21395348837209302,
        "support": 94
    },
    "part-of": {
        "precision": 0.14285714285714285,
        "recall": 0.32222222222222224,
        "f1-score": 0.19795221843003413,
        "support": 90
    },
    "physical": {
        "precision": 0.6345381526104418,
        "recall": 0.7053571428571429,
        "f1-score": 0.6680761099365751,
        "support": 224
    },
    "role": {
        "precision": 0.39705882352941174,
        "recall": 0.3776223776223776,
        "f1-score": 0.3870967741935484,
        "support": 286
    },
    "social": {
        "precision": 0.0,
        "recall": 0.0,
        "f1-score": 0.0,
        "support": 14
    },
    "temporal": {
        "precision": 0.0,
        "recall": 0.0,
        "f1-score": 0.0,
        "support": 26
    },
    "topic": {
        "precision": 0.9545454545454546,
        "recall": 0.3181818181818182,
        "f1-score": 0.47727272727272724,
        "support": 66
    },
    "type-of": {
        "precision": 0.5714285714285714,
        "recall": 0.03418803418803419,
        "f1-score": 0.06451612903225806,
        "support": 117
    },
    "usage": {
        "precision": 0.0,
        "recall": 0.0,
        "f1-score": 0.0,
        "support": 24
    },
    "win-defeat": {
        "precision": 0.9032258064516129,
        "recall": 0.6363636363636364,
        "f1-score": 0.7466666666666666,
        "support": 44
    },
    "micro avg": {
        "precision": 0.3829022988505747,
        "recall": 0.36885813148788926,
        "f1-score": 0.37574903066619664,
        "support": 1445
    },
    "macro avg": {
        "precision": 999999,
        "recall": 999999,
        "f1-score": 0.25168020256873,
        "support": 1445
    },
    "weighted avg": {
        "precision": 0.40131763446226526,
        "recall": 0.36885813148788926,
        "f1-score": 0.34995348877404314,
        "support": 1445
    },
    "samples avg": {
        "precision": 0.3829022988505747,
        "recall": 0.36530172413793105,
        "f1-score": 0.3711685823754789,
        "support": 1445
    }
}