{
    "related-to": {
        "precision": 0.2169811320754717,
        "recall": 0.21296296296296297,
        "f1-score": 0.2149532710280374,
        "support": 108
    },
    "artifact": {
        "precision": 0.5714285714285714,
        "recall": 0.6829268292682927,
        "f1-score": 0.6222222222222223,
        "support": 41
    },
    "cause-effect": {
        "precision": 0.0,
        "recall": 0.0,
        "f1-score": 0.0,
        "support": 5
    },
    "compare": {
        "precision": 1.0,
        "recall": 0.041666666666666664,
        "f1-score": 0.07999999999999999,
        "support": 24
    },
    "general-affiliation": {
        "precision": 0.5,
        "recall": 0.08,
        "f1-score": 0.13793103448275865,
        "support": 75
    },
    "named": {
        "precision": 0.7049180327868853,
        "recall": 0.6187050359712231,
        "f1-score": 0.6590038314176245,
        "support": 139
    },
    "opposite": {
        "precision": 0.0,
        "recall": 0.0,
        "f1-score": 0.0,
        "support": 11
    },
    "origin": {
        "precision": 0.4605263157894737,
        "recall": 0.39325842696629215,
        "f1-score": 0.42424242424242425,
        "support": 89
    },
    "part-of": {
        "precision": 0.36533957845433257,
        "recall": 0.7289719626168224,
        "f1-score": 0.48673946957878317,
        "support": 214
    },
    "physical": {
        "precision": 0.8505747126436781,
        "recall": 0.7254901960784313,
        "f1-score": 0.783068783068783,
        "support": 102
    },
    "role": {
        "precision": 0.584,
        "recall": 0.6697247706422018,
        "f1-score": 0.6239316239316239,
        "support": 109
    },
    "social": {
        "precision": 0.0,
        "recall": 0.0,
        "f1-score": 0.0,
        "support": 1
    },
    "temporal": {
        "precision": 0.7222222222222222,
        "recall": 0.6190476190476191,
        "f1-score": 0.6666666666666666,
        "support": 21
    },
    "topic": {
        "precision": 0.9230769230769231,
        "recall": 0.2926829268292683,
        "f1-score": 0.4444444444444444,
        "support": 41
    },
    "type-of": {
        "precision": 0.3404255319148936,
        "recall": 0.2962962962962963,
        "f1-score": 0.3168316831683168,
        "support": 54
    },
    "usage": {
        "precision": 0.3488372093023256,
        "recall": 0.12295081967213115,
        "f1-score": 0.18181818181818182,
        "support": 122
    },
    "win-defeat": {
        "precision": 0.0,
        "recall": 0.0,
        "f1-score": 0.0,
        "support": 7
    },
    "micro avg": {
        "precision": 0.47737355811889975,
        "recall": 0.46259673258813416,
        "f1-score": 0.4698689956331878,
        "support": 1163
    },
    "macro avg": {
        "precision": 999999,
        "recall": 999999,
        "f1-score": 0.3318737432982275,
        "support": 1163
    },
    "weighted avg": {
        "precision": 0.507209124338223,
        "recall": 0.46259673258813416,
        "f1-score": 0.4418802759755147,
        "support": 1163
    },
    "samples avg": {
        "precision": 0.47737355811889975,
        "recall": 0.4696835255841466,
        "f1-score": 0.4721975746820467,
        "support": 1163
    }
}