{
    "related-to": {
        "precision": 0.24615384615384617,
        "recall": 0.2962962962962963,
        "f1-score": 0.2689075630252101,
        "support": 108
    },
    "artifact": {
        "precision": 0.5555555555555556,
        "recall": 0.4878048780487805,
        "f1-score": 0.5194805194805195,
        "support": 41
    },
    "cause-effect": {
        "precision": 0.0,
        "recall": 0.0,
        "f1-score": 0.0,
        "support": 5
    },
    "compare": {
        "precision": 0.0,
        "recall": 0.0,
        "f1-score": 0.0,
        "support": 24
    },
    "general-affiliation": {
        "precision": 0.5,
        "recall": 0.02666666666666667,
        "f1-score": 0.05063291139240507,
        "support": 75
    },
    "named": {
        "precision": 0.7142857142857143,
        "recall": 0.6834532374100719,
        "f1-score": 0.698529411764706,
        "support": 139
    },
    "opposite": {
        "precision": 0.0,
        "recall": 0.0,
        "f1-score": 0.0,
        "support": 11
    },
    "origin": {
        "precision": 0.5142857142857142,
        "recall": 0.4044943820224719,
        "f1-score": 0.4528301886792453,
        "support": 89
    },
    "part-of": {
        "precision": 0.3431151241534989,
        "recall": 0.7102803738317757,
        "f1-score": 0.46270928462709293,
        "support": 214
    },
    "physical": {
        "precision": 0.8488372093023255,
        "recall": 0.7156862745098039,
        "f1-score": 0.7765957446808511,
        "support": 102
    },
    "role": {
        "precision": 0.625,
        "recall": 0.6880733944954128,
        "f1-score": 0.6550218340611353,
        "support": 109
    },
    "social": {
        "precision": 0.0,
        "recall": 0.0,
        "f1-score": 0.0,
        "support": 1
    },
    "temporal": {
        "precision": 0.6363636363636364,
        "recall": 0.3333333333333333,
        "f1-score": 0.43749999999999994,
        "support": 21
    },
    "topic": {
        "precision": 1.0,
        "recall": 0.17073170731707318,
        "f1-score": 0.2916666666666667,
        "support": 41
    },
    "type-of": {
        "precision": 0.3018867924528302,
        "recall": 0.2962962962962963,
        "f1-score": 0.2990654205607477,
        "support": 54
    },
    "usage": {
        "precision": 0.16666666666666666,
        "recall": 0.040983606557377046,
        "f1-score": 0.06578947368421052,
        "support": 122
    },
    "win-defeat": {
        "precision": 0.75,
        "recall": 0.42857142857142855,
        "f1-score": 0.5454545454545454,
        "support": 7
    },
    "micro avg": {
        "precision": 0.4640638864241349,
        "recall": 0.44969905417024936,
        "f1-score": 0.4567685589519651,
        "support": 1163
    },
    "macro avg": {
        "precision": 999999,
        "recall": 999999,
        "f1-score": 0.3249519743574903,
        "support": 1163
    },
    "weighted avg": {
        "precision": 0.4783331250444063,
        "recall": 0.44969905417024936,
        "f1-score": 0.42158680818502065,
        "support": 1163
    },
    "samples avg": {
        "precision": 0.4640638864241349,
        "recall": 0.45371191955042883,
        "f1-score": 0.4571132800946465,
        "support": 1163
    }
}