{"related-to": {"precision": 0.09230769230769231, "recall": 0.1111111111111111, "f1-score": 0.10084033613445378, "support": 108}, "artifact": {"precision": 0.0, "recall": 0.0, "f1-score": 0.0, "support": 41}, "cause-effect": {"precision": 0.0, "recall": 0.0, "f1-score": 0.0, "support": 5}, "compare": {"precision": 0.0, "recall": 0.0, "f1-score": 0.0, "support": 24}, "general-affiliation": {"precision": 0.06666666666666667, "recall": 0.22666666666666666, "f1-score": 0.10303030303030303, "support": 75}, "named": {"precision": 0.1318181818181818, "recall": 0.20863309352517986, "f1-score": 0.1615598885793872, "support": 139}, "opposite": {"precision": 0.0, "recall": 0.0, "f1-score": 0.0, "support": 11}, "origin": {"precision": 0.1, "recall": 0.02247191011235955, "f1-score": 0.03669724770642202, "support": 89}, "part-of": {"precision": 0.18099547511312217, "recall": 0.18691588785046728, "f1-score": 0.18390804597701146, "support": 214}, "physical": {"precision": 0.12962962962962962, "recall": 0.13725490196078433, "f1-score": 0.13333333333333333, "support": 102}, "role": {"precision": 0.125, "recall": 0.11926605504587157, "f1-score": 0.12206572769953052, "support": 109}, "social": {"precision": 0.0, "recall": 0.0, "f1-score": 0.0, "support": 1}, "temporal": {"precision": 0.0, "recall": 0.0, "f1-score": 0.0, "support": 21}, "topic": {"precision": 0.0, "recall": 0.0, "f1-score": 0.0, "support": 41}, "type-of": {"precision": 0.0, "recall": 0.0, "f1-score": 0.0, "support": 54}, "usage": {"precision": 0.0, "recall": 0.0, "f1-score": 0.0, "support": 122}, "win-defeat": {"precision": 0.0, "recall": 0.0, "f1-score": 0.0, "support": 7}, "micro avg": {"precision": 0.1126885536823425, "recall": 0.10920034393809114, "f1-score": 0.11091703056768559, "support": 1163}, "macro avg": {"precision": 0.048612802678546625, "recall": 0.059548213310143545, "f1-score": 0.04949616955649655, "support": 1163}, "weighted avg": {"precision": 0.09266742213103045, "recall": 0.10920034393809114, "f1-score": 0.09510094131257901, "support": 1163}, "samples avg": {"precision": 0.1126885536823425, "recall": 0.1095829636202307, "f1-score": 0.1106181603076013, "support": 1163}}