{
    "related-to": {
        "precision": 0.24836601307189543,
        "recall": 0.35185185185185186,
        "f1-score": 0.29118773946360155,
        "support": 108
    },
    "artifact": {
        "precision": 0.5272727272727272,
        "recall": 0.7073170731707317,
        "f1-score": 0.6041666666666666,
        "support": 41
    },
    "cause-effect": {
        "precision": 0.0,
        "recall": 0.0,
        "f1-score": 0.0,
        "support": 5
    },
    "compare": {
        "precision": 0.0,
        "recall": 0.0,
        "f1-score": 0.0,
        "support": 24
    },
    "general-affiliation": {
        "precision": 0.12195121951219512,
        "recall": 0.26666666666666666,
        "f1-score": 0.16736401673640167,
        "support": 75
    },
    "named": {
        "precision": 0.4796747967479675,
        "recall": 0.8489208633093526,
        "f1-score": 0.612987012987013,
        "support": 139
    },
    "opposite": {
        "precision": 0.5,
        "recall": 0.09090909090909091,
        "f1-score": 0.15384615384615385,
        "support": 11
    },
    "origin": {
        "precision": 0.6896551724137931,
        "recall": 0.2247191011235955,
        "f1-score": 0.3389830508474576,
        "support": 89
    },
    "part-of": {
        "precision": 0.5052631578947369,
        "recall": 0.4485981308411215,
        "f1-score": 0.4752475247524752,
        "support": 214
    },
    "physical": {
        "precision": 0.87,
        "recall": 0.8529411764705882,
        "f1-score": 0.8613861386138614,
        "support": 102
    },
    "role": {
        "precision": 0.4438202247191011,
        "recall": 0.7247706422018348,
        "f1-score": 0.5505226480836237,
        "support": 109
    },
    "social": {
        "precision": 0.0,
        "recall": 0.0,
        "f1-score": 0.0,
        "support": 1
    },
    "temporal": {
        "precision": 0.25,
        "recall": 0.047619047619047616,
        "f1-score": 0.08,
        "support": 21
    },
    "topic": {
        "precision": 0.0,
        "recall": 0.0,
        "f1-score": 0.0,
        "support": 41
    },
    "type-of": {
        "precision": 0.0,
        "recall": 0.0,
        "f1-score": 0.0,
        "support": 54
    },
    "usage": {
        "precision": 0.0,
        "recall": 0.0,
        "f1-score": 0.0,
        "support": 122
    },
    "win-defeat": {
        "precision": 1.0,
        "recall": 0.2857142857142857,
        "f1-score": 0.4444444444444445,
        "support": 7
    },
    "micro avg": {
        "precision": 0.4356699201419698,
        "recall": 0.42218400687876184,
        "f1-score": 0.42882096069868997,
        "support": 1163
    },
    "macro avg": {
        "precision": 999999,
        "recall": 999999,
        "f1-score": 0.2694197292024529,
        "support": 1163
    },
    "weighted avg": {
        "precision": 0.385756560679288,
        "recall": 0.42218400687876184,
        "f1-score": 0.37850459214224275,
        "support": 1163
    },
    "samples avg": {
        "precision": 0.4356699201419698,
        "recall": 0.42354333037562847,
        "f1-score": 0.4275362318840579,
        "support": 1163
    }
}