{"related-to": {"precision": 0.027777777777777776, "recall": 0.038461538461538464, "f1-score": 0.03225806451612904, "support": 26}, "artifact": {"precision": 0.11898016997167139, "recall": 0.16216216216216217, "f1-score": 0.13725490196078433, "support": 259}, "cause-effect": {"precision": 0.0, "recall": 0.0, "f1-score": 0.0, "support": 4}, "compare": {"precision": 0.0, "recall": 0.0, "f1-score": 0.0, "support": 5}, "general-affiliation": {"precision": 0.28743961352657005, "recall": 0.16481994459833796, "f1-score": 0.20950704225352113, "support": 722}, "named": {"precision": 0.05555555555555555, "recall": 0.03614457831325301, "f1-score": 0.0437956204379562, "support": 83}, "opposite": {"precision": 0.0, "recall": 0.0, "f1-score": 0.0, "support": 6}, "origin": {"precision": 0.025, "recall": 0.05263157894736842, "f1-score": 0.03389830508474576, "support": 19}, "part-of": {"precision": 0.08786610878661087, "recall": 0.11931818181818182, "f1-score": 0.10120481927710842, "support": 176}, "physical": {"precision": 0.20535714285714285, "recall": 0.22062350119904076, "f1-score": 0.21271676300578032, "support": 417}, "role": {"precision": 0.1766990291262136, "recall": 0.24010554089709762, "f1-score": 0.20357941834451904, "support": 379}, "social": {"precision": 0.0, "recall": 0.0, "f1-score": 0.0, "support": 22}, "temporal": {"precision": 0.02857142857142857, "recall": 0.041666666666666664, "f1-score": 0.03389830508474576, "support": 24}, "topic": {"precision": 0.0, "recall": 0.0, "f1-score": 0.0, "support": 8}, "type-of": {"precision": 0.043478260869565216, "recall": 0.025210084033613446, "f1-score": 0.03191489361702128, "support": 119}, "usage": {"precision": 0.0, "recall": 0.0, "f1-score": 0.0, "support": 52}, "win-defeat": {"precision": 0.0603448275862069, "recall": 0.07526881720430108, "f1-score": 0.06698564593301436, "support": 93}, "micro avg": {"precision": 0.16337907375643224, "recall": 0.15782932891466445, "f1-score": 0.16055625790139064, "support": 2414}, "macro avg": {"precision": 0.06570999497816134, "recall": 0.06920074084126832, "f1-score": 0.06511845761854856, "support": 2414}, "weighted avg": {"precision": 0.17551557182004832, "recall": 0.15782932891466445, "f1-score": 0.16008432176398063, "support": 2414}, "samples avg": {"precision": 0.16337907375643224, "recall": 0.15837621497998858, "f1-score": 0.16002001143510575, "support": 2414}}