{
    "related-to": {
        "precision": 0.3522727272727273,
        "recall": 0.49206349206349204,
        "f1-score": 0.4105960264900662,
        "support": 126
    },
    "artifact": {
        "precision": 0.1951219512195122,
        "recall": 0.24242424242424243,
        "f1-score": 0.2162162162162162,
        "support": 33
    },
    "cause-effect": {
        "precision": 0.0,
        "recall": 0.0,
        "f1-score": 0.0,
        "support": 76
    },
    "compare": {
        "precision": 0.5428571428571428,
        "recall": 0.48717948717948717,
        "f1-score": 0.5135135135135135,
        "support": 39
    },
    "general-affiliation": {
        "precision": 0.3409090909090909,
        "recall": 0.2054794520547945,
        "f1-score": 0.2564102564102564,
        "support": 73
    },
    "named": {
        "precision": 0.45806451612903226,
        "recall": 0.6574074074074074,
        "f1-score": 0.5399239543726236,
        "support": 108
    },
    "opposite": {
        "precision": 0.0,
        "recall": 0.0,
        "f1-score": 0.0,
        "support": 5
    },
    "origin": {
        "precision": 0.19444444444444445,
        "recall": 0.22340425531914893,
        "f1-score": 0.2079207920792079,
        "support": 94
    },
    "part-of": {
        "precision": 0.13402061855670103,
        "recall": 0.28888888888888886,
        "f1-score": 0.18309859154929578,
        "support": 90
    },
    "physical": {
        "precision": 0.7188755020080321,
        "recall": 0.7991071428571429,
        "f1-score": 0.7568710359408034,
        "support": 224
    },
    "role": {
        "precision": 0.3564954682779456,
        "recall": 0.4125874125874126,
        "f1-score": 0.3824959481361426,
        "support": 286
    },
    "social": {
        "precision": 0.0,
        "recall": 0.0,
        "f1-score": 0.0,
        "support": 14
    },
    "temporal": {
        "precision": 0.0,
        "recall": 0.0,
        "f1-score": 0.0,
        "support": 26
    },
    "topic": {
        "precision": 1.0,
        "recall": 0.18181818181818182,
        "f1-score": 0.3076923076923077,
        "support": 66
    },
    "type-of": {
        "precision": 1.0,
        "recall": 0.017094017094017096,
        "f1-score": 0.033613445378151266,
        "support": 117
    },
    "usage": {
        "precision": 0.07692307692307693,
        "recall": 0.041666666666666664,
        "f1-score": 0.05405405405405406,
        "support": 24
    },
    "win-defeat": {
        "precision": 0.7333333333333333,
        "recall": 0.5,
        "f1-score": 0.5945945945945945,
        "support": 44
    },
    "micro avg": {
        "precision": 0.3994252873563218,
        "recall": 0.3847750865051903,
        "f1-score": 0.39196334155798374,
        "support": 1445
    },
    "macro avg": {
        "precision": 999999,
        "recall": 999999,
        "f1-score": 0.2621765139074843,
        "support": 1445
    },
    "weighted avg": {
        "precision": 0.45452762513102307,
        "recall": 0.3847750865051903,
        "f1-score": 0.3616493446913889,
        "support": 1445
    },
    "samples avg": {
        "precision": 0.3994252873563218,
        "recall": 0.3818247126436782,
        "f1-score": 0.387691570881226,
        "support": 1445
    }
}