{"related-to": {"precision": 0.09523809523809523, "recall": 0.12962962962962962, "f1-score": 0.10980392156862745, "support": 108}, "artifact": {"precision": 0.05263157894736842, "recall": 0.024390243902439025, "f1-score": 0.03333333333333333, "support": 41}, "cause-effect": {"precision": 0.0, "recall": 0.0, "f1-score": 0.0, "support": 4}, "compare": {"precision": 0.0, "recall": 0.0, "f1-score": 0.0, "support": 24}, "general-affiliation": {"precision": 0.021739130434782608, "recall": 0.013333333333333334, "f1-score": 0.016528925619834708, "support": 75}, "named": {"precision": 0.10596026490066225, "recall": 0.11510791366906475, "f1-score": 0.1103448275862069, "support": 139}, "opposite": {"precision": 0.0, "recall": 0.0, "f1-score": 0.0, "support": 13}, "origin": {"precision": 0.05172413793103448, "recall": 0.033707865168539325, "f1-score": 0.04081632653061225, "support": 89}, "part-of": {"precision": 0.22546419098143236, "recall": 0.397196261682243, "f1-score": 0.2876480541455161, "support": 214}, "physical": {"precision": 0.10900473933649289, "recall": 0.22549019607843138, "f1-score": 0.14696485623003194, "support": 102}, "role": {"precision": 0.08860759493670886, "recall": 0.0660377358490566, "f1-score": 0.07567567567567567, "support": 106}, "social": {"precision": 0.0, "recall": 0.0, "f1-score": 0.0, "support": 1}, "temporal": {"precision": 0.0, "recall": 0.0, "f1-score": 0.0, "support": 21}, "topic": {"precision": 0.0, "recall": 0.0, "f1-score": 0.0, "support": 39}, "type-of": {"precision": 0.0, "recall": 0.0, "f1-score": 0.0, "support": 54}, "usage": {"precision": 0.0, "recall": 0.0, "f1-score": 0.0, "support": 122}, "win-defeat": {"precision": 0.0, "recall": 0.0, "f1-score": 0.0, "support": 7}, "micro avg": {"precision": 0.13357079252003562, "recall": 0.12942191544434858, "f1-score": 0.1314636283961437, "support": 1159}, "macro avg": {"precision": 0.044139396041563354, "recall": 0.05911136348898454, "f1-score": 0.04830093651116696, "support": 1159}, "weighted avg": {"precision": 0.08815029702144878, "recall": 0.12942191544434858, "f1-score": 0.10181575863459759, "support": 1159}, "samples avg": {"precision": 0.13357079252003562, "recall": 0.12897002077767883, "f1-score": 0.13045414069456812, "support": 1159}}