{
    "related-to": {
        "precision": 0.21487603305785125,
        "recall": 0.48148148148148145,
        "f1-score": 0.29714285714285715,
        "support": 108
    },
    "artifact": {
        "precision": 0.6111111111111112,
        "recall": 0.2682926829268293,
        "f1-score": 0.37288135593220345,
        "support": 41
    },
    "cause-effect": {
        "precision": 0.0,
        "recall": 0.0,
        "f1-score": 0.0,
        "support": 4
    },
    "compare": {
        "precision": 0.0,
        "recall": 0.0,
        "f1-score": 0.0,
        "support": 24
    },
    "general-affiliation": {
        "precision": 0.14102564102564102,
        "recall": 0.29333333333333333,
        "f1-score": 0.19047619047619047,
        "support": 75
    },
    "named": {
        "precision": 0.7586206896551724,
        "recall": 0.7913669064748201,
        "f1-score": 0.7746478873239436,
        "support": 139
    },
    "opposite": {
        "precision": 1.0,
        "recall": 0.07692307692307693,
        "f1-score": 0.14285714285714288,
        "support": 13
    },
    "origin": {
        "precision": 0.2558139534883721,
        "recall": 0.24719101123595505,
        "f1-score": 0.25142857142857145,
        "support": 89
    },
    "part-of": {
        "precision": 0.3053435114503817,
        "recall": 0.18691588785046728,
        "f1-score": 0.23188405797101452,
        "support": 214
    },
    "physical": {
        "precision": 0.7807017543859649,
        "recall": 0.8725490196078431,
        "f1-score": 0.8240740740740741,
        "support": 102
    },
    "role": {
        "precision": 0.3526570048309179,
        "recall": 0.6886792452830188,
        "f1-score": 0.46645367412140576,
        "support": 106
    },
    "social": {
        "precision": 0.0,
        "recall": 0.0,
        "f1-score": 0.0,
        "support": 1
    },
    "temporal": {
        "precision": 0.36363636363636365,
        "recall": 0.19047619047619047,
        "f1-score": 0.25,
        "support": 21
    },
    "topic": {
        "precision": 0.0,
        "recall": 0.0,
        "f1-score": 0.0,
        "support": 39
    },
    "type-of": {
        "precision": 0.0,
        "recall": 0.0,
        "f1-score": 0.0,
        "support": 54
    },
    "usage": {
        "precision": 0.0,
        "recall": 0.0,
        "f1-score": 0.0,
        "support": 122
    },
    "win-defeat": {
        "precision": 0.4,
        "recall": 0.5714285714285714,
        "f1-score": 0.47058823529411764,
        "support": 7
    },
    "micro avg": {
        "precision": 0.3811219946571683,
        "recall": 0.36928386540120794,
        "f1-score": 0.37510955302366344,
        "support": 1159
    },
    "macro avg": {
        "precision": 999999,
        "recall": 999999,
        "f1-score": 0.2513196498012659,
        "support": 1159
    },
    "weighted avg": {
        "precision": 0.3389541884999583,
        "recall": 0.36928386540120794,
        "f1-score": 0.33239221015354403,
        "support": 1159
    },
    "samples avg": {
        "precision": 0.3811219946571683,
        "recall": 0.3707331552389433,
        "f1-score": 0.3741466310477886,
        "support": 1159
    }
}