{"related-to": {"precision": 0.064, "recall": 0.12698412698412698, "f1-score": 0.0851063829787234, "support": 126}, "artifact": {"precision": 0.022727272727272728, "recall": 0.034482758620689655, "f1-score": 0.0273972602739726, "support": 29}, "cause-effect": {"precision": 0.0, "recall": 0.0, "f1-score": 0.0, "support": 76}, "compare": {"precision": 0.0, "recall": 0.0, "f1-score": 0.0, "support": 39}, "general-affiliation": {"precision": 0.046875, "recall": 0.0410958904109589, "f1-score": 0.043795620437956206, "support": 73}, "named": {"precision": 0.06382978723404255, "recall": 0.08490566037735849, "f1-score": 0.0728744939271255, "support": 106}, "opposite": {"precision": 0.0, "recall": 0.0, "f1-score": 0.0, "support": 5}, "origin": {"precision": 0.07142857142857142, "recall": 0.010869565217391304, "f1-score": 0.01886792452830189, "support": 92}, "part-of": {"precision": 0.052478134110787174, "recall": 0.1978021978021978, "f1-score": 0.08294930875576037, "support": 91}, "physical": {"precision": 0.18181818181818182, "recall": 0.17467248908296942, "f1-score": 0.17817371937639198, "support": 229}, "role": {"precision": 0.2231404958677686, "recall": 0.19014084507042253, "f1-score": 0.20532319391634982, "support": 284}, "social": {"precision": 0.0, "recall": 0.0, "f1-score": 0.0, "support": 14}, "temporal": {"precision": 0.037037037037037035, "recall": 0.038461538461538464, "f1-score": 0.03773584905660377, "support": 26}, "topic": {"precision": 0.0, "recall": 0.0, "f1-score": 0.0, "support": 66}, "type-of": {"precision": 0.25, "recall": 0.008547008547008548, "f1-score": 0.01652892561983471, "support": 117}, "usage": {"precision": 0.0, "recall": 0.0, "f1-score": 0.0, "support": 24}, "win-defeat": {"precision": 0.02564102564102564, "recall": 0.022727272727272728, "f1-score": 0.024096385542168676, "support": 44}, "micro avg": {"precision": 0.10446685878962536, "recall": 0.10062456627342123, "f1-score": 0.1025097207493814, "support": 1441}, "macro avg": {"precision": 0.06111620622733452, "recall": 0.05474643254717264, "f1-score": 0.04663818025959935, "support": 1441}, "weighted avg": {"precision": 0.11561921907382904, "recall": 0.10062456627342123, "f1-score": 0.09355500607298635, "support": 1441}, "samples avg": {"precision": 0.10446685878962536, "recall": 0.09582132564841499, "f1-score": 0.09870317002881844, "support": 1441}}