{"related-to": {"precision": 0.10126582278481013, "recall": 0.12698412698412698, "f1-score": 0.11267605633802817, "support": 126}, "artifact": {"precision": 0.0, "recall": 0.0, "f1-score": 0.0, "support": 33}, "cause-effect": {"precision": 0.0, "recall": 0.0, "f1-score": 0.0, "support": 76}, "compare": {"precision": 0.0, "recall": 0.0, "f1-score": 0.0, "support": 39}, "general-affiliation": {"precision": 0.05263157894736842, "recall": 0.0958904109589041, "f1-score": 0.06796116504854369, "support": 73}, "named": {"precision": 0.06382978723404255, "recall": 0.08333333333333333, "f1-score": 0.07228915662650602, "support": 108}, "opposite": {"precision": 0.0, "recall": 0.0, "f1-score": 0.0, "support": 5}, "origin": {"precision": 0.021739130434782608, "recall": 0.010638297872340425, "f1-score": 0.014285714285714284, "support": 94}, "part-of": {"precision": 0.07627118644067797, "recall": 0.3, "f1-score": 0.12162162162162161, "support": 90}, "physical": {"precision": 0.13529411764705881, "recall": 0.10267857142857142, "f1-score": 0.116751269035533, "support": 224}, "role": {"precision": 0.1918819188191882, "recall": 0.18181818181818182, "f1-score": 0.18671454219030523, "support": 286}, "social": {"precision": 0.0, "recall": 0.0, "f1-score": 0.0, "support": 14}, "temporal": {"precision": 0.0, "recall": 0.0, "f1-score": 0.0, "support": 26}, "topic": {"precision": 0.0, "recall": 0.0, "f1-score": 0.0, "support": 66}, "type-of": {"precision": 0.08695652173913043, "recall": 0.017094017094017096, "f1-score": 0.028571428571428574, "support": 117}, "usage": {"precision": 0.0, "recall": 0.0, "f1-score": 0.0, "support": 24}, "win-defeat": {"precision": 0.0, "recall": 0.0, "f1-score": 0.0, "support": 44}, "micro avg": {"precision": 0.09841954022988506, "recall": 0.09480968858131487, "f1-score": 0.09658089531194924, "support": 1445}, "macro avg": {"precision": 0.042933533179238766, "recall": 0.05402570232291031, "f1-score": 0.04240417374809885, "support": 1445}, "weighted avg": {"precision": 0.08841600358100928, "recall": 0.09480968858131487, "f1-score": 0.0845327893597542, "support": 1445}, "samples avg": {"precision": 0.09841954022988506, "recall": 0.09303160919540229, "f1-score": 0.09482758620689655, "support": 1445}}