{
    "related-to": {
        "precision": 0.352112676056338,
        "recall": 0.3968253968253968,
        "f1-score": 0.3731343283582089,
        "support": 126
    },
    "artifact": {
        "precision": 1.0,
        "recall": 0.696969696969697,
        "f1-score": 0.8214285714285715,
        "support": 33
    },
    "cause-effect": {
        "precision": 0.0,
        "recall": 0.0,
        "f1-score": 0.0,
        "support": 76
    },
    "compare": {
        "precision": 0.0,
        "recall": 0.0,
        "f1-score": 0.0,
        "support": 39
    },
    "general-affiliation": {
        "precision": 0.27692307692307694,
        "recall": 0.4931506849315068,
        "f1-score": 0.35467980295566504,
        "support": 73
    },
    "named": {
        "precision": 0.4519774011299435,
        "recall": 0.7407407407407407,
        "f1-score": 0.5614035087719298,
        "support": 108
    },
    "opposite": {
        "precision": 0.0,
        "recall": 0.0,
        "f1-score": 0.0,
        "support": 5
    },
    "origin": {
        "precision": 0.48717948717948717,
        "recall": 0.20212765957446807,
        "f1-score": 0.2857142857142857,
        "support": 94
    },
    "part-of": {
        "precision": 0.10594315245478036,
        "recall": 0.45555555555555555,
        "f1-score": 0.1719077568134172,
        "support": 90
    },
    "physical": {
        "precision": 0.8959537572254336,
        "recall": 0.6919642857142857,
        "f1-score": 0.7808564231738035,
        "support": 224
    },
    "role": {
        "precision": 0.630901287553648,
        "recall": 0.513986013986014,
        "f1-score": 0.5664739884393064,
        "support": 286
    },
    "social": {
        "precision": 0.0,
        "recall": 0.0,
        "f1-score": 0.0,
        "support": 14
    },
    "temporal": {
        "precision": 0.5,
        "recall": 0.6538461538461539,
        "f1-score": 0.5666666666666668,
        "support": 26
    },
    "topic": {
        "precision": 0.0,
        "recall": 0.0,
        "f1-score": 0.0,
        "support": 66
    },
    "type-of": {
        "precision": 0.5,
        "recall": 0.017094017094017096,
        "f1-score": 0.03305785123966942,
        "support": 117
    },
    "usage": {
        "precision": 0.0,
        "recall": 0.0,
        "f1-score": 0.0,
        "support": 24
    },
    "win-defeat": {
        "precision": 0.975609756097561,
        "recall": 0.9090909090909091,
        "f1-score": 0.9411764705882352,
        "support": 44
    },
    "micro avg": {
        "precision": 0.4382183908045977,
        "recall": 0.42214532871972316,
        "f1-score": 0.4300317236517448,
        "support": 1445
    },
    "macro avg": {
        "precision": 999999,
        "recall": 999999,
        "f1-score": 0.3209705678911623,
        "support": 1445
    },
    "weighted avg": {
        "precision": 0.48254888288128184,
        "recall": 0.42214532871972316,
        "f1-score": 0.41516289265231154,
        "support": 1445
    },
    "samples avg": {
        "precision": 0.4382183908045977,
        "recall": 0.41954022988505746,
        "f1-score": 0.4257662835249042,
        "support": 1445
    }
}