{
    "related-to": {
        "precision": 0.23076923076923078,
        "recall": 0.35714285714285715,
        "f1-score": 0.28037383177570097,
        "support": 126
    },
    "artifact": {
        "precision": 1.0,
        "recall": 0.696969696969697,
        "f1-score": 0.8214285714285715,
        "support": 33
    },
    "cause-effect": {
        "precision": 0.0,
        "recall": 0.0,
        "f1-score": 0.0,
        "support": 76
    },
    "compare": {
        "precision": 0.0,
        "recall": 0.0,
        "f1-score": 0.0,
        "support": 39
    },
    "general-affiliation": {
        "precision": 0.3157894736842105,
        "recall": 0.6575342465753424,
        "f1-score": 0.4266666666666667,
        "support": 73
    },
    "named": {
        "precision": 0.337037037037037,
        "recall": 0.8425925925925926,
        "f1-score": 0.4814814814814815,
        "support": 108
    },
    "opposite": {
        "precision": 0.0,
        "recall": 0.0,
        "f1-score": 0.0,
        "support": 5
    },
    "origin": {
        "precision": 0.4634146341463415,
        "recall": 0.20212765957446807,
        "f1-score": 0.2814814814814815,
        "support": 94
    },
    "part-of": {
        "precision": 0.15057915057915058,
        "recall": 0.43333333333333335,
        "f1-score": 0.22349570200573066,
        "support": 90
    },
    "physical": {
        "precision": 0.9271523178807947,
        "recall": 0.625,
        "f1-score": 0.7466666666666667,
        "support": 224
    },
    "role": {
        "precision": 0.6816143497757847,
        "recall": 0.5314685314685315,
        "f1-score": 0.5972495088408645,
        "support": 286
    },
    "social": {
        "precision": 0.0,
        "recall": 0.0,
        "f1-score": 0.0,
        "support": 14
    },
    "temporal": {
        "precision": 0.6428571428571429,
        "recall": 0.6923076923076923,
        "f1-score": 0.6666666666666666,
        "support": 26
    },
    "topic": {
        "precision": 0.0,
        "recall": 0.0,
        "f1-score": 0.0,
        "support": 66
    },
    "type-of": {
        "precision": 0.46153846153846156,
        "recall": 0.05128205128205128,
        "f1-score": 0.0923076923076923,
        "support": 117
    },
    "usage": {
        "precision": 0.0,
        "recall": 0.0,
        "f1-score": 0.0,
        "support": 24
    },
    "win-defeat": {
        "precision": 0.8611111111111112,
        "recall": 0.7045454545454546,
        "f1-score": 0.775,
        "support": 44
    },
    "micro avg": {
        "precision": 0.4396551724137931,
        "recall": 0.4235294117647059,
        "f1-score": 0.4314416637292915,
        "support": 1445
    },
    "macro avg": {
        "precision": 999999,
        "recall": 999999,
        "f1-score": 0.31722460407773667,
        "support": 1445
    },
    "weighted avg": {
        "precision": 0.4774184440568147,
        "recall": 0.4235294117647059,
        "f1-score": 0.4100033293857971,
        "support": 1445
    },
    "samples avg": {
        "precision": 0.4396551724137931,
        "recall": 0.4209770114942529,
        "f1-score": 0.4272030651340996,
        "support": 1445
    }
}