{
    "related-to": {
        "precision": 0.2097357889024556,
        "recall": 0.26334309777292236,
        "f1-score": 0.21071394803679477,
        "support": 414
    },
    "artifact": {
        "precision": 0.6171671679099537,
        "recall": 0.7455903169561706,
        "f1-score": 0.6521508792340792,
        "support": 635
    },
    "cause-effect": {
        "precision": 0.0,
        "recall": 0.0,
        "f1-score": 0.0,
        "support": 86
    },
    "compare": {
        "precision": 0.0,
        "recall": 0.0,
        "f1-score": 0.0,
        "support": 82
    },
    "general-affiliation": {
        "precision": 0.43387605445181093,
        "recall": 0.600188571327186,
        "f1-score": 0.47165220795829516,
        "support": 1239
    },
    "named": {
        "precision": 0.5102597468017951,
        "recall": 0.7142358999655937,
        "f1-score": 0.5529058181118417,
        "support": 558
    },
    "opposite": {
        "precision": 0.2125,
        "recall": 0.0707892736194623,
        "f1-score": 0.09887643582022974,
        "support": 128
    },
    "origin": {
        "precision": 0.40138261723174506,
        "recall": 0.19996163555608426,
        "f1-score": 0.2607355698429291,
        "support": 304
    },
    "part-of": {
        "precision": 0.2531570427885059,
        "recall": 0.2686915812207868,
        "f1-score": 0.24652225646561443,
        "support": 721
    },
    "physical": {
        "precision": 0.7824690414054536,
        "recall": 0.7291391277838534,
        "f1-score": 0.7395690448514073,
        "support": 1455
    },
    "role": {
        "precision": 0.5816490219221314,
        "recall": 0.6308837323131562,
        "f1-score": 0.5852747446959823,
        "support": 2006
    },
    "social": {
        "precision": 0.43636363636363634,
        "recall": 0.051008565902182924,
        "f1-score": 0.08257575757575758,
        "support": 105
    },
    "temporal": {
        "precision": 0.45992874194718464,
        "recall": 0.6375889864812138,
        "f1-score": 0.44233841684822073,
        "support": 408
    },
    "topic": {
        "precision": 0.2733333333333333,
        "recall": 0.14514652014652016,
        "f1-score": 0.1763677811550152,
        "support": 170
    },
    "type-of": {
        "precision": 0.6355280312907432,
        "recall": 0.30129282482223657,
        "f1-score": 0.3544461629440931,
        "support": 336
    },
    "usage": {
        "precision": 0.0,
        "recall": 0.0,
        "f1-score": 0.0,
        "support": 200
    },
    "win-defeat": {
        "precision": 0.8828855296908035,
        "recall": 0.437269394032678,
        "f1-score": 0.4758797074937353,
        "support": 317
    },
    "micro avg": {
        "precision": 0.553478074468322,
        "recall": 0.5274596019261569,
        "f1-score": 0.5398287353589294,
        "support": 9164
    },
    "macro avg": {
        "precision": 999999.0,
        "recall": 999999.0,
        "f1-score": 0.3246852904533684,
        "support": 9164
    },
    "weighted avg": {
        "precision": 0.5698509088214099,
        "recall": 0.5274596019261569,
        "f1-score": 0.5113155614492225,
        "support": 9164
    },
    "samples avg": {
        "precision": 0.553478074468322,
        "recall": 0.532671678445599,
        "f1-score": 0.5395811929377697,
        "support": 9164
    }
}