{"related-to": {"precision": 0.058823529411764705, "recall": 0.013888888888888888, "f1-score": 0.02247191011235955, "support": 72}, "artifact": {"precision": 0.21342925659472423, "recall": 0.2966666666666667, "f1-score": 0.24825662482566252, "support": 300}, "cause-effect": {"precision": 0.0, "recall": 0.0, "f1-score": 0.0, "support": 1}, "compare": {"precision": 0.0, "recall": 0.0, "f1-score": 0.0, "support": 8}, "general-affiliation": {"precision": 0.21311475409836064, "recall": 0.039634146341463415, "f1-score": 0.06683804627249357, "support": 328}, "named": {"precision": 0.03389830508474576, "recall": 0.02127659574468085, "f1-score": 0.026143790849673207, "support": 94}, "opposite": {"precision": 0.0, "recall": 0.0, "f1-score": 0.0, "support": 14}, "origin": {"precision": 0.0, "recall": 0.0, "f1-score": 0.0, "support": 47}, "part-of": {"precision": 0.13333333333333333, "recall": 0.08333333333333333, "f1-score": 0.10256410256410255, "support": 96}, "physical": {"precision": 0.11467889908256881, "recall": 0.14367816091954022, "f1-score": 0.12755102040816327, "support": 174}, "role": {"precision": 0.18867924528301888, "recall": 0.4743083003952569, "f1-score": 0.26996625421822273, "support": 253}, "social": {"precision": 0.0, "recall": 0.0, "f1-score": 0.0, "support": 47}, "temporal": {"precision": 0.07692307692307693, "recall": 0.034482758620689655, "f1-score": 0.04761904761904762, "support": 29}, "topic": {"precision": 0.0, "recall": 0.0, "f1-score": 0.0, "support": 42}, "type-of": {"precision": 0.05555555555555555, "recall": 0.05555555555555555, "f1-score": 0.05555555555555555, "support": 18}, "usage": {"precision": 0.0, "recall": 0.0, "f1-score": 0.0, "support": 2}, "win-defeat": {"precision": 0.027777777777777776, "recall": 0.020618556701030927, "f1-score": 0.023668639053254437, "support": 97}, "micro avg": {"precision": 0.16477987421383647, "recall": 0.16152897657213316, "f1-score": 0.1631382316313823, "support": 1622}, "macro avg": {"precision": 0.06565963136146627, "recall": 0.06961429195100624, "f1-score": 0.058272646557560884, "support": 1622}, "weighted avg": {"precision": 0.1404237622012806, "recall": 0.16152897657213316, "f1-score": 0.12669153179811252, "support": 1622}, "samples avg": {"precision": 0.16477987421383647, "recall": 0.160062893081761, "f1-score": 0.16163522012578616, "support": 1622}}