{
    "related-to": {
        "precision": 0.18181818181818182,
        "recall": 0.027777777777777776,
        "f1-score": 0.04819277108433734,
        "support": 72
    },
    "artifact": {
        "precision": 0.2631578947368421,
        "recall": 0.23333333333333334,
        "f1-score": 0.24734982332155475,
        "support": 300
    },
    "cause-effect": {
        "precision": 0.0,
        "recall": 0.0,
        "f1-score": 0.0,
        "support": 1
    },
    "compare": {
        "precision": 0.0,
        "recall": 0.0,
        "f1-score": 0.0,
        "support": 8
    },
    "general-affiliation": {
        "precision": 0.7083333333333334,
        "recall": 0.15548780487804878,
        "f1-score": 0.255,
        "support": 328
    },
    "named": {
        "precision": 0.5068493150684932,
        "recall": 0.39361702127659576,
        "f1-score": 0.44311377245508987,
        "support": 94
    },
    "opposite": {
        "precision": 0.3333333333333333,
        "recall": 0.07142857142857142,
        "f1-score": 0.11764705882352941,
        "support": 14
    },
    "origin": {
        "precision": 0.25,
        "recall": 0.06382978723404255,
        "f1-score": 0.10169491525423728,
        "support": 47
    },
    "part-of": {
        "precision": 0.21739130434782608,
        "recall": 0.20833333333333334,
        "f1-score": 0.2127659574468085,
        "support": 96
    },
    "physical": {
        "precision": 0.728110599078341,
        "recall": 0.9080459770114943,
        "f1-score": 0.8081841432225064,
        "support": 174
    },
    "role": {
        "precision": 0.26832641770401106,
        "recall": 0.766798418972332,
        "f1-score": 0.3975409836065574,
        "support": 253
    },
    "social": {
        "precision": 0.0,
        "recall": 0.0,
        "f1-score": 0.0,
        "support": 47
    },
    "temporal": {
        "precision": 0.6875,
        "recall": 0.3793103448275862,
        "f1-score": 0.4888888888888889,
        "support": 29
    },
    "topic": {
        "precision": 0.0,
        "recall": 0.0,
        "f1-score": 0.0,
        "support": 42
    },
    "type-of": {
        "precision": 0.7,
        "recall": 0.7777777777777778,
        "f1-score": 0.7368421052631577,
        "support": 18
    },
    "usage": {
        "precision": 0.0,
        "recall": 0.0,
        "f1-score": 0.0,
        "support": 2
    },
    "win-defeat": {
        "precision": 0.6470588235294118,
        "recall": 0.5670103092783505,
        "f1-score": 0.6043956043956044,
        "support": 97
    },
    "micro avg": {
        "precision": 0.38742138364779877,
        "recall": 0.3797780517879161,
        "f1-score": 0.3835616438356164,
        "support": 1622
    },
    "macro avg": {
        "precision": 999999,
        "recall": 999999,
        "f1-score": 0.2624480013977807,
        "support": 1622
    },
    "weighted avg": {
        "precision": 0.43106147481312607,
        "recall": 0.3797780517879161,
        "f1-score": 0.3434580714875171,
        "support": 1622
    },
    "samples avg": {
        "precision": 0.38742138364779877,
        "recall": 0.379559748427673,
        "f1-score": 0.3821802935010482,
        "support": 1622
    }
}