{"related-to": {"precision": 0.08860759493670886, "recall": 0.2222222222222222, "f1-score": 0.1266968325791855, "support": 126}, "artifact": {"precision": 0.0, "recall": 0.0, "f1-score": 0.0, "support": 29}, "cause-effect": {"precision": 0.0, "recall": 0.0, "f1-score": 0.0, "support": 76}, "compare": {"precision": 0.0, "recall": 0.0, "f1-score": 0.0, "support": 39}, "general-affiliation": {"precision": 0.024390243902439025, "recall": 0.0136986301369863, "f1-score": 0.017543859649122806, "support": 73}, "named": {"precision": 0.1, "recall": 0.1509433962264151, "f1-score": 0.12030075187969926, "support": 106}, "opposite": {"precision": 0.0, "recall": 0.0, "f1-score": 0.0, "support": 5}, "origin": {"precision": 0.01639344262295082, "recall": 0.010869565217391304, "f1-score": 0.013071895424836602, "support": 92}, "part-of": {"precision": 0.09433962264150944, "recall": 0.20408163265306123, "f1-score": 0.12903225806451615, "support": 98}, "physical": {"precision": 0.18143459915611815, "recall": 0.19196428571428573, "f1-score": 0.18655097613882865, "support": 224}, "role": {"precision": 0.1843137254901961, "recall": 0.16549295774647887, "f1-score": 0.1743970315398887, "support": 284}, "social": {"precision": 0.0, "recall": 0.0, "f1-score": 0.0, "support": 14}, "temporal": {"precision": 0.0, "recall": 0.0, "f1-score": 0.0, "support": 26}, "topic": {"precision": 0.16666666666666666, "recall": 0.015384615384615385, "f1-score": 0.028169014084507043, "support": 65}, "type-of": {"precision": 0.0, "recall": 0.0, "f1-score": 0.0, "support": 117}, "usage": {"precision": 0.0, "recall": 0.0, "f1-score": 0.0, "support": 24}, "win-defeat": {"precision": 0.029411764705882353, "recall": 0.022727272727272728, "f1-score": 0.02564102564102564, "support": 44}, "micro avg": {"precision": 0.11375089992800576, "recall": 0.10957004160887657, "f1-score": 0.11162133521723773, "support": 1442}, "macro avg": {"precision": 0.052091627066027726, "recall": 0.05866968106051346, "f1-score": 0.04831786147068296, "support": 1442}, "weighted avg": {"precision": 0.09667990550461933, "recall": 0.10957004160887657, "f1-score": 0.09578330421923933, "support": 1442}, "samples avg": {"precision": 0.11375089992800576, "recall": 0.105471562275018, "f1-score": 0.10823134149268057, "support": 1442}}