{"related-to": {"precision": 0.0, "recall": 0.0, "f1-score": 0.0, "support": 26}, "artifact": {"precision": 0.13649851632047477, "recall": 0.1776061776061776, "f1-score": 0.15436241610738255, "support": 259}, "cause-effect": {"precision": 0.0, "recall": 0.0, "f1-score": 0.0, "support": 4}, "compare": {"precision": 0.0, "recall": 0.0, "f1-score": 0.0, "support": 5}, "general-affiliation": {"precision": 0.3069306930693069, "recall": 0.30055401662049863, "f1-score": 0.3037088873337999, "support": 722}, "named": {"precision": 0.022222222222222223, "recall": 0.024096385542168676, "f1-score": 0.023121387283236997, "support": 83}, "opposite": {"precision": 0.0, "recall": 0.0, "f1-score": 0.0, "support": 6}, "origin": {"precision": 0.0, "recall": 0.0, "f1-score": 0.0, "support": 19}, "part-of": {"precision": 0.10126582278481013, "recall": 0.045454545454545456, "f1-score": 0.06274509803921569, "support": 176}, "physical": {"precision": 0.1619718309859155, "recall": 0.16546762589928057, "f1-score": 0.16370106761565836, "support": 417}, "role": {"precision": 0.1504424778761062, "recall": 0.17941952506596306, "f1-score": 0.16365824308062576, "support": 379}, "social": {"precision": 0.0, "recall": 0.0, "f1-score": 0.0, "support": 22}, "temporal": {"precision": 0.03125, "recall": 0.041666666666666664, "f1-score": 0.03571428571428572, "support": 24}, "topic": {"precision": 0.0, "recall": 0.0, "f1-score": 0.0, "support": 8}, "type-of": {"precision": 0.07936507936507936, "recall": 0.04201680672268908, "f1-score": 0.054945054945054944, "support": 119}, "usage": {"precision": 0.0, "recall": 0.0, "f1-score": 0.0, "support": 52}, "win-defeat": {"precision": 0.03225806451612903, "recall": 0.03225806451612903, "f1-score": 0.03225806451612903, "support": 93}, "micro avg": {"precision": 0.17967409948542024, "recall": 0.1735708367854184, "f1-score": 0.17656974294142436, "support": 2414}, "macro avg": {"precision": 0.060129688655296706, "recall": 0.05932587141730111, "f1-score": 0.05848320615502287, "support": 2414}, "weighted avg": {"precision": 0.17165646332155304, "recall": 0.1735708367854184, "f1-score": 0.1710461137303717, "support": 2414}, "samples avg": {"precision": 0.17967409948542024, "recall": 0.1753859348198971, "f1-score": 0.17681532304173814, "support": 2414}}