{"related-to": {"precision": 0.03333333333333333, "recall": 0.05555555555555555, "f1-score": 0.04166666666666667, "support": 72}, "artifact": {"precision": 0.11650485436893204, "recall": 0.04, "f1-score": 0.05955334987593052, "support": 300}, "cause-effect": {"precision": 0.0, "recall": 0.0, "f1-score": 0.0, "support": 1}, "compare": {"precision": 0.0, "recall": 0.0, "f1-score": 0.0, "support": 8}, "general-affiliation": {"precision": 0.2558139534883721, "recall": 0.06707317073170732, "f1-score": 0.10628019323671498, "support": 328}, "named": {"precision": 0.07058823529411765, "recall": 0.06382978723404255, "f1-score": 0.06703910614525138, "support": 94}, "opposite": {"precision": 0.0, "recall": 0.0, "f1-score": 0.0, "support": 14}, "origin": {"precision": 0.023809523809523808, "recall": 0.02127659574468085, "f1-score": 0.022471910112359546, "support": 47}, "part-of": {"precision": 0.05865102639296188, "recall": 0.20833333333333334, "f1-score": 0.09153318077803205, "support": 96}, "physical": {"precision": 0.11386138613861387, "recall": 0.13218390804597702, "f1-score": 0.1223404255319149, "support": 174}, "role": {"precision": 0.17364016736401675, "recall": 0.32806324110671936, "f1-score": 0.2270861833105335, "support": 253}, "social": {"precision": 0.0, "recall": 0.0, "f1-score": 0.0, "support": 47}, "temporal": {"precision": 0.0, "recall": 0.0, "f1-score": 0.0, "support": 29}, "topic": {"precision": 0.0, "recall": 0.0, "f1-score": 0.0, "support": 42}, "type-of": {"precision": 0.05405405405405406, "recall": 0.1111111111111111, "f1-score": 0.07272727272727272, "support": 18}, "usage": {"precision": 0.0, "recall": 0.0, "f1-score": 0.0, "support": 2}, "win-defeat": {"precision": 0.08695652173913043, "recall": 0.061855670103092786, "f1-score": 0.07228915662650602, "support": 97}, "micro avg": {"precision": 0.11257861635220126, "recall": 0.11035758323057954, "f1-score": 0.11145703611457036, "support": 1622}, "macro avg": {"precision": 0.058071356234297405, "recall": 0.06407543370389528, "f1-score": 0.051940437941834255, "support": 1622}, "weighted avg": {"precision": 0.12810966241564017, "recall": 0.11035758323057954, "f1-score": 0.0979852817349121, "support": 1622}, "samples avg": {"precision": 0.11257861635220126, "recall": 0.10870020964360586, "f1-score": 0.10995807127882601, "support": 1622}}