{
    "related-to": {
        "precision": 0.0625,
        "recall": 0.013888888888888888,
        "f1-score": 0.022727272727272724,
        "support": 72
    },
    "artifact": {
        "precision": 0.8382352941176471,
        "recall": 0.95,
        "f1-score": 0.890625,
        "support": 300
    },
    "cause-effect": {
        "precision": 0.0,
        "recall": 0.0,
        "f1-score": 0.0,
        "support": 1
    },
    "compare": {
        "precision": 0.0,
        "recall": 0.0,
        "f1-score": 0.0,
        "support": 8
    },
    "general-affiliation": {
        "precision": 0.8022284122562674,
        "recall": 0.8780487804878049,
        "f1-score": 0.8384279475982532,
        "support": 328
    },
    "named": {
        "precision": 0.3972602739726027,
        "recall": 0.6170212765957447,
        "f1-score": 0.48333333333333334,
        "support": 94
    },
    "opposite": {
        "precision": 0.0,
        "recall": 0.0,
        "f1-score": 0.0,
        "support": 14
    },
    "origin": {
        "precision": 0.0,
        "recall": 0.0,
        "f1-score": 0.0,
        "support": 47
    },
    "part-of": {
        "precision": 0.20689655172413793,
        "recall": 0.0625,
        "f1-score": 0.09600000000000002,
        "support": 96
    },
    "physical": {
        "precision": 0.6910112359550562,
        "recall": 0.7068965517241379,
        "f1-score": 0.6988636363636364,
        "support": 174
    },
    "role": {
        "precision": 0.6041666666666666,
        "recall": 0.6877470355731226,
        "f1-score": 0.6432532347504621,
        "support": 253
    },
    "social": {
        "precision": 0.5675675675675675,
        "recall": 0.44680851063829785,
        "f1-score": 0.5,
        "support": 47
    },
    "temporal": {
        "precision": 0.47619047619047616,
        "recall": 0.6896551724137931,
        "f1-score": 0.5633802816901408,
        "support": 29
    },
    "topic": {
        "precision": 0.13333333333333333,
        "recall": 0.047619047619047616,
        "f1-score": 0.07017543859649122,
        "support": 42
    },
    "type-of": {
        "precision": 0.75,
        "recall": 0.5,
        "f1-score": 0.6,
        "support": 18
    },
    "usage": {
        "precision": 0.0,
        "recall": 0.0,
        "f1-score": 0.0,
        "support": 2
    },
    "win-defeat": {
        "precision": 0.6587301587301587,
        "recall": 0.8556701030927835,
        "f1-score": 0.7443946188340808,
        "support": 97
    },
    "micro avg": {
        "precision": 0.6729559748427673,
        "recall": 0.6596794081381011,
        "f1-score": 0.6662515566625156,
        "support": 1622
    },
    "macro avg": {
        "precision": 999999,
        "recall": 999999,
        "f1-score": 0.36183416258198065,
        "support": 1622
    },
    "weighted avg": {
        "precision": 0.5998015960414076,
        "recall": 0.6596794081381011,
        "f1-score": 0.6218338961270261,
        "support": 1622
    },
    "samples avg": {
        "precision": 0.6729559748427673,
        "recall": 0.6666666666666666,
        "f1-score": 0.6687631027253669,
        "support": 1622
    }
}