{
    "related-to": {
        "precision": 0.125,
        "recall": 0.013888888888888888,
        "f1-score": 0.024999999999999998,
        "support": 72
    },
    "artifact": {
        "precision": 0.807909604519774,
        "recall": 0.9533333333333334,
        "f1-score": 0.8746177370030581,
        "support": 300
    },
    "cause-effect": {
        "precision": 0.0,
        "recall": 0.0,
        "f1-score": 0.0,
        "support": 1
    },
    "compare": {
        "precision": 0.0,
        "recall": 0.0,
        "f1-score": 0.0,
        "support": 8
    },
    "general-affiliation": {
        "precision": 0.8142857142857143,
        "recall": 0.8689024390243902,
        "f1-score": 0.8407079646017699,
        "support": 328
    },
    "named": {
        "precision": 0.43283582089552236,
        "recall": 0.6170212765957447,
        "f1-score": 0.5087719298245613,
        "support": 94
    },
    "opposite": {
        "precision": 0.0,
        "recall": 0.0,
        "f1-score": 0.0,
        "support": 14
    },
    "origin": {
        "precision": 0.0,
        "recall": 0.0,
        "f1-score": 0.0,
        "support": 47
    },
    "part-of": {
        "precision": 0.15789473684210525,
        "recall": 0.03125,
        "f1-score": 0.05217391304347826,
        "support": 96
    },
    "physical": {
        "precision": 0.7458563535911602,
        "recall": 0.7758620689655172,
        "f1-score": 0.76056338028169,
        "support": 174
    },
    "role": {
        "precision": 0.6593406593406593,
        "recall": 0.7114624505928854,
        "f1-score": 0.6844106463878327,
        "support": 253
    },
    "social": {
        "precision": 0.4,
        "recall": 0.5531914893617021,
        "f1-score": 0.4642857142857143,
        "support": 47
    },
    "temporal": {
        "precision": 0.4375,
        "recall": 0.4827586206896552,
        "f1-score": 0.4590163934426229,
        "support": 29
    },
    "topic": {
        "precision": 0.17857142857142858,
        "recall": 0.11904761904761904,
        "f1-score": 0.14285714285714285,
        "support": 42
    },
    "type-of": {
        "precision": 1.0,
        "recall": 0.3888888888888889,
        "f1-score": 0.56,
        "support": 18
    },
    "usage": {
        "precision": 0.0,
        "recall": 0.0,
        "f1-score": 0.0,
        "support": 2
    },
    "win-defeat": {
        "precision": 0.6474820143884892,
        "recall": 0.9278350515463918,
        "f1-score": 0.7627118644067796,
        "support": 97
    },
    "micro avg": {
        "precision": 0.6855345911949685,
        "recall": 0.6720098643649816,
        "f1-score": 0.6787048567870485,
        "support": 1622
    },
    "macro avg": {
        "precision": 999999,
        "recall": 999999,
        "f1-score": 0.36088921683145003,
        "support": 1622
    },
    "weighted avg": {
        "precision": 0.6107820624392107,
        "recall": 0.6720098643649816,
        "f1-score": 0.630986847768088,
        "support": 1622
    },
    "samples avg": {
        "precision": 0.6855345911949685,
        "recall": 0.6781970649895179,
        "f1-score": 0.6806079664570229,
        "support": 1622
    }
}