{
    "related-to": {
        "precision": 0.34864472989472994,
        "recall": 0.25408383851366306,
        "f1-score": 0.23387249734465565,
        "support": 414
    },
    "artifact": {
        "precision": 0.5529925084418948,
        "recall": 0.7452932907567054,
        "f1-score": 0.6251307075534294,
        "support": 635
    },
    "cause-effect": {
        "precision": 0.0,
        "recall": 0.0,
        "f1-score": 0.0,
        "support": 86
    },
    "compare": {
        "precision": 0.0,
        "recall": 0.0,
        "f1-score": 0.0,
        "support": 82
    },
    "general-affiliation": {
        "precision": 0.4655042210118077,
        "recall": 0.560728724105489,
        "f1-score": 0.4759974102791667,
        "support": 1239
    },
    "named": {
        "precision": 0.5135824280351007,
        "recall": 0.6668120164847008,
        "f1-score": 0.5482377590862046,
        "support": 558
    },
    "opposite": {
        "precision": 0.3666666666666667,
        "recall": 0.0690598709466634,
        "f1-score": 0.10944746924783222,
        "support": 128
    },
    "origin": {
        "precision": 0.30366300366300364,
        "recall": 0.14869667267946016,
        "f1-score": 0.18587618432225592,
        "support": 304
    },
    "part-of": {
        "precision": 0.24232321581443905,
        "recall": 0.2444142273873582,
        "f1-score": 0.22334500492210455,
        "support": 721
    },
    "physical": {
        "precision": 0.7226435379216035,
        "recall": 0.8352721053472902,
        "f1-score": 0.7564091437023359,
        "support": 1455
    },
    "role": {
        "precision": 0.5683924027998749,
        "recall": 0.5350601125523836,
        "f1-score": 0.5324210910068387,
        "support": 2006
    },
    "social": {
        "precision": 0.1181818181818182,
        "recall": 0.023809523809523808,
        "f1-score": 0.0375,
        "support": 105
    },
    "temporal": {
        "precision": 0.46486022604035027,
        "recall": 0.6377971210401291,
        "f1-score": 0.4346515790429908,
        "support": 408
    },
    "topic": {
        "precision": 0.2,
        "recall": 0.0030303030303030303,
        "f1-score": 0.005970149253731344,
        "support": 170
    },
    "type-of": {
        "precision": 0.4533692722371968,
        "recall": 0.2019248725131078,
        "f1-score": 0.2702389883185082,
        "support": 336
    },
    "usage": {
        "precision": 0.0,
        "recall": 0.0,
        "f1-score": 0.0,
        "support": 200
    },
    "win-defeat": {
        "precision": 0.48045865633074936,
        "recall": 0.40276764029673906,
        "f1-score": 0.4184048617701148,
        "support": 317
    },
    "micro avg": {
        "precision": 0.5213595106915337,
        "recall": 0.4966997316921491,
        "f1-score": 0.5084306447107376,
        "support": 9164
    },
    "macro avg": {
        "precision": 999999.0,
        "recall": 999999.0,
        "f1-score": 0.2992712522649847,
        "support": 9164
    },
    "weighted avg": {
        "precision": 0.5132968186614407,
        "recall": 0.4966997316921491,
        "f1-score": 0.47262874918118136,
        "support": 9164
    },
    "samples avg": {
        "precision": 0.5213595106915337,
        "recall": 0.5016941028475039,
        "f1-score": 0.5082291113802734,
        "support": 9164
    }
}