{"related-to": {"precision": 0.0, "recall": 0.0, "f1-score": 0.0, "support": 6}, "artifact": {"precision": 0.0, "recall": 0.0, "f1-score": 0.0, "support": 0}, "cause-effect": {"precision": 0.0, "recall": 0.0, "f1-score": 0.0, "support": 0}, "compare": {"precision": 0.0, "recall": 0.0, "f1-score": 0.0, "support": 0}, "general-affiliation": {"precision": 0.0, "recall": 0.0, "f1-score": 0.0, "support": 10}, "named": {"precision": 0.0, "recall": 0.0, "f1-score": 0.0, "support": 4}, "opposite": {"precision": 0.0, "recall": 0.0, "f1-score": 0.0, "support": 39}, "origin": {"precision": 0.0, "recall": 0.0, "f1-score": 0.0, "support": 0}, "part-of": {"precision": 0.23076923076923078, "recall": 0.10714285714285714, "f1-score": 0.14634146341463414, "support": 28}, "physical": {"precision": 0.3316831683168317, "recall": 0.5193798449612403, "f1-score": 0.404833836858006, "support": 129}, "role": {"precision": 0.3724137931034483, "recall": 0.375, "f1-score": 0.37370242214532867, "support": 144}, "social": {"precision": 0.0, "recall": 0.0, "f1-score": 0.0, "support": 0}, "temporal": {"precision": 0.0, "recall": 0.0, "f1-score": 0.0, "support": 1}, "topic": {"precision": 0.0, "recall": 0.0, "f1-score": 0.0, "support": 0}, "type-of": {"precision": 0.0, "recall": 0.0, "f1-score": 0.0, "support": 0}, "usage": {"precision": 0.0, "recall": 0.0, "f1-score": 0.0, "support": 0}, "win-defeat": {"precision": 0.0, "recall": 0.0, "f1-score": 0.0, "support": 35}, "micro avg": {"precision": 0.31313131313131315, "recall": 0.31313131313131315, "f1-score": 0.31313131313131315, "support": 396}, "macro avg": {"precision": 0.05499212895232416, "recall": 0.05891310012377044, "f1-score": 0.05440457190693934, "support": 396}, "weighted avg": {"precision": 0.25978851863966235, "recall": 0.31313131313131315, "f1-score": 0.27811685535156533, "support": 396}, "samples avg": {"precision": 0.31313131313131315, "recall": 0.31313131313131315, "f1-score": 0.31313131313131315, "support": 396}}