{"related-to": {"precision": 0.12420382165605096, "recall": 0.3611111111111111, "f1-score": 0.18483412322274878, "support": 108}, "artifact": {"precision": 0.023809523809523808, "recall": 0.024390243902439025, "f1-score": 0.024096385542168676, "support": 41}, "cause-effect": {"precision": 0.0, "recall": 0.0, "f1-score": 0.0, "support": 5}, "compare": {"precision": 0.0, "recall": 0.0, "f1-score": 0.0, "support": 24}, "general-affiliation": {"precision": 0.02666666666666667, "recall": 0.05333333333333334, "f1-score": 0.03555555555555556, "support": 75}, "named": {"precision": 0.10909090909090909, "recall": 0.17266187050359713, "f1-score": 0.13370473537604455, "support": 139}, "opposite": {"precision": 0.0, "recall": 0.0, "f1-score": 0.0, "support": 11}, "origin": {"precision": 0.12903225806451613, "recall": 0.0449438202247191, "f1-score": 0.06666666666666667, "support": 89}, "part-of": {"precision": 0.22018348623853212, "recall": 0.11214953271028037, "f1-score": 0.14860681114551083, "support": 214}, "physical": {"precision": 0.06837606837606838, "recall": 0.0784313725490196, "f1-score": 0.0730593607305936, "support": 102}, "role": {"precision": 0.09448818897637795, "recall": 0.11009174311926606, "f1-score": 0.10169491525423728, "support": 109}, "social": {"precision": 0.0, "recall": 0.0, "f1-score": 0.0, "support": 1}, "temporal": {"precision": 0.0, "recall": 0.0, "f1-score": 0.0, "support": 21}, "topic": {"precision": 0.0, "recall": 0.0, "f1-score": 0.0, "support": 41}, "type-of": {"precision": 0.0, "recall": 0.0, "f1-score": 0.0, "support": 54}, "usage": {"precision": 0.0, "recall": 0.0, "f1-score": 0.0, "support": 122}, "win-defeat": {"precision": 0.0, "recall": 0.0, "f1-score": 0.0, "support": 7}, "micro avg": {"precision": 0.10292812777284827, "recall": 0.0997420464316423, "f1-score": 0.10131004366812227, "support": 1163}, "macro avg": {"precision": 0.046814760169332066, "recall": 0.056300766320809756, "f1-score": 0.045189326676089756, "support": 1163}, "weighted avg": {"precision": 0.0923736441739057, "recall": 0.0997420464316423, "f1-score": 0.08467210101025598, "support": 1163}, "samples avg": {"precision": 0.10292812777284827, "recall": 0.10056196391600118, "f1-score": 0.10130139012126589, "support": 1163}}