{"related-to": {"precision": 0.0, "recall": 0.0, "f1-score": 0.0, "support": 6}, "artifact": {"precision": 0.0, "recall": 0.0, "f1-score": 0.0, "support": 0}, "cause-effect": {"precision": 0.0, "recall": 0.0, "f1-score": 0.0, "support": 0}, "compare": {"precision": 0.0, "recall": 0.0, "f1-score": 0.0, "support": 0}, "general-affiliation": {"precision": 0.0, "recall": 0.0, "f1-score": 0.0, "support": 10}, "named": {"precision": 0.0, "recall": 0.0, "f1-score": 0.0, "support": 4}, "opposite": {"precision": 0.0, "recall": 0.0, "f1-score": 0.0, "support": 39}, "origin": {"precision": 0.0, "recall": 0.0, "f1-score": 0.0, "support": 0}, "part-of": {"precision": 0.0, "recall": 0.0, "f1-score": 0.0, "support": 28}, "physical": {"precision": 0.3271375464684015, "recall": 0.6821705426356589, "f1-score": 0.4422110552763819, "support": 129}, "role": {"precision": 0.36904761904761907, "recall": 0.2152777777777778, "f1-score": 0.2719298245614035, "support": 144}, "social": {"precision": 0.0, "recall": 0.0, "f1-score": 0.0, "support": 0}, "temporal": {"precision": 0.0, "recall": 0.0, "f1-score": 0.0, "support": 1}, "topic": {"precision": 0.0, "recall": 0.0, "f1-score": 0.0, "support": 0}, "type-of": {"precision": 0.0, "recall": 0.0, "f1-score": 0.0, "support": 0}, "usage": {"precision": 0.0, "recall": 0.0, "f1-score": 0.0, "support": 0}, "win-defeat": {"precision": 0.0, "recall": 0.0, "f1-score": 0.0, "support": 35}, "micro avg": {"precision": 0.3005050505050505, "recall": 0.3005050505050505, "f1-score": 0.3005050505050505, "support": 396}, "macro avg": {"precision": 0.04095206855976591, "recall": 0.05279107767137863, "f1-score": 0.042008287049281494, "support": 396}, "weighted avg": {"precision": 0.24076666827596194, "recall": 0.3005050505050505, "f1-score": 0.2429371739078166, "support": 396}, "samples avg": {"precision": 0.3005050505050505, "recall": 0.3005050505050505, "f1-score": 0.3005050505050505, "support": 396}}