{
    "related-to": {
        "precision": 0.3333333333333333,
        "recall": 0.5,
        "f1-score": 0.4,
        "support": 6
    },
    "artifact": {
        "precision": 0.0,
        "recall": 0.0,
        "f1-score": 0.0,
        "support": 0
    },
    "cause-effect": {
        "precision": 0.0,
        "recall": 0.0,
        "f1-score": 0.0,
        "support": 0
    },
    "compare": {
        "precision": 0.0,
        "recall": 0.0,
        "f1-score": 0.0,
        "support": 0
    },
    "general-affiliation": {
        "precision": 0.18181818181818182,
        "recall": 0.2,
        "f1-score": 0.1904761904761905,
        "support": 10
    },
    "named": {
        "precision": 0.0,
        "recall": 0.0,
        "f1-score": 0.0,
        "support": 4
    },
    "opposite": {
        "precision": 0.0,
        "recall": 0.0,
        "f1-score": 0.0,
        "support": 39
    },
    "origin": {
        "precision": 0.0,
        "recall": 0.0,
        "f1-score": 0.0,
        "support": 0
    },
    "part-of": {
        "precision": 0.5,
        "recall": 0.03571428571428571,
        "f1-score": 0.06666666666666667,
        "support": 28
    },
    "physical": {
        "precision": 0.5846994535519126,
        "recall": 0.8294573643410853,
        "f1-score": 0.6858974358974359,
        "support": 129
    },
    "role": {
        "precision": 0.5933333333333334,
        "recall": 0.6180555555555556,
        "f1-score": 0.6054421768707483,
        "support": 144
    },
    "social": {
        "precision": 0.0,
        "recall": 0.0,
        "f1-score": 0.0,
        "support": 0
    },
    "temporal": {
        "precision": 0.03333333333333333,
        "recall": 1.0,
        "f1-score": 0.06451612903225806,
        "support": 1
    },
    "topic": {
        "precision": 0.0,
        "recall": 0.0,
        "f1-score": 0.0,
        "support": 0
    },
    "type-of": {
        "precision": 0.0,
        "recall": 0.0,
        "f1-score": 0.0,
        "support": 0
    },
    "usage": {
        "precision": 0.0,
        "recall": 0.0,
        "f1-score": 0.0,
        "support": 0
    },
    "win-defeat": {
        "precision": 1.0,
        "recall": 0.02857142857142857,
        "f1-score": 0.05555555555555556,
        "support": 35
    },
    "micro avg": {
        "precision": 0.5151515151515151,
        "recall": 0.5151515151515151,
        "f1-score": 0.5151515151515151,
        "support": 396
    },
    "macro avg": {
        "precision": 999999,
        "recall": 999999,
        "f1-score": 0.22983935049987275,
        "support": 396
    },
    "weighted avg": {
        "precision": 0.5396912743932119,
        "recall": 0.5151515151515151,
        "f1-score": 0.46425462587136934,
        "support": 396
    },
    "samples avg": {
        "precision": 0.5151515151515151,
        "recall": 0.5151515151515151,
        "f1-score": 0.5151515151515151,
        "support": 396
    }
}