{"related-to": {"precision": 0.08333333333333333, "recall": 0.16666666666666666, "f1-score": 0.1111111111111111, "support": 6}, "artifact": {"precision": 0.0, "recall": 0.0, "f1-score": 0.0, "support": 0}, "cause-effect": {"precision": 0.0, "recall": 0.0, "f1-score": 0.0, "support": 0}, "compare": {"precision": 0.0, "recall": 0.0, "f1-score": 0.0, "support": 0}, "general-affiliation": {"precision": 0.14285714285714285, "recall": 0.1, "f1-score": 0.11764705882352941, "support": 10}, "named": {"precision": 0.0, "recall": 0.0, "f1-score": 0.0, "support": 4}, "opposite": {"precision": 0.0, "recall": 0.0, "f1-score": 0.0, "support": 39}, "origin": {"precision": 0.0, "recall": 0.0, "f1-score": 0.0, "support": 0}, "part-of": {"precision": 0.0, "recall": 0.0, "f1-score": 0.0, "support": 28}, "physical": {"precision": 0.3076923076923077, "recall": 0.46511627906976744, "f1-score": 0.37037037037037035, "support": 129}, "role": {"precision": 0.3722627737226277, "recall": 0.3541666666666667, "f1-score": 0.36298932384341637, "support": 144}, "social": {"precision": 0.0, "recall": 0.0, "f1-score": 0.0, "support": 0}, "temporal": {"precision": 0.0, "recall": 0.0, "f1-score": 0.0, "support": 1}, "topic": {"precision": 0.0, "recall": 0.0, "f1-score": 0.0, "support": 0}, "type-of": {"precision": 0.0, "recall": 0.0, "f1-score": 0.0, "support": 0}, "usage": {"precision": 0.0, "recall": 0.0, "f1-score": 0.0, "support": 0}, "win-defeat": {"precision": 1.0, "recall": 0.02857142857142857, "f1-score": 0.05555555555555556, "support": 35}, "micro avg": {"precision": 0.2878787878787879, "recall": 0.2878787878787879, "f1-score": 0.2878787878787879, "support": 396}, "macro avg": {"precision": 0.11212620927090657, "recall": 0.06556006123379585, "f1-score": 0.0598631423355284, "support": 396}, "weighted avg": {"precision": 0.3288553498407514, "recall": 0.2878787878787879, "f1-score": 0.2622116719964044, "support": 396}, "samples avg": {"precision": 0.2878787878787879, "recall": 0.2878787878787879, "f1-score": 0.2878787878787879, "support": 396}}