{
    "related-to": {
        "precision": 0.0,
        "recall": 0.0,
        "f1-score": 0.0,
        "support": 6
    },
    "artifact": {
        "precision": 0.0,
        "recall": 0.0,
        "f1-score": 0.0,
        "support": 0
    },
    "cause-effect": {
        "precision": 0.0,
        "recall": 0.0,
        "f1-score": 0.0,
        "support": 0
    },
    "compare": {
        "precision": 0.0,
        "recall": 0.0,
        "f1-score": 0.0,
        "support": 0
    },
    "general-affiliation": {
        "precision": 0.2777777777777778,
        "recall": 0.5,
        "f1-score": 0.35714285714285715,
        "support": 10
    },
    "named": {
        "precision": 0.11538461538461539,
        "recall": 0.75,
        "f1-score": 0.19999999999999998,
        "support": 4
    },
    "opposite": {
        "precision": 0.0,
        "recall": 0.0,
        "f1-score": 0.0,
        "support": 39
    },
    "origin": {
        "precision": 0.0,
        "recall": 0.0,
        "f1-score": 0.0,
        "support": 0
    },
    "part-of": {
        "precision": 0.2727272727272727,
        "recall": 0.10714285714285714,
        "f1-score": 0.15384615384615383,
        "support": 28
    },
    "physical": {
        "precision": 0.45161290322580644,
        "recall": 0.7596899224806202,
        "f1-score": 0.5664739884393064,
        "support": 129
    },
    "role": {
        "precision": 0.47560975609756095,
        "recall": 0.2708333333333333,
        "f1-score": 0.34513274336283184,
        "support": 144
    },
    "social": {
        "precision": 0.0,
        "recall": 0.0,
        "f1-score": 0.0,
        "support": 0
    },
    "temporal": {
        "precision": 0.1,
        "recall": 1.0,
        "f1-score": 0.18181818181818182,
        "support": 1
    },
    "topic": {
        "precision": 0.0,
        "recall": 0.0,
        "f1-score": 0.0,
        "support": 0
    },
    "type-of": {
        "precision": 0.0,
        "recall": 0.0,
        "f1-score": 0.0,
        "support": 0
    },
    "usage": {
        "precision": 0.0,
        "recall": 0.0,
        "f1-score": 0.0,
        "support": 0
    },
    "win-defeat": {
        "precision": 0.0,
        "recall": 0.0,
        "f1-score": 0.0,
        "support": 35
    },
    "micro avg": {
        "precision": 0.37626262626262624,
        "recall": 0.37626262626262624,
        "f1-score": 0.37626262626262624,
        "support": 396
    },
    "macro avg": {
        "precision": 999999,
        "recall": 999999,
        "f1-score": 0.20049043606770345,
        "support": 396
    },
    "weighted avg": {
        "precision": 0.3477816900753982,
        "recall": 0.37626262626262624,
        "f1-score": 0.33241211771176105,
        "support": 396
    },
    "samples avg": {
        "precision": 0.37626262626262624,
        "recall": 0.37626262626262624,
        "f1-score": 0.37626262626262624,
        "support": 396
    }
}