{
    "related-to": {
        "precision": 0.3333333333333333,
        "recall": 0.16666666666666666,
        "f1-score": 0.2222222222222222,
        "support": 6
    },
    "artifact": {
        "precision": 0.0,
        "recall": 0.0,
        "f1-score": 0.0,
        "support": 0
    },
    "cause-effect": {
        "precision": 0.0,
        "recall": 0.0,
        "f1-score": 0.0,
        "support": 0
    },
    "compare": {
        "precision": 0.0,
        "recall": 0.0,
        "f1-score": 0.0,
        "support": 0
    },
    "general-affiliation": {
        "precision": 0.22727272727272727,
        "recall": 0.5,
        "f1-score": 0.3125,
        "support": 10
    },
    "named": {
        "precision": 0.23076923076923078,
        "recall": 0.75,
        "f1-score": 0.3529411764705882,
        "support": 4
    },
    "opposite": {
        "precision": 1.0,
        "recall": 0.15384615384615385,
        "f1-score": 0.2666666666666667,
        "support": 39
    },
    "origin": {
        "precision": 0.0,
        "recall": 0.0,
        "f1-score": 0.0,
        "support": 0
    },
    "part-of": {
        "precision": 0.0,
        "recall": 0.0,
        "f1-score": 0.0,
        "support": 28
    },
    "physical": {
        "precision": 0.5022026431718062,
        "recall": 0.8837209302325582,
        "f1-score": 0.6404494382022472,
        "support": 129
    },
    "role": {
        "precision": 0.5806451612903226,
        "recall": 0.375,
        "f1-score": 0.4556962025316456,
        "support": 144
    },
    "social": {
        "precision": 0.0,
        "recall": 0.0,
        "f1-score": 0.0,
        "support": 0
    },
    "temporal": {
        "precision": 0.25,
        "recall": 1.0,
        "f1-score": 0.4,
        "support": 1
    },
    "topic": {
        "precision": 0.0,
        "recall": 0.0,
        "f1-score": 0.0,
        "support": 0
    },
    "type-of": {
        "precision": 0.0,
        "recall": 0.0,
        "f1-score": 0.0,
        "support": 0
    },
    "usage": {
        "precision": 0.0,
        "recall": 0.0,
        "f1-score": 0.0,
        "support": 0
    },
    "win-defeat": {
        "precision": 0.0,
        "recall": 0.0,
        "f1-score": 0.0,
        "support": 35
    },
    "micro avg": {
        "precision": 0.46464646464646464,
        "recall": 0.46464646464646464,
        "f1-score": 0.46464646464646464,
        "support": 396
    },
    "macro avg": {
        "precision": 999999,
        "recall": 999999,
        "f1-score": 0.2944973006770411,
        "support": 396
    },
    "weighted avg": {
        "precision": 0.486976889875691,
        "recall": 0.46464646464646464,
        "f1-score": 0.41643517356530946,
        "support": 396
    },
    "samples avg": {
        "precision": 0.46464646464646464,
        "recall": 0.46464646464646464,
        "f1-score": 0.46464646464646464,
        "support": 396
    }
}