{"related-to": {"precision": 0.02702702702702703, "recall": 0.013888888888888888, "f1-score": 0.01834862385321101, "support": 72}, "artifact": {"precision": 0.18181818181818182, "recall": 0.20666666666666667, "f1-score": 0.1934477379095164, "support": 300}, "cause-effect": {"precision": 0.0, "recall": 0.0, "f1-score": 0.0, "support": 1}, "compare": {"precision": 0.0, "recall": 0.0, "f1-score": 0.0, "support": 8}, "general-affiliation": {"precision": 0.1619047619047619, "recall": 0.051829268292682924, "f1-score": 0.07852193995381063, "support": 328}, "named": {"precision": 0.05217391304347826, "recall": 0.06382978723404255, "f1-score": 0.057416267942583726, "support": 94}, "opposite": {"precision": 0.0, "recall": 0.0, "f1-score": 0.0, "support": 14}, "origin": {"precision": 0.031746031746031744, "recall": 0.0425531914893617, "f1-score": 0.036363636363636355, "support": 47}, "part-of": {"precision": 0.07407407407407407, "recall": 0.10416666666666667, "f1-score": 0.08658008658008656, "support": 96}, "physical": {"precision": 0.12077294685990338, "recall": 0.14367816091954022, "f1-score": 0.13123359580052493, "support": 174}, "role": {"precision": 0.15824175824175823, "recall": 0.2845849802371542, "f1-score": 0.20338983050847456, "support": 253}, "social": {"precision": 0.0, "recall": 0.0, "f1-score": 0.0, "support": 47}, "temporal": {"precision": 0.0, "recall": 0.0, "f1-score": 0.0, "support": 29}, "topic": {"precision": 0.0, "recall": 0.0, "f1-score": 0.0, "support": 42}, "type-of": {"precision": 0.058823529411764705, "recall": 0.1111111111111111, "f1-score": 0.07692307692307691, "support": 18}, "usage": {"precision": 0.0, "recall": 0.0, "f1-score": 0.0, "support": 2}, "win-defeat": {"precision": 0.08928571428571429, "recall": 0.05154639175257732, "f1-score": 0.06535947712418301, "support": 97}, "micro avg": {"precision": 0.1270440251572327, "recall": 0.12453760789149199, "f1-score": 0.12577833125778332, "support": 1622}, "macro avg": {"precision": 0.05622752578898209, "recall": 0.06316794783874662, "f1-score": 0.05574025135053554, "support": 1622}, "weighted avg": {"precision": 0.1195270531623539, "recall": 0.12453760789149199, "f1-score": 0.11254333197047758, "support": 1622}, "samples avg": {"precision": 0.1270440251572327, "recall": 0.12442348008385742, "f1-score": 0.1252620545073375, "support": 1622}}