{
    "related-to": {
        "precision": 0.11627906976744186,
        "recall": 0.06944444444444445,
        "f1-score": 0.08695652173913043,
        "support": 72
    },
    "artifact": {
        "precision": 0.7097902097902098,
        "recall": 0.6766666666666666,
        "f1-score": 0.6928327645051195,
        "support": 300
    },
    "cause-effect": {
        "precision": 0.0,
        "recall": 0.0,
        "f1-score": 0.0,
        "support": 1
    },
    "compare": {
        "precision": 0.0,
        "recall": 0.0,
        "f1-score": 0.0,
        "support": 8
    },
    "general-affiliation": {
        "precision": 0.7241379310344828,
        "recall": 0.19207317073170732,
        "f1-score": 0.30361445783132535,
        "support": 328
    },
    "named": {
        "precision": 0.5930232558139535,
        "recall": 0.5425531914893617,
        "f1-score": 0.5666666666666667,
        "support": 94
    },
    "opposite": {
        "precision": 0.6666666666666666,
        "recall": 0.14285714285714285,
        "f1-score": 0.23529411764705882,
        "support": 14
    },
    "origin": {
        "precision": 0.1891891891891892,
        "recall": 0.2978723404255319,
        "f1-score": 0.23140495867768596,
        "support": 47
    },
    "part-of": {
        "precision": 0.10144927536231885,
        "recall": 0.21875,
        "f1-score": 0.13861386138613863,
        "support": 96
    },
    "physical": {
        "precision": 0.6962616822429907,
        "recall": 0.8563218390804598,
        "f1-score": 0.7680412371134021,
        "support": 174
    },
    "role": {
        "precision": 0.39445628997867804,
        "recall": 0.7312252964426877,
        "f1-score": 0.5124653739612188,
        "support": 253
    },
    "social": {
        "precision": 0.0,
        "recall": 0.0,
        "f1-score": 0.0,
        "support": 47
    },
    "temporal": {
        "precision": 0.6551724137931034,
        "recall": 0.6551724137931034,
        "f1-score": 0.6551724137931034,
        "support": 29
    },
    "topic": {
        "precision": 0.0,
        "recall": 0.0,
        "f1-score": 0.0,
        "support": 42
    },
    "type-of": {
        "precision": 0.3939393939393939,
        "recall": 0.7222222222222222,
        "f1-score": 0.5098039215686274,
        "support": 18
    },
    "usage": {
        "precision": 0.0,
        "recall": 0.0,
        "f1-score": 0.0,
        "support": 2
    },
    "win-defeat": {
        "precision": 0.7796610169491526,
        "recall": 0.4742268041237113,
        "f1-score": 0.5897435897435898,
        "support": 97
    },
    "micro avg": {
        "precision": 0.4849056603773585,
        "recall": 0.4753390875462392,
        "f1-score": 0.4800747198007472,
        "support": 1622
    },
    "macro avg": {
        "precision": 999999,
        "recall": 999999,
        "f1-score": 0.31121234615488624,
        "support": 1622
    },
    "weighted avg": {
        "precision": 0.5334154999112276,
        "recall": 0.4753390875462392,
        "f1-score": 0.4581470424250048,
        "support": 1622
    },
    "samples avg": {
        "precision": 0.4849056603773585,
        "recall": 0.4778825995807127,
        "f1-score": 0.480188679245283,
        "support": 1622
    }
}