{
    "related-to": {
        "precision": 0.0,
        "recall": 0.0,
        "f1-score": 0.0,
        "support": 76
    },
    "artifact": {
        "precision": 0.0,
        "recall": 0.0,
        "f1-score": 0.0,
        "support": 2
    },
    "cause-effect": {
        "precision": 0.0,
        "recall": 0.0,
        "f1-score": 0.0,
        "support": 0
    },
    "compare": {
        "precision": 0.0,
        "recall": 0.0,
        "f1-score": 0.0,
        "support": 6
    },
    "general-affiliation": {
        "precision": 0.14942528735632185,
        "recall": 0.41935483870967744,
        "f1-score": 0.22033898305084748,
        "support": 31
    },
    "named": {
        "precision": 0.5777777777777777,
        "recall": 0.6,
        "f1-score": 0.5886792452830188,
        "support": 130
    },
    "opposite": {
        "precision": 0.20588235294117646,
        "recall": 0.1320754716981132,
        "f1-score": 0.16091954022988503,
        "support": 53
    },
    "origin": {
        "precision": 0.0,
        "recall": 0.0,
        "f1-score": 0.0,
        "support": 55
    },
    "part-of": {
        "precision": 0.25925925925925924,
        "recall": 0.11965811965811966,
        "f1-score": 0.16374269005847952,
        "support": 117
    },
    "physical": {
        "precision": 0.6526315789473685,
        "recall": 0.9095354523227384,
        "f1-score": 0.759959141981614,
        "support": 409
    },
    "role": {
        "precision": 0.6636500754147813,
        "recall": 0.5269461077844312,
        "f1-score": 0.5874499332443258,
        "support": 835
    },
    "social": {
        "precision": 0.0,
        "recall": 0.0,
        "f1-score": 0.0,
        "support": 21
    },
    "temporal": {
        "precision": 0.8838028169014085,
        "recall": 0.8175895765472313,
        "f1-score": 0.8494077834179359,
        "support": 307
    },
    "topic": {
        "precision": 0.0,
        "recall": 0.0,
        "f1-score": 0.0,
        "support": 13
    },
    "type-of": {
        "precision": 0.0,
        "recall": 0.0,
        "f1-score": 0.0,
        "support": 28
    },
    "usage": {
        "precision": 0.0,
        "recall": 0.0,
        "f1-score": 0.0,
        "support": 0
    },
    "win-defeat": {
        "precision": 1.0,
        "recall": 0.0975609756097561,
        "f1-score": 0.17777777777777776,
        "support": 41
    },
    "micro avg": {
        "precision": 0.6439104314582196,
        "recall": 0.5550847457627118,
        "f1-score": 0.5962073324905184,
        "support": 2124
    },
    "macro avg": {
        "precision": 999999,
        "recall": 999999,
        "f1-score": 0.23388500633625892,
        "support": 2124
    },
    "weighted avg": {
        "precision": 0.5905790897400759,
        "recall": 0.5550847457627118,
        "f1-score": 0.5557657732853494,
        "support": 2124
    },
    "samples avg": {
        "precision": 0.6439104314582196,
        "recall": 0.5674494811578372,
        "f1-score": 0.592936464591298,
        "support": 2124
    }
}