{"related-to": {"precision": 0.16666666666666666, "recall": 0.013157894736842105, "f1-score": 0.024390243902439022, "support": 76}, "artifact": {"precision": 0.0, "recall": 0.0, "f1-score": 0.0, "support": 2}, "cause-effect": {"precision": 0.0, "recall": 0.0, "f1-score": 0.0, "support": 0}, "compare": {"precision": 0.0, "recall": 0.0, "f1-score": 0.0, "support": 6}, "general-affiliation": {"precision": 0.022727272727272728, "recall": 0.03225806451612903, "f1-score": 0.02666666666666667, "support": 31}, "named": {"precision": 0.09361702127659574, "recall": 0.16923076923076924, "f1-score": 0.12054794520547947, "support": 130}, "opposite": {"precision": 0.16666666666666666, "recall": 0.018867924528301886, "f1-score": 0.03389830508474576, "support": 53}, "origin": {"precision": 0.030303030303030304, "recall": 0.01818181818181818, "f1-score": 0.022727272727272724, "support": 55}, "part-of": {"precision": 0.031746031746031744, "recall": 0.017094017094017096, "f1-score": 0.022222222222222223, "support": 117}, "physical": {"precision": 0.23857868020304568, "recall": 0.34474327628361856, "f1-score": 0.282, "support": 409}, "role": {"precision": 0.46371681415929206, "recall": 0.3137724550898204, "f1-score": 0.37428571428571433, "support": 835}, "social": {"precision": 0.0, "recall": 0.0, "f1-score": 0.0, "support": 21}, "temporal": {"precision": 0.149812734082397, "recall": 0.13029315960912052, "f1-score": 0.1393728222996516, "support": 307}, "topic": {"precision": 0.0, "recall": 0.0, "f1-score": 0.0, "support": 13}, "type-of": {"precision": 0.0, "recall": 0.0, "f1-score": 0.0, "support": 28}, "usage": {"precision": 0.0, "recall": 0.0, "f1-score": 0.0, "support": 0}, "win-defeat": {"precision": 0.0, "recall": 0.0, "f1-score": 0.0, "support": 41}, "micro avg": {"precision": 0.2572364827962862, "recall": 0.22175141242937854, "f1-score": 0.23817951959544878, "support": 2124}, "macro avg": {"precision": 0.08022558340182345, "recall": 0.06221172819237865, "f1-score": 0.06153595249377598, "support": 2124}, "weighted avg": {"precision": 0.2686113182630912, "recall": 0.22175141242937854, "f1-score": 0.23288709798682694, "support": 2124}, "samples avg": {"precision": 0.2572364827962862, "recall": 0.2222829055161114, "f1-score": 0.2339340979428363, "support": 2124}}