{"related-to": {"precision": 0.0, "recall": 0.0, "f1-score": 0.0, "support": 26}, "artifact": {"precision": 0.11746987951807229, "recall": 0.15057915057915058, "f1-score": 0.1319796954314721, "support": 259}, "cause-effect": {"precision": 0.0, "recall": 0.0, "f1-score": 0.0, "support": 4}, "compare": {"precision": 0.0, "recall": 0.0, "f1-score": 0.0, "support": 5}, "general-affiliation": {"precision": 0.29508196721311475, "recall": 0.14958448753462603, "f1-score": 0.19852941176470587, "support": 722}, "named": {"precision": 0.021505376344086023, "recall": 0.024096385542168676, "f1-score": 0.02272727272727273, "support": 83}, "opposite": {"precision": 0.0, "recall": 0.0, "f1-score": 0.0, "support": 6}, "origin": {"precision": 0.0, "recall": 0.0, "f1-score": 0.0, "support": 19}, "part-of": {"precision": 0.08064516129032258, "recall": 0.19886363636363635, "f1-score": 0.11475409836065574, "support": 176}, "physical": {"precision": 0.14691943127962084, "recall": 0.1486810551558753, "f1-score": 0.14779499404052443, "support": 417}, "role": {"precision": 0.15274463007159905, "recall": 0.16886543535620052, "f1-score": 0.16040100250626566, "support": 379}, "social": {"precision": 0.0, "recall": 0.0, "f1-score": 0.0, "support": 22}, "temporal": {"precision": 0.02702702702702703, "recall": 0.041666666666666664, "f1-score": 0.03278688524590164, "support": 24}, "topic": {"precision": 0.0, "recall": 0.0, "f1-score": 0.0, "support": 8}, "type-of": {"precision": 0.045454545454545456, "recall": 0.03361344537815126, "f1-score": 0.03864734299516908, "support": 119}, "usage": {"precision": 0.0, "recall": 0.0, "f1-score": 0.0, "support": 52}, "win-defeat": {"precision": 0.03260869565217391, "recall": 0.03225806451612903, "f1-score": 0.03243243243243243, "support": 93}, "micro avg": {"precision": 0.13636363636363635, "recall": 0.13173156586578294, "f1-score": 0.13400758533501897, "support": 2414}, "macro avg": {"precision": 0.05408568905003305, "recall": 0.055776960417212015, "f1-score": 0.0517678315002588, "support": 2414}, "weighted avg": {"precision": 0.1606041174982747, "recall": 0.13173156586578294, "f1-score": 0.13688015290059002, "support": 2414}, "samples avg": {"precision": 0.13636363636363635, "recall": 0.13164665523156088, "f1-score": 0.13321898227558604, "support": 2414}}