{"related-to": {"precision": 0.0, "recall": 0.0, "f1-score": 0.0, "support": 26}, "artifact": {"precision": 0.0967741935483871, "recall": 0.09266409266409266, "f1-score": 0.09467455621301774, "support": 259}, "cause-effect": {"precision": 0.0, "recall": 0.0, "f1-score": 0.0, "support": 4}, "compare": {"precision": 0.0, "recall": 0.0, "f1-score": 0.0, "support": 5}, "general-affiliation": {"precision": 0.3023255813953488, "recall": 0.27008310249307477, "f1-score": 0.28529626920263346, "support": 722}, "named": {"precision": 0.04081632653061224, "recall": 0.024096385542168676, "f1-score": 0.030303030303030304, "support": 83}, "opposite": {"precision": 0.0, "recall": 0.0, "f1-score": 0.0, "support": 6}, "origin": {"precision": 0.0, "recall": 0.0, "f1-score": 0.0, "support": 19}, "part-of": {"precision": 0.09219858156028368, "recall": 0.14772727272727273, "f1-score": 0.11353711790393013, "support": 176}, "physical": {"precision": 0.21375921375921375, "recall": 0.20863309352517986, "f1-score": 0.2111650485436893, "support": 417}, "role": {"precision": 0.13009708737864079, "recall": 0.17678100263852242, "f1-score": 0.14988814317673377, "support": 379}, "social": {"precision": 0.0, "recall": 0.0, "f1-score": 0.0, "support": 22}, "temporal": {"precision": 0.01818181818181818, "recall": 0.041666666666666664, "f1-score": 0.025316455696202528, "support": 24}, "topic": {"precision": 0.0, "recall": 0.0, "f1-score": 0.0, "support": 8}, "type-of": {"precision": 0.056338028169014086, "recall": 0.03361344537815126, "f1-score": 0.042105263157894736, "support": 119}, "usage": {"precision": 0.0, "recall": 0.0, "f1-score": 0.0, "support": 52}, "win-defeat": {"precision": 0.0, "recall": 0.0, "f1-score": 0.0, "support": 93}, "micro avg": {"precision": 0.17409948542024015, "recall": 0.16818558409279205, "f1-score": 0.17109144542772864, "support": 2414}, "macro avg": {"precision": 0.055911225324901094, "recall": 0.05854500362559583, "f1-score": 0.056016816717478345, "support": 2414}, "weighted avg": {"precision": 0.1692391336353348, "recall": 0.16818558409279205, "f1-score": 0.167143269862848, "support": 2414}, "samples avg": {"precision": 0.17409948542024015, "recall": 0.16802458547741567, "f1-score": 0.17002572898799315, "support": 2414}}