{"related-to": {"precision": 0.10097719869706841, "recall": 0.28703703703703703, "f1-score": 0.1493975903614458, "support": 108}, "artifact": {"precision": 0.0, "recall": 0.0, "f1-score": 0.0, "support": 41}, "cause-effect": {"precision": 0.0, "recall": 0.0, "f1-score": 0.0, "support": 5}, "compare": {"precision": 0.0, "recall": 0.0, "f1-score": 0.0, "support": 24}, "general-affiliation": {"precision": 0.061224489795918366, "recall": 0.04, "f1-score": 0.04838709677419355, "support": 75}, "named": {"precision": 0.16379310344827586, "recall": 0.1366906474820144, "f1-score": 0.14901960784313725, "support": 139}, "opposite": {"precision": 0.0, "recall": 0.0, "f1-score": 0.0, "support": 11}, "origin": {"precision": 0.045454545454545456, "recall": 0.011235955056179775, "f1-score": 0.018018018018018018, "support": 89}, "part-of": {"precision": 0.18846153846153846, "recall": 0.22897196261682243, "f1-score": 0.20675105485232068, "support": 214}, "physical": {"precision": 0.09420289855072464, "recall": 0.12745098039215685, "f1-score": 0.10833333333333332, "support": 102}, "role": {"precision": 0.09326424870466321, "recall": 0.1651376146788991, "f1-score": 0.11920529801324503, "support": 109}, "social": {"precision": 0.0, "recall": 0.0, "f1-score": 0.0, "support": 1}, "temporal": {"precision": 0.043478260869565216, "recall": 0.047619047619047616, "f1-score": 0.04545454545454545, "support": 21}, "topic": {"precision": 0.0, "recall": 0.0, "f1-score": 0.0, "support": 41}, "type-of": {"precision": 0.0, "recall": 0.0, "f1-score": 0.0, "support": 54}, "usage": {"precision": 0.0, "recall": 0.0, "f1-score": 0.0, "support": 122}, "win-defeat": {"precision": 0.0, "recall": 0.0, "f1-score": 0.0, "support": 7}, "micro avg": {"precision": 0.11978704525288376, "recall": 0.11607910576096303, "f1-score": 0.11790393013100436, "support": 1163}, "macro avg": {"precision": 0.04652095788131175, "recall": 0.06142019087542101, "f1-score": 0.049680384979425826, "support": 1163}, "weighted avg": {"precision": 0.08884641581148278, "recall": 0.11607910576096303, "f1-score": 0.09572136697101129, "support": 1163}, "samples avg": {"precision": 0.11978704525288376, "recall": 0.11801242236024845, "f1-score": 0.11860396332446022, "support": 1163}}