{
    "related-to": {
        "precision": 0.2751937984496124,
        "recall": 0.6574074074074074,
        "f1-score": 0.3879781420765027,
        "support": 108
    },
    "artifact": {
        "precision": 0.8181818181818182,
        "recall": 0.21951219512195122,
        "f1-score": 0.34615384615384615,
        "support": 41
    },
    "cause-effect": {
        "precision": 0.0,
        "recall": 0.0,
        "f1-score": 0.0,
        "support": 5
    },
    "compare": {
        "precision": 0.0,
        "recall": 0.0,
        "f1-score": 0.0,
        "support": 24
    },
    "general-affiliation": {
        "precision": 0.12941176470588237,
        "recall": 0.14666666666666667,
        "f1-score": 0.13749999999999998,
        "support": 75
    },
    "named": {
        "precision": 0.6687898089171974,
        "recall": 0.7553956834532374,
        "f1-score": 0.7094594594594595,
        "support": 139
    },
    "opposite": {
        "precision": 0.0,
        "recall": 0.0,
        "f1-score": 0.0,
        "support": 11
    },
    "origin": {
        "precision": 0.3870967741935484,
        "recall": 0.1348314606741573,
        "f1-score": 0.2,
        "support": 89
    },
    "part-of": {
        "precision": 0.3655913978494624,
        "recall": 0.4766355140186916,
        "f1-score": 0.41379310344827586,
        "support": 214
    },
    "physical": {
        "precision": 0.773109243697479,
        "recall": 0.9019607843137255,
        "f1-score": 0.8325791855203619,
        "support": 102
    },
    "role": {
        "precision": 0.47468354430379744,
        "recall": 0.6880733944954128,
        "f1-score": 0.5617977528089888,
        "support": 109
    },
    "social": {
        "precision": 0.0,
        "recall": 0.0,
        "f1-score": 0.0,
        "support": 1
    },
    "temporal": {
        "precision": 0.46153846153846156,
        "recall": 0.2857142857142857,
        "f1-score": 0.35294117647058826,
        "support": 21
    },
    "topic": {
        "precision": 0.0,
        "recall": 0.0,
        "f1-score": 0.0,
        "support": 41
    },
    "type-of": {
        "precision": 0.0,
        "recall": 0.0,
        "f1-score": 0.0,
        "support": 54
    },
    "usage": {
        "precision": 0.0,
        "recall": 0.0,
        "f1-score": 0.0,
        "support": 122
    },
    "win-defeat": {
        "precision": 0.375,
        "recall": 0.8571428571428571,
        "f1-score": 0.5217391304347825,
        "support": 7
    },
    "micro avg": {
        "precision": 0.4338952972493345,
        "recall": 0.4204643164230438,
        "f1-score": 0.42707423580786025,
        "support": 1163
    },
    "macro avg": {
        "precision": 999999,
        "recall": 999999,
        "f1-score": 0.26258481155134156,
        "support": 1163
    },
    "weighted avg": {
        "precision": 0.3624567321513496,
        "recall": 0.4204643164230438,
        "f1-score": 0.36852623098671405,
        "support": 1163
    },
    "samples avg": {
        "precision": 0.4338952972493345,
        "recall": 0.4230996746524697,
        "f1-score": 0.4266489204377403,
        "support": 1163
    }
}