{
    "related-to": {
        "precision": 0.45454545454545453,
        "recall": 0.19230769230769232,
        "f1-score": 0.27027027027027023,
        "support": 26
    },
    "artifact": {
        "precision": 0.755223880597015,
        "recall": 0.9768339768339769,
        "f1-score": 0.851851851851852,
        "support": 259
    },
    "cause-effect": {
        "precision": 0.0,
        "recall": 0.0,
        "f1-score": 0.0,
        "support": 4
    },
    "compare": {
        "precision": 0.0,
        "recall": 0.0,
        "f1-score": 0.0,
        "support": 5
    },
    "general-affiliation": {
        "precision": 0.7864768683274022,
        "recall": 0.9182825484764543,
        "f1-score": 0.8472843450479233,
        "support": 722
    },
    "named": {
        "precision": 0.9166666666666666,
        "recall": 0.13253012048192772,
        "f1-score": 0.23157894736842105,
        "support": 83
    },
    "opposite": {
        "precision": 0.0,
        "recall": 0.0,
        "f1-score": 0.0,
        "support": 6
    },
    "origin": {
        "precision": 0.25,
        "recall": 0.3157894736842105,
        "f1-score": 0.27906976744186046,
        "support": 19
    },
    "part-of": {
        "precision": 0.4051724137931034,
        "recall": 0.26704545454545453,
        "f1-score": 0.32191780821917804,
        "support": 176
    },
    "physical": {
        "precision": 0.9002217294900222,
        "recall": 0.973621103117506,
        "f1-score": 0.935483870967742,
        "support": 417
    },
    "role": {
        "precision": 0.729903536977492,
        "recall": 0.5989445910290238,
        "f1-score": 0.6579710144927536,
        "support": 379
    },
    "social": {
        "precision": 0.0,
        "recall": 0.0,
        "f1-score": 0.0,
        "support": 22
    },
    "temporal": {
        "precision": 0.2,
        "recall": 0.125,
        "f1-score": 0.15384615384615385,
        "support": 24
    },
    "topic": {
        "precision": 0.0,
        "recall": 0.0,
        "f1-score": 0.0,
        "support": 8
    },
    "type-of": {
        "precision": 0.925531914893617,
        "recall": 0.7310924369747899,
        "f1-score": 0.8169014084507041,
        "support": 119
    },
    "usage": {
        "precision": 1.0,
        "recall": 0.21153846153846154,
        "f1-score": 0.34920634920634924,
        "support": 52
    },
    "win-defeat": {
        "precision": 0.6972477064220184,
        "recall": 0.8172043010752689,
        "f1-score": 0.7524752475247526,
        "support": 93
    },
    "micro avg": {
        "precision": 0.7697255574614065,
        "recall": 0.7435791217895609,
        "f1-score": 0.7564264643910661,
        "support": 2414
    },
    "macro avg": {
        "precision": 999999,
        "recall": 999999,
        "f1-score": 0.38046217851105646,
        "support": 2414
    },
    "weighted avg": {
        "precision": 0.7502938609227463,
        "recall": 0.7435791217895609,
        "f1-score": 0.7245597176485429,
        "support": 2414
    },
    "samples avg": {
        "precision": 0.7697255574614065,
        "recall": 0.7547884505431675,
        "f1-score": 0.7597198399085191,
        "support": 2414
    }
}