{"related-to": {"precision": 0.047619047619047616, "recall": 0.013888888888888888, "f1-score": 0.021505376344086023, "support": 72}, "artifact": {"precision": 0.20891364902506965, "recall": 0.25, "f1-score": 0.2276176024279211, "support": 300}, "cause-effect": {"precision": 0.0, "recall": 0.0, "f1-score": 0.0, "support": 1}, "compare": {"precision": 0.0, "recall": 0.0, "f1-score": 0.0, "support": 8}, "general-affiliation": {"precision": 0.2631578947368421, "recall": 0.07621951219512195, "f1-score": 0.11820330969267138, "support": 328}, "named": {"precision": 0.034482758620689655, "recall": 0.02127659574468085, "f1-score": 0.026315789473684206, "support": 94}, "opposite": {"precision": 0.0, "recall": 0.0, "f1-score": 0.0, "support": 14}, "origin": {"precision": 0.02702702702702703, "recall": 0.0425531914893617, "f1-score": 0.033057851239669415, "support": 47}, "part-of": {"precision": 0.058823529411764705, "recall": 0.08333333333333333, "f1-score": 0.06896551724137931, "support": 96}, "physical": {"precision": 0.11290322580645161, "recall": 0.16091954022988506, "f1-score": 0.13270142180094785, "support": 174}, "role": {"precision": 0.1589958158995816, "recall": 0.30039525691699603, "f1-score": 0.2079343365253078, "support": 253}, "social": {"precision": 0.0, "recall": 0.0, "f1-score": 0.0, "support": 47}, "temporal": {"precision": 0.0, "recall": 0.0, "f1-score": 0.0, "support": 29}, "topic": {"precision": 0.0, "recall": 0.0, "f1-score": 0.0, "support": 42}, "type-of": {"precision": 0.0, "recall": 0.0, "f1-score": 0.0, "support": 18}, "usage": {"precision": 0.0, "recall": 0.0, "f1-score": 0.0, "support": 2}, "win-defeat": {"precision": 0.08045977011494253, "recall": 0.07216494845360824, "f1-score": 0.07608695652173914, "support": 97}, "micro avg": {"precision": 0.14088050314465408, "recall": 0.1381011097410604, "f1-score": 0.13947696139476962, "support": 1622}, "macro avg": {"precision": 0.058375454015377436, "recall": 0.060044192191286816, "f1-score": 0.05366989183925919, "support": 1622}, "weighted avg": {"precision": 0.14195614329715608, "recall": 0.1381011097410604, "f1-score": 0.12474125499086709, "support": 1622}, "samples avg": {"precision": 0.14088050314465408, "recall": 0.13668763102725368, "f1-score": 0.1380503144654088, "support": 1622}}