{
    "related-to": {
        "precision": 0.09523809523809523,
        "recall": 0.027777777777777776,
        "f1-score": 0.043010752688172046,
        "support": 72
    },
    "artifact": {
        "precision": 0.5819477434679335,
        "recall": 0.8166666666666667,
        "f1-score": 0.6796116504854368,
        "support": 300
    },
    "cause-effect": {
        "precision": 0.0,
        "recall": 0.0,
        "f1-score": 0.0,
        "support": 1
    },
    "compare": {
        "precision": 0.0,
        "recall": 0.0,
        "f1-score": 0.0,
        "support": 8
    },
    "general-affiliation": {
        "precision": 0.7955801104972375,
        "recall": 0.43902439024390244,
        "f1-score": 0.5658153241650294,
        "support": 328
    },
    "named": {
        "precision": 0.6551724137931034,
        "recall": 0.20212765957446807,
        "f1-score": 0.30894308943089427,
        "support": 94
    },
    "opposite": {
        "precision": 0.0,
        "recall": 0.0,
        "f1-score": 0.0,
        "support": 14
    },
    "origin": {
        "precision": 0.18947368421052632,
        "recall": 0.3829787234042553,
        "f1-score": 0.2535211267605634,
        "support": 47
    },
    "part-of": {
        "precision": 0.04819277108433735,
        "recall": 0.041666666666666664,
        "f1-score": 0.04469273743016759,
        "support": 96
    },
    "physical": {
        "precision": 0.6742081447963801,
        "recall": 0.8563218390804598,
        "f1-score": 0.7544303797468354,
        "support": 174
    },
    "role": {
        "precision": 0.42710997442455245,
        "recall": 0.6600790513833992,
        "f1-score": 0.5186335403726707,
        "support": 253
    },
    "social": {
        "precision": 0.0,
        "recall": 0.0,
        "f1-score": 0.0,
        "support": 47
    },
    "temporal": {
        "precision": 0.5555555555555556,
        "recall": 0.6896551724137931,
        "f1-score": 0.6153846153846154,
        "support": 29
    },
    "topic": {
        "precision": 0.0,
        "recall": 0.0,
        "f1-score": 0.0,
        "support": 42
    },
    "type-of": {
        "precision": 0.7777777777777778,
        "recall": 0.3888888888888889,
        "f1-score": 0.5185185185185185,
        "support": 18
    },
    "usage": {
        "precision": 0.0,
        "recall": 0.0,
        "f1-score": 0.0,
        "support": 2
    },
    "win-defeat": {
        "precision": 0.6568627450980392,
        "recall": 0.6907216494845361,
        "f1-score": 0.6733668341708542,
        "support": 97
    },
    "micro avg": {
        "precision": 0.529559748427673,
        "recall": 0.5191122071516646,
        "f1-score": 0.5242839352428393,
        "support": 1622
    },
    "macro avg": {
        "precision": 999999,
        "recall": 999999,
        "f1-score": 0.29270168053845635,
        "support": 1622
    },
    "weighted avg": {
        "precision": 0.5158492949005934,
        "recall": 0.5191122071516646,
        "f1-score": 0.48877656208825576,
        "support": 1622
    },
    "samples avg": {
        "precision": 0.529559748427673,
        "recall": 0.5228511530398323,
        "f1-score": 0.5250524109014675,
        "support": 1622
    }
}