{"related-to": {"precision": 0.0, "recall": 0.0, "f1-score": 0.0, "support": 76}, "artifact": {"precision": 0.0, "recall": 0.0, "f1-score": 0.0, "support": 2}, "cause-effect": {"precision": 0.0, "recall": 0.0, "f1-score": 0.0, "support": 0}, "compare": {"precision": 0.0, "recall": 0.0, "f1-score": 0.0, "support": 6}, "general-affiliation": {"precision": 0.05333333333333334, "recall": 0.12903225806451613, "f1-score": 0.07547169811320754, "support": 31}, "named": {"precision": 0.037914691943127965, "recall": 0.06153846153846154, "f1-score": 0.04692082111436951, "support": 130}, "opposite": {"precision": 0.0, "recall": 0.0, "f1-score": 0.0, "support": 53}, "origin": {"precision": 0.0, "recall": 0.0, "f1-score": 0.0, "support": 55}, "part-of": {"precision": 0.058823529411764705, "recall": 0.017094017094017096, "f1-score": 0.026490066225165563, "support": 117}, "physical": {"precision": 0.21754385964912282, "recall": 0.30317848410757947, "f1-score": 0.25331971399387126, "support": 409}, "role": {"precision": 0.46584699453551914, "recall": 0.40838323353293415, "f1-score": 0.435226547543076, "support": 835}, "social": {"precision": 0.0, "recall": 0.0, "f1-score": 0.0, "support": 21}, "temporal": {"precision": 0.1951219512195122, "recall": 0.10423452768729642, "f1-score": 0.13588110403397027, "support": 307}, "topic": {"precision": 0.0, "recall": 0.0, "f1-score": 0.0, "support": 13}, "type-of": {"precision": 0.0, "recall": 0.0, "f1-score": 0.0, "support": 28}, "usage": {"precision": 0.0, "recall": 0.0, "f1-score": 0.0, "support": 0}, "win-defeat": {"precision": 0.0, "recall": 0.0, "f1-score": 0.0, "support": 41}, "micro avg": {"precision": 0.2790824685963954, "recall": 0.2405838041431262, "f1-score": 0.25840707964601767, "support": 2124}, "macro avg": {"precision": 0.06050496235837531, "recall": 0.060203587177929695, "f1-score": 0.05725352653080354, "support": 2124}, "weighted avg": {"precision": 0.25956907452220174, "recall": 0.2405838041431262, "f1-score": 0.24495108111822625, "support": 2124}, "samples avg": {"precision": 0.2790824685963954, "recall": 0.2389404696886947, "f1-score": 0.2523211359912616, "support": 2124}}