{"related-to": {"precision": 0.08482142857142858, "recall": 0.15079365079365079, "f1-score": 0.10857142857142857, "support": 126}, "artifact": {"precision": 0.0, "recall": 0.0, "f1-score": 0.0, "support": 33}, "cause-effect": {"precision": 0.0, "recall": 0.0, "f1-score": 0.0, "support": 76}, "compare": {"precision": 0.0, "recall": 0.0, "f1-score": 0.0, "support": 39}, "general-affiliation": {"precision": 0.11235955056179775, "recall": 0.136986301369863, "f1-score": 0.12345679012345678, "support": 73}, "named": {"precision": 0.0738255033557047, "recall": 0.10185185185185185, "f1-score": 0.08560311284046691, "support": 108}, "opposite": {"precision": 0.0, "recall": 0.0, "f1-score": 0.0, "support": 5}, "origin": {"precision": 0.1590909090909091, "recall": 0.07446808510638298, "f1-score": 0.10144927536231883, "support": 94}, "part-of": {"precision": 0.06990881458966565, "recall": 0.25555555555555554, "f1-score": 0.1097852028639618, "support": 90}, "physical": {"precision": 0.14285714285714285, "recall": 0.10714285714285714, "f1-score": 0.12244897959183672, "support": 224}, "role": {"precision": 0.2222222222222222, "recall": 0.1888111888111888, "f1-score": 0.2041587901701323, "support": 286}, "social": {"precision": 0.0, "recall": 0.0, "f1-score": 0.0, "support": 14}, "temporal": {"precision": 0.0, "recall": 0.0, "f1-score": 0.0, "support": 26}, "topic": {"precision": 0.0, "recall": 0.0, "f1-score": 0.0, "support": 66}, "type-of": {"precision": 0.08695652173913043, "recall": 0.017094017094017096, "f1-score": 0.028571428571428574, "support": 117}, "usage": {"precision": 0.0, "recall": 0.0, "f1-score": 0.0, "support": 24}, "win-defeat": {"precision": 0.06060606060606061, "recall": 0.045454545454545456, "f1-score": 0.05194805194805195, "support": 44}, "micro avg": {"precision": 0.10919540229885058, "recall": 0.10519031141868512, "f1-score": 0.10715544589354953, "support": 1445}, "macro avg": {"precision": 0.05956753844670953, "recall": 0.06342106195175956, "f1-score": 0.055058415296651904, "support": 1445}, "weighted avg": {"precision": 0.10830821839913021, "recall": 0.10519031141868512, "f1-score": 0.09882417913729964, "support": 1445}, "samples avg": {"precision": 0.10919540229885058, "recall": 0.10344827586206896, "f1-score": 0.10536398467432949, "support": 1445}}