{
    "related-to": {
        "precision": 0.3073770491803279,
        "recall": 0.5952380952380952,
        "f1-score": 0.4054054054054054,
        "support": 126
    },
    "artifact": {
        "precision": 0.6666666666666666,
        "recall": 0.7272727272727273,
        "f1-score": 0.6956521739130435,
        "support": 33
    },
    "cause-effect": {
        "precision": 0.0,
        "recall": 0.0,
        "f1-score": 0.0,
        "support": 76
    },
    "compare": {
        "precision": 0.0,
        "recall": 0.0,
        "f1-score": 0.0,
        "support": 39
    },
    "general-affiliation": {
        "precision": 0.352,
        "recall": 0.6027397260273972,
        "f1-score": 0.4444444444444444,
        "support": 73
    },
    "named": {
        "precision": 0.2867132867132867,
        "recall": 0.7592592592592593,
        "f1-score": 0.41624365482233505,
        "support": 108
    },
    "opposite": {
        "precision": 0.0,
        "recall": 0.0,
        "f1-score": 0.0,
        "support": 5
    },
    "origin": {
        "precision": 0.53125,
        "recall": 0.18085106382978725,
        "f1-score": 0.2698412698412699,
        "support": 94
    },
    "part-of": {
        "precision": 0.1694915254237288,
        "recall": 0.2222222222222222,
        "f1-score": 0.19230769230769232,
        "support": 90
    },
    "physical": {
        "precision": 0.7808219178082192,
        "recall": 0.7633928571428571,
        "f1-score": 0.7720090293453723,
        "support": 224
    },
    "role": {
        "precision": 0.625,
        "recall": 0.506993006993007,
        "f1-score": 0.5598455598455598,
        "support": 286
    },
    "social": {
        "precision": 0.42857142857142855,
        "recall": 0.6428571428571429,
        "f1-score": 0.5142857142857143,
        "support": 14
    },
    "temporal": {
        "precision": 0.5,
        "recall": 0.8461538461538461,
        "f1-score": 0.6285714285714286,
        "support": 26
    },
    "topic": {
        "precision": 1.0,
        "recall": 0.030303030303030304,
        "f1-score": 0.05882352941176471,
        "support": 66
    },
    "type-of": {
        "precision": 1.0,
        "recall": 0.017094017094017096,
        "f1-score": 0.033613445378151266,
        "support": 117
    },
    "usage": {
        "precision": 0.0,
        "recall": 0.0,
        "f1-score": 0.0,
        "support": 24
    },
    "win-defeat": {
        "precision": 1.0,
        "recall": 0.6363636363636364,
        "f1-score": 0.7777777777777778,
        "support": 44
    },
    "micro avg": {
        "precision": 0.46048850574712646,
        "recall": 0.44359861591695504,
        "f1-score": 0.4518857948537187,
        "support": 1445
    },
    "macro avg": {
        "precision": 999999,
        "recall": 999999,
        "f1-score": 0.33934241913823293,
        "support": 1445
    },
    "weighted avg": {
        "precision": 0.5413400623106803,
        "recall": 0.44359861591695504,
        "f1-score": 0.410197364541822,
        "support": 1445
    },
    "samples avg": {
        "precision": 0.46048850574712646,
        "recall": 0.4418103448275862,
        "f1-score": 0.44803639846743293,
        "support": 1445
    }
}