{"related-to": {"precision": 0.09795918367346938, "recall": 0.19047619047619047, "f1-score": 0.1293800539083558, "support": 126}, "artifact": {"precision": 0.037037037037037035, "recall": 0.030303030303030304, "f1-score": 0.03333333333333333, "support": 33}, "cause-effect": {"precision": 0.0, "recall": 0.0, "f1-score": 0.0, "support": 76}, "compare": {"precision": 0.0, "recall": 0.0, "f1-score": 0.0, "support": 39}, "general-affiliation": {"precision": 0.08247422680412371, "recall": 0.1095890410958904, "f1-score": 0.09411764705882353, "support": 73}, "named": {"precision": 0.08298755186721991, "recall": 0.18518518518518517, "f1-score": 0.11461318051575932, "support": 108}, "opposite": {"precision": 0.0, "recall": 0.0, "f1-score": 0.0, "support": 5}, "origin": {"precision": 0.08333333333333333, "recall": 0.05319148936170213, "f1-score": 0.06493506493506493, "support": 94}, "part-of": {"precision": 0.07386363636363637, "recall": 0.14444444444444443, "f1-score": 0.09774436090225565, "support": 90}, "physical": {"precision": 0.14705882352941177, "recall": 0.11160714285714286, "f1-score": 0.12690355329949238, "support": 224}, "role": {"precision": 0.2076923076923077, "recall": 0.1888111888111888, "f1-score": 0.19780219780219782, "support": 286}, "social": {"precision": 0.0, "recall": 0.0, "f1-score": 0.0, "support": 14}, "temporal": {"precision": 0.03125, "recall": 0.038461538461538464, "f1-score": 0.034482758620689655, "support": 26}, "topic": {"precision": 0.0, "recall": 0.0, "f1-score": 0.0, "support": 66}, "type-of": {"precision": 0.17142857142857143, "recall": 0.05128205128205128, "f1-score": 0.07894736842105264, "support": 117}, "usage": {"precision": 0.0, "recall": 0.0, "f1-score": 0.0, "support": 24}, "win-defeat": {"precision": 0.0, "recall": 0.0, "f1-score": 0.0, "support": 44}, "micro avg": {"precision": 0.11278735632183907, "recall": 0.10865051903114187, "f1-score": 0.11068029608741628, "support": 1445}, "macro avg": {"precision": 0.05971086304288886, "recall": 0.06490301778108025, "f1-score": 0.057191736399825, "support": 1445}, "weighted avg": {"precision": 0.10812472903614662, "recall": 0.10865051903114187, "f1-score": 0.10151059200585745, "support": 1445}, "samples avg": {"precision": 0.11278735632183907, "recall": 0.10560344827586207, "f1-score": 0.10799808429118772, "support": 1445}}