{"related-to": {"precision": 0.0, "recall": 0.0, "f1-score": 0.0, "support": 6}, "artifact": {"precision": 0.0, "recall": 0.0, "f1-score": 0.0, "support": 0}, "cause-effect": {"precision": 0.0, "recall": 0.0, "f1-score": 0.0, "support": 0}, "compare": {"precision": 0.0, "recall": 0.0, "f1-score": 0.0, "support": 0}, "general-affiliation": {"precision": 0.0, "recall": 0.0, "f1-score": 0.0, "support": 10}, "named": {"precision": 0.0, "recall": 0.0, "f1-score": 0.0, "support": 4}, "opposite": {"precision": 0.0, "recall": 0.0, "f1-score": 0.0, "support": 39}, "origin": {"precision": 0.0, "recall": 0.0, "f1-score": 0.0, "support": 0}, "part-of": {"precision": 0.125, "recall": 0.03571428571428571, "f1-score": 0.05555555555555556, "support": 28}, "physical": {"precision": 0.3431952662721893, "recall": 0.4496124031007752, "f1-score": 0.38926174496644295, "support": 129}, "role": {"precision": 0.35625, "recall": 0.3958333333333333, "f1-score": 0.375, "support": 144}, "social": {"precision": 0.0, "recall": 0.0, "f1-score": 0.0, "support": 0}, "temporal": {"precision": 0.0, "recall": 0.0, "f1-score": 0.0, "support": 1}, "topic": {"precision": 0.0, "recall": 0.0, "f1-score": 0.0, "support": 0}, "type-of": {"precision": 0.0, "recall": 0.0, "f1-score": 0.0, "support": 0}, "usage": {"precision": 0.0, "recall": 0.0, "f1-score": 0.0, "support": 0}, "win-defeat": {"precision": 0.0, "recall": 0.0, "f1-score": 0.0, "support": 35}, "micro avg": {"precision": 0.29292929292929293, "recall": 0.29292929292929293, "f1-score": 0.29292929292929293, "support": 396}, "macro avg": {"precision": 0.04849678036895231, "recall": 0.0518329424793173, "f1-score": 0.04822454708952933, "support": 396}, "weighted avg": {"precision": 0.2501822963361425, "recall": 0.29292929292929293, "f1-score": 0.26709676933390575, "support": 396}, "samples avg": {"precision": 0.29292929292929293, "recall": 0.29292929292929293, "f1-score": 0.29292929292929293, "support": 396}}