{
    "related-to": {
        "precision": 1.0,
        "recall": 0.3333333333333333,
        "f1-score": 0.5,
        "support": 6
    },
    "artifact": {
        "precision": 0.0,
        "recall": 0.0,
        "f1-score": 0.0,
        "support": 0
    },
    "cause-effect": {
        "precision": 0.0,
        "recall": 0.0,
        "f1-score": 0.0,
        "support": 0
    },
    "compare": {
        "precision": 0.0,
        "recall": 0.0,
        "f1-score": 0.0,
        "support": 0
    },
    "general-affiliation": {
        "precision": 0.375,
        "recall": 0.3,
        "f1-score": 0.33333333333333326,
        "support": 10
    },
    "named": {
        "precision": 0.2727272727272727,
        "recall": 0.75,
        "f1-score": 0.39999999999999997,
        "support": 4
    },
    "opposite": {
        "precision": 0.0,
        "recall": 0.0,
        "f1-score": 0.0,
        "support": 39
    },
    "origin": {
        "precision": 0.0,
        "recall": 0.0,
        "f1-score": 0.0,
        "support": 0
    },
    "part-of": {
        "precision": 0.16,
        "recall": 0.14285714285714285,
        "f1-score": 0.15094339622641512,
        "support": 28
    },
    "physical": {
        "precision": 0.45188284518828453,
        "recall": 0.8372093023255814,
        "f1-score": 0.5869565217391305,
        "support": 129
    },
    "role": {
        "precision": 0.3424657534246575,
        "recall": 0.1736111111111111,
        "f1-score": 0.23041474654377878,
        "support": 144
    },
    "social": {
        "precision": 0.0,
        "recall": 0.0,
        "f1-score": 0.0,
        "support": 0
    },
    "temporal": {
        "precision": 0.030303030303030304,
        "recall": 1.0,
        "f1-score": 0.05882352941176471,
        "support": 1
    },
    "topic": {
        "precision": 0.0,
        "recall": 0.0,
        "f1-score": 0.0,
        "support": 0
    },
    "type-of": {
        "precision": 0.0,
        "recall": 0.0,
        "f1-score": 0.0,
        "support": 0
    },
    "usage": {
        "precision": 0.0,
        "recall": 0.0,
        "f1-score": 0.0,
        "support": 0
    },
    "win-defeat": {
        "precision": 0.0,
        "recall": 0.0,
        "f1-score": 0.0,
        "support": 35
    },
    "micro avg": {
        "precision": 0.3686868686868687,
        "recall": 0.3686868686868687,
        "f1-score": 0.36868686868686873,
        "support": 396
    },
    "macro avg": {
        "precision": 999999,
        "recall": 999999,
        "f1-score": 0.2511635030282691,
        "support": 396
    },
    "weighted avg": {
        "precision": 0.3105029485950796,
        "recall": 0.3686868686868687,
        "f1-score": 0.3058476938478199,
        "support": 396
    },
    "samples avg": {
        "precision": 0.3686868686868687,
        "recall": 0.3686868686868687,
        "f1-score": 0.3686868686868687,
        "support": 396
    }
}