{"related-to": {"precision": 0.06382978723404255, "recall": 0.041666666666666664, "f1-score": 0.05042016806722688, "support": 72}, "artifact": {"precision": 0.16344086021505377, "recall": 0.25333333333333335, "f1-score": 0.19869281045751636, "support": 300}, "cause-effect": {"precision": 0.0, "recall": 0.0, "f1-score": 0.0, "support": 1}, "compare": {"precision": 0.0, "recall": 0.0, "f1-score": 0.0, "support": 8}, "general-affiliation": {"precision": 0.15454545454545454, "recall": 0.051829268292682924, "f1-score": 0.0776255707762557, "support": 328}, "named": {"precision": 0.075, "recall": 0.06382978723404255, "f1-score": 0.0689655172413793, "support": 94}, "opposite": {"precision": 0.0, "recall": 0.0, "f1-score": 0.0, "support": 14}, "origin": {"precision": 0.020833333333333332, "recall": 0.02127659574468085, "f1-score": 0.021052631578947368, "support": 47}, "part-of": {"precision": 0.06164383561643835, "recall": 0.09375, "f1-score": 0.0743801652892562, "support": 96}, "physical": {"precision": 0.0748663101604278, "recall": 0.08045977011494253, "f1-score": 0.0775623268698061, "support": 174}, "role": {"precision": 0.166189111747851, "recall": 0.22924901185770752, "f1-score": 0.19269102990033224, "support": 253}, "social": {"precision": 0.0, "recall": 0.0, "f1-score": 0.0, "support": 47}, "temporal": {"precision": 0.0, "recall": 0.0, "f1-score": 0.0, "support": 29}, "topic": {"precision": 0.0, "recall": 0.0, "f1-score": 0.0, "support": 42}, "type-of": {"precision": 0.09090909090909091, "recall": 0.05555555555555555, "f1-score": 0.06896551724137931, "support": 18}, "usage": {"precision": 0.0, "recall": 0.0, "f1-score": 0.0, "support": 2}, "win-defeat": {"precision": 0.10752688172043011, "recall": 0.10309278350515463, "f1-score": 0.10526315789473685, "support": 97}, "micro avg": {"precision": 0.12264150943396226, "recall": 0.12022194821208385, "f1-score": 0.12141967621419676, "support": 1622}, "macro avg": {"precision": 0.057575568557771906, "recall": 0.05847310425322156, "f1-score": 0.05503640560687272, "support": 1622}, "weighted avg": {"precision": 0.1143063755397578, "recall": 0.12022194821208385, "f1-score": 0.10913106762739859, "support": 1622}, "samples avg": {"precision": 0.12264150943396226, "recall": 0.11970649895178195, "f1-score": 0.12064989517819705, "support": 1622}}