{
    "seeds": [
        4012,
        5096,
        8857,
        8878,
        9908
    ],
    "average": {
        "related-to": {
            "precision": 0.2786941004481097,
            "recall": 0.3816425120772947,
            "f1-score": 0.3195732629234592,
            "support": 2070
        },
        "artifact": {
            "precision": 0.7748689748716291,
            "recall": 0.8869291338582677,
            "f1-score": 0.8269630155402702,
            "support": 3175
        },
        "cause-effect": {
            "precision": 0.0,
            "recall": 0.0,
            "f1-score": 0.0,
            "support": 430
        },
        "compare": {
            "precision": 0.6351981351981352,
            "recall": 0.07073170731707316,
            "f1-score": 0.12476365122503866,
            "support": 410
        },
        "general-affiliation": {
            "precision": 0.7171890707341019,
            "recall": 0.8506860371267152,
            "f1-score": 0.7772874905162469,
            "support": 6195
        },
        "named": {
            "precision": 0.7068592538694638,
            "recall": 0.7114695340501792,
            "f1-score": 0.7071382110405777,
            "support": 2790
        },
        "opposite": {
            "precision": 0.314562061376007,
            "recall": 0.1421875,
            "f1-score": 0.19316784964493308,
            "support": 640
        },
        "origin": {
            "precision": 0.5357188394107802,
            "recall": 0.2986842105263158,
            "f1-score": 0.37528017783398004,
            "support": 1520
        },
        "part-of": {
            "precision": 0.34779174427680526,
            "recall": 0.33370319001386967,
            "f1-score": 0.34010816185217146,
            "support": 3605
        },
        "physical": {
            "precision": 0.7801278988912392,
            "recall": 0.8372508591065293,
            "f1-score": 0.8063099344472878,
            "support": 7275
        },
        "role": {
            "precision": 0.6529470416812749,
            "recall": 0.5927218344965104,
            "f1-score": 0.6209478677863763,
            "support": 10030
        },
        "social": {
            "precision": 0.553646958141408,
            "recall": 0.20571428571428568,
            "f1-score": 0.29827349717760676,
            "support": 525
        },
        "temporal": {
            "precision": 0.7317252985407732,
            "recall": 0.8279411764705882,
            "f1-score": 0.7755491393840499,
            "support": 2040
        },
        "topic": {
            "precision": 0.6822050519909213,
            "recall": 0.13529411764705884,
            "f1-score": 0.21477164693169942,
            "support": 850
        },
        "type-of": {
            "precision": 0.7251886959700562,
            "recall": 0.3255952380952381,
            "f1-score": 0.4476162244892598,
            "support": 1680
        },
        "usage": {
            "precision": 0.5018890363162808,
            "recall": 0.063,
            "f1-score": 0.10922845620439467,
            "support": 1000
        },
        "win-defeat": {
            "precision": 0.7245009154330154,
            "recall": 0.6649842271293375,
            "f1-score": 0.6916978612169771,
            "support": 1585
        },
        "micro avg": {
            "precision": 0.6518227964928472,
            "recall": 0.616542994325622,
            "f1-score": 0.6336922386720503,
            "support": 45820
        },
        "macro avg": {
            "precision": 999999.0,
            "recall": 999999.0,
            "f1-score": 0.44874567342437227,
            "support": 45820
        },
        "weighted avg": {
            "precision": 0.6424781769667542,
            "recall": 0.616542994325622,
            "f1-score": 0.6115119728575581,
            "support": 45820
        },
        "samples avg": {
            "precision": 0.6518227964928472,
            "recall": 0.625976772804184,
            "f1-score": 0.6345639132441162,
            "support": 45820
        }
    }
}