{"related-to": {"precision": 0.0, "recall": 0.0, "f1-score": 0.0, "support": 76}, "artifact": {"precision": 0.0, "recall": 0.0, "f1-score": 0.0, "support": 2}, "cause-effect": {"precision": 0.0, "recall": 0.0, "f1-score": 0.0, "support": 0}, "compare": {"precision": 0.0, "recall": 0.0, "f1-score": 0.0, "support": 6}, "general-affiliation": {"precision": 0.0273972602739726, "recall": 0.06451612903225806, "f1-score": 0.03846153846153846, "support": 31}, "named": {"precision": 0.07432432432432433, "recall": 0.08461538461538462, "f1-score": 0.07913669064748202, "support": 130}, "opposite": {"precision": 0.05, "recall": 0.018867924528301886, "f1-score": 0.027397260273972605, "support": 53}, "origin": {"precision": 0.05263157894736842, "recall": 0.01818181818181818, "f1-score": 0.027027027027027025, "support": 55}, "part-of": {"precision": 0.04419889502762431, "recall": 0.06837606837606838, "f1-score": 0.053691275167785234, "support": 117}, "physical": {"precision": 0.2411764705882353, "recall": 0.30073349633251834, "f1-score": 0.2676822633297062, "support": 409}, "role": {"precision": 0.4527736131934033, "recall": 0.36167664670658684, "f1-score": 0.4021304926764314, "support": 835}, "social": {"precision": 0.0, "recall": 0.0, "f1-score": 0.0, "support": 21}, "temporal": {"precision": 0.14835164835164835, "recall": 0.08794788273615635, "f1-score": 0.11042944785276072, "support": 307}, "topic": {"precision": 0.0, "recall": 0.0, "f1-score": 0.0, "support": 13}, "type-of": {"precision": 0.0, "recall": 0.0, "f1-score": 0.0, "support": 28}, "usage": {"precision": 0.0, "recall": 0.0, "f1-score": 0.0, "support": 0}, "win-defeat": {"precision": 0.0, "recall": 0.0, "f1-score": 0.0, "support": 41}, "micro avg": {"precision": 0.2594210813762971, "recall": 0.2236346516007533, "f1-score": 0.2402022756005057, "support": 2124}, "macro avg": {"precision": 0.06416787004156334, "recall": 0.05911266767700545, "f1-score": 0.05917388208451198, "support": 2124}, "weighted avg": {"precision": 0.2558750396996368, "recall": 0.2236346516007533, "f1-score": 0.23534055815893873, "support": 2124}, "samples avg": {"precision": 0.2594210813762971, "recall": 0.22501365374112506, "f1-score": 0.2364827962861824, "support": 2124}}