{
    "related-to": {
        "precision": 0.0,
        "recall": 0.0,
        "f1-score": 0.0,
        "support": 76
    },
    "artifact": {
        "precision": 0.14285714285714285,
        "recall": 0.5,
        "f1-score": 0.22222222222222224,
        "support": 2
    },
    "cause-effect": {
        "precision": 0.0,
        "recall": 0.0,
        "f1-score": 0.0,
        "support": 0
    },
    "compare": {
        "precision": 0.0,
        "recall": 0.0,
        "f1-score": 0.0,
        "support": 6
    },
    "general-affiliation": {
        "precision": 0.1978021978021978,
        "recall": 0.5806451612903226,
        "f1-score": 0.29508196721311475,
        "support": 31
    },
    "named": {
        "precision": 0.5786516853932584,
        "recall": 0.7923076923076923,
        "f1-score": 0.6688311688311688,
        "support": 130
    },
    "opposite": {
        "precision": 0.0,
        "recall": 0.0,
        "f1-score": 0.0,
        "support": 53
    },
    "origin": {
        "precision": 0.75,
        "recall": 0.05454545454545454,
        "f1-score": 0.10169491525423728,
        "support": 55
    },
    "part-of": {
        "precision": 0.25862068965517243,
        "recall": 0.1282051282051282,
        "f1-score": 0.1714285714285714,
        "support": 117
    },
    "physical": {
        "precision": 0.6125984251968504,
        "recall": 0.9511002444987775,
        "f1-score": 0.7452107279693486,
        "support": 409
    },
    "role": {
        "precision": 0.7099494097807757,
        "recall": 0.5041916167664671,
        "f1-score": 0.5896358543417367,
        "support": 835
    },
    "social": {
        "precision": 0.0,
        "recall": 0.0,
        "f1-score": 0.0,
        "support": 21
    },
    "temporal": {
        "precision": 0.7569721115537849,
        "recall": 0.6188925081433225,
        "f1-score": 0.6810035842293907,
        "support": 307
    },
    "topic": {
        "precision": 0.0,
        "recall": 0.0,
        "f1-score": 0.0,
        "support": 13
    },
    "type-of": {
        "precision": 0.5,
        "recall": 0.07142857142857142,
        "f1-score": 0.125,
        "support": 28
    },
    "usage": {
        "precision": 0.0,
        "recall": 0.0,
        "f1-score": 0.0,
        "support": 0
    },
    "win-defeat": {
        "precision": 1.0,
        "recall": 0.024390243902439025,
        "f1-score": 0.047619047619047616,
        "support": 41
    },
    "micro avg": {
        "precision": 0.6242490442381212,
        "recall": 0.538135593220339,
        "f1-score": 0.5780025284450063,
        "support": 2124
    },
    "macro avg": {
        "precision": 999999,
        "recall": 999999,
        "f1-score": 0.24318187060725588,
        "support": 2124
    },
    "weighted avg": {
        "precision": 0.6044735751072658,
        "recall": 0.538135593220339,
        "f1-score": 0.533826745761698,
        "support": 2124
    },
    "samples avg": {
        "precision": 0.6242490442381212,
        "recall": 0.5518842162752594,
        "f1-score": 0.5760058255962134,
        "support": 2124
    }
}