{"related-to": {"precision": 0.09689922480620156, "recall": 0.1984126984126984, "f1-score": 0.13020833333333331, "support": 126}, "artifact": {"precision": 0.07692307692307693, "recall": 0.06060606060606061, "f1-score": 0.06779661016949153, "support": 33}, "cause-effect": {"precision": 0.0, "recall": 0.0, "f1-score": 0.0, "support": 76}, "compare": {"precision": 0.0, "recall": 0.0, "f1-score": 0.0, "support": 39}, "general-affiliation": {"precision": 0.02459016393442623, "recall": 0.0410958904109589, "f1-score": 0.030769230769230767, "support": 73}, "named": {"precision": 0.08786610878661087, "recall": 0.19444444444444445, "f1-score": 0.12103746397694524, "support": 108}, "opposite": {"precision": 0.0, "recall": 0.0, "f1-score": 0.0, "support": 5}, "origin": {"precision": 0.045454545454545456, "recall": 0.010638297872340425, "f1-score": 0.017241379310344827, "support": 94}, "part-of": {"precision": 0.039473684210526314, "recall": 0.1, "f1-score": 0.05660377358490567, "support": 90}, "physical": {"precision": 0.17486338797814208, "recall": 0.14285714285714285, "f1-score": 0.15724815724815724, "support": 224}, "role": {"precision": 0.23504273504273504, "recall": 0.19230769230769232, "f1-score": 0.2115384615384615, "support": 286}, "social": {"precision": 0.0, "recall": 0.0, "f1-score": 0.0, "support": 14}, "temporal": {"precision": 0.0, "recall": 0.0, "f1-score": 0.0, "support": 26}, "topic": {"precision": 0.0, "recall": 0.0, "f1-score": 0.0, "support": 66}, "type-of": {"precision": 0.0, "recall": 0.0, "f1-score": 0.0, "support": 117}, "usage": {"precision": 0.0, "recall": 0.0, "f1-score": 0.0, "support": 24}, "win-defeat": {"precision": 0.02857142857142857, "recall": 0.022727272727272728, "f1-score": 0.02531645569620253, "support": 44}, "micro avg": {"precision": 0.10704022988505747, "recall": 0.10311418685121107, "f1-score": 0.10504053577722945, "support": 1445}, "macro avg": {"precision": 0.047628491512217236, "recall": 0.056652323508153565, "f1-score": 0.048103521507474864, "support": 1445}, "weighted avg": {"precision": 0.09792837952827237, "recall": 0.10311418685121107, "f1-score": 0.0951655907566029, "support": 1445}, "samples avg": {"precision": 0.10704022988505747, "recall": 0.10165229885057471, "f1-score": 0.10344827586206896, "support": 1445}}