{"related-to": {"precision": 0.051580698835274545, "recall": 0.0748792270531401, "f1-score": 0.06108374384236453, "support": 414}, "artifact": {"precision": 0.07152317880794702, "recall": 0.08503937007874016, "f1-score": 0.0776978417266187, "support": 635}, "cause-effect": {"precision": 0.0, "recall": 0.0, "f1-score": 0.0, "support": 86}, "compare": {"precision": 0.125, "recall": 0.012195121951219513, "f1-score": 0.02222222222222222, "support": 82}, "general-affiliation": {"precision": 0.14156206415620642, "recall": 0.1638418079096045, "f1-score": 0.15188926300037411, "support": 1239}, "named": {"precision": 0.0706896551724138, "recall": 0.07347670250896057, "f1-score": 0.07205623901581722, "support": 558}, "opposite": {"precision": 0.02127659574468085, "recall": 0.0078125, "f1-score": 0.011428571428571429, "support": 128}, "origin": {"precision": 0.03333333333333333, "recall": 0.023026315789473683, "f1-score": 0.027237354085603117, "support": 304}, "part-of": {"precision": 0.07355242566510173, "recall": 0.0651872399445215, "f1-score": 0.06911764705882353, "support": 721}, "physical": {"precision": 0.1617283950617284, "recall": 0.18006872852233677, "f1-score": 0.17040650406504065, "support": 1455}, "role": {"precision": 0.22166666666666668, "recall": 0.19890329012961117, "f1-score": 0.20966894377299003, "support": 2006}, "social": {"precision": 0.03773584905660377, "recall": 0.01904761904761905, "f1-score": 0.02531645569620253, "support": 105}, "temporal": {"precision": 0.04719101123595506, "recall": 0.051470588235294115, "f1-score": 0.0492379835873388, "support": 408}, "topic": {"precision": 0.044444444444444446, "recall": 0.011764705882352941, "f1-score": 0.018604651162790697, "support": 170}, "type-of": {"precision": 0.022598870056497175, "recall": 0.011904761904761904, "f1-score": 0.015594541910331383, "support": 336}, "usage": {"precision": 0.03571428571428571, "recall": 0.005, "f1-score": 0.008771929824561405, "support": 200}, "win-defeat": {"precision": 0.030973451327433628, "recall": 0.022082018927444796, "f1-score": 0.02578268876611418, "support": 317}, "micro avg": {"precision": 0.12494231656668205, "recall": 0.11817983413356613, "f1-score": 0.12146702557200538, "support": 9164}, "macro avg": {"precision": 0.07003358383991604, "recall": 0.059158823405004744, "f1-score": 0.05977156359798614, "support": 9164}, "weighted avg": {"precision": 0.11927700255579887, "recall": 0.11817983413356613, "f1-score": 0.11720196214210493, "support": 9164}, "samples avg": {"precision": 0.12494231656668205, "recall": 0.11705891401322871, "f1-score": 0.1196738963236425, "support": 9164}}