{"related-to": {"precision": 0.0, "recall": 0.0, "f1-score": 0.0, "support": 76}, "artifact": {"precision": 0.0, "recall": 0.0, "f1-score": 0.0, "support": 2}, "cause-effect": {"precision": 0.0, "recall": 0.0, "f1-score": 0.0, "support": 0}, "compare": {"precision": 0.0, "recall": 0.0, "f1-score": 0.0, "support": 6}, "general-affiliation": {"precision": 0.044444444444444446, "recall": 0.06451612903225806, "f1-score": 0.05263157894736842, "support": 31}, "named": {"precision": 0.08484848484848485, "recall": 0.1076923076923077, "f1-score": 0.09491525423728815, "support": 130}, "opposite": {"precision": 0.2, "recall": 0.018867924528301886, "f1-score": 0.034482758620689655, "support": 53}, "origin": {"precision": 0.07142857142857142, "recall": 0.03636363636363636, "f1-score": 0.048192771084337345, "support": 55}, "part-of": {"precision": 0.08284023668639054, "recall": 0.11965811965811966, "f1-score": 0.09790209790209792, "support": 117}, "physical": {"precision": 0.21153846153846154, "recall": 0.26894865525672373, "f1-score": 0.23681377825618943, "support": 409}, "role": {"precision": 0.4431438127090301, "recall": 0.31736526946107785, "f1-score": 0.3698534542916957, "support": 835}, "social": {"precision": 0.0, "recall": 0.0, "f1-score": 0.0, "support": 21}, "temporal": {"precision": 0.1875, "recall": 0.16612377850162866, "f1-score": 0.1761658031088083, "support": 307}, "topic": {"precision": 0.0, "recall": 0.0, "f1-score": 0.0, "support": 13}, "type-of": {"precision": 0.0, "recall": 0.0, "f1-score": 0.0, "support": 28}, "usage": {"precision": 0.0, "recall": 0.0, "f1-score": 0.0, "support": 0}, "win-defeat": {"precision": 0.0, "recall": 0.0, "f1-score": 0.0, "support": 41}, "micro avg": {"precision": 0.2506826870562534, "recall": 0.21610169491525424, "f1-score": 0.23211125158027815, "support": 2124}, "macro avg": {"precision": 0.07798494186208135, "recall": 0.06467857767612083, "f1-score": 0.06535044096755735, "support": 2124}, "weighted avg": {"precision": 0.2592917958146096, "recall": 0.21610169491525424, "f1-score": 0.23054174541621847, "support": 2124}, "samples avg": {"precision": 0.2506826870562534, "recall": 0.2143637356635718, "f1-score": 0.22647005279446566, "support": 2124}}