{"related-to": {"precision": 0.0, "recall": 0.0, "f1-score": 0.0, "support": 76}, "artifact": {"precision": 0.0, "recall": 0.0, "f1-score": 0.0, "support": 2}, "cause-effect": {"precision": 0.0, "recall": 0.0, "f1-score": 0.0, "support": 0}, "compare": {"precision": 0.0, "recall": 0.0, "f1-score": 0.0, "support": 6}, "general-affiliation": {"precision": 0.013333333333333334, "recall": 0.03225806451612903, "f1-score": 0.018867924528301886, "support": 31}, "named": {"precision": 0.05228758169934641, "recall": 0.06153846153846154, "f1-score": 0.05653710247349823, "support": 130}, "opposite": {"precision": 0.0, "recall": 0.0, "f1-score": 0.0, "support": 53}, "origin": {"precision": 0.08333333333333333, "recall": 0.01818181818181818, "f1-score": 0.029850746268656716, "support": 55}, "part-of": {"precision": 0.0743801652892562, "recall": 0.07692307692307693, "f1-score": 0.07563025210084034, "support": 117}, "physical": {"precision": 0.23305785123966943, "recall": 0.34474327628361856, "f1-score": 0.2781065088757397, "support": 409}, "role": {"precision": 0.45796064400715564, "recall": 0.3065868263473054, "f1-score": 0.3672883787661406, "support": 835}, "social": {"precision": 0.0, "recall": 0.0, "f1-score": 0.0, "support": 21}, "temporal": {"precision": 0.18115942028985507, "recall": 0.16286644951140064, "f1-score": 0.17152658662092624, "support": 307}, "topic": {"precision": 0.0, "recall": 0.0, "f1-score": 0.0, "support": 13}, "type-of": {"precision": 0.0, "recall": 0.0, "f1-score": 0.0, "support": 28}, "usage": {"precision": 0.0, "recall": 0.0, "f1-score": 0.0, "support": 0}, "win-defeat": {"precision": 0.0, "recall": 0.0, "f1-score": 0.0, "support": 41}, "micro avg": {"precision": 0.2545057345712725, "recall": 0.2193973634651601, "f1-score": 0.2356510745891277, "support": 2124}, "macro avg": {"precision": 0.0644419017171735, "recall": 0.059005763135400596, "f1-score": 0.0586945588020061, "support": 2124}, "weighted avg": {"precision": 0.26074871589378995, "recall": 0.2193973634651601, "f1-score": 0.23141020716338787, "support": 2124}, "samples avg": {"precision": 0.2545057345712725, "recall": 0.21709448388858546, "f1-score": 0.22956490078281447, "support": 2124}}