{"related-to": {"precision": 0.0823045267489712, "recall": 0.15873015873015872, "f1-score": 0.1084010840108401, "support": 126}, "artifact": {"precision": 0.0, "recall": 0.0, "f1-score": 0.0, "support": 33}, "cause-effect": {"precision": 0.0, "recall": 0.0, "f1-score": 0.0, "support": 76}, "compare": {"precision": 0.0, "recall": 0.0, "f1-score": 0.0, "support": 39}, "general-affiliation": {"precision": 0.02962962962962963, "recall": 0.0547945205479452, "f1-score": 0.038461538461538464, "support": 73}, "named": {"precision": 0.09473684210526316, "recall": 0.16666666666666666, "f1-score": 0.1208053691275168, "support": 108}, "opposite": {"precision": 0.0, "recall": 0.0, "f1-score": 0.0, "support": 5}, "origin": {"precision": 0.027777777777777776, "recall": 0.010638297872340425, "f1-score": 0.015384615384615384, "support": 94}, "part-of": {"precision": 0.10040160642570281, "recall": 0.2777777777777778, "f1-score": 0.14749262536873156, "support": 90}, "physical": {"precision": 0.1676300578034682, "recall": 0.12946428571428573, "f1-score": 0.14609571788413098, "support": 224}, "role": {"precision": 0.20081967213114754, "recall": 0.17132867132867133, "f1-score": 0.1849056603773585, "support": 286}, "social": {"precision": 0.0, "recall": 0.0, "f1-score": 0.0, "support": 14}, "temporal": {"precision": 0.03571428571428571, "recall": 0.038461538461538464, "f1-score": 0.03703703703703704, "support": 26}, "topic": {"precision": 0.0, "recall": 0.0, "f1-score": 0.0, "support": 66}, "type-of": {"precision": 0.1111111111111111, "recall": 0.008547008547008548, "f1-score": 0.015873015873015876, "support": 117}, "usage": {"precision": 0.0, "recall": 0.0, "f1-score": 0.0, "support": 24}, "win-defeat": {"precision": 0.029411764705882353, "recall": 0.022727272727272728, "f1-score": 0.02564102564102564, "support": 44}, "micro avg": {"precision": 0.10704022988505747, "recall": 0.10311418685121107, "f1-score": 0.10504053577722945, "support": 1445}, "macro avg": {"precision": 0.05173748671489643, "recall": 0.06112565872786268, "f1-score": 0.049417511127400615, "support": 1445}, "weighted avg": {"precision": 0.10008194894341968, "recall": 0.10311418685121107, "f1-score": 0.09258856021484463, "support": 1445}, "samples avg": {"precision": 0.10704022988505747, "recall": 0.10093390804597702, "f1-score": 0.10296934865900381, "support": 1445}}