{
    "related-to": {
        "precision": 0.30256410256410254,
        "recall": 0.46825396825396826,
        "f1-score": 0.367601246105919,
        "support": 126
    },
    "artifact": {
        "precision": 0.5675675675675675,
        "recall": 0.6363636363636364,
        "f1-score": 0.6000000000000001,
        "support": 33
    },
    "cause-effect": {
        "precision": 0.0,
        "recall": 0.0,
        "f1-score": 0.0,
        "support": 76
    },
    "compare": {
        "precision": 0.0,
        "recall": 0.0,
        "f1-score": 0.0,
        "support": 39
    },
    "general-affiliation": {
        "precision": 0.29411764705882354,
        "recall": 0.547945205479452,
        "f1-score": 0.3827751196172249,
        "support": 73
    },
    "named": {
        "precision": 0.3917525773195876,
        "recall": 0.7037037037037037,
        "f1-score": 0.5033112582781457,
        "support": 108
    },
    "opposite": {
        "precision": 0.0,
        "recall": 0.0,
        "f1-score": 0.0,
        "support": 5
    },
    "origin": {
        "precision": 0.5384615384615384,
        "recall": 0.2978723404255319,
        "f1-score": 0.3835616438356164,
        "support": 94
    },
    "part-of": {
        "precision": 0.12140575079872204,
        "recall": 0.4222222222222222,
        "f1-score": 0.18858560794044665,
        "support": 90
    },
    "physical": {
        "precision": 0.9121621621621622,
        "recall": 0.6026785714285714,
        "f1-score": 0.7258064516129032,
        "support": 224
    },
    "role": {
        "precision": 0.6470588235294118,
        "recall": 0.5384615384615384,
        "f1-score": 0.5877862595419847,
        "support": 286
    },
    "social": {
        "precision": 0.3333333333333333,
        "recall": 0.2857142857142857,
        "f1-score": 0.30769230769230765,
        "support": 14
    },
    "temporal": {
        "precision": 0.782608695652174,
        "recall": 0.6923076923076923,
        "f1-score": 0.7346938775510203,
        "support": 26
    },
    "topic": {
        "precision": 0.5,
        "recall": 0.015151515151515152,
        "f1-score": 0.029411764705882356,
        "support": 66
    },
    "type-of": {
        "precision": 0.2857142857142857,
        "recall": 0.017094017094017096,
        "f1-score": 0.03225806451612903,
        "support": 117
    },
    "usage": {
        "precision": 0.0,
        "recall": 0.0,
        "f1-score": 0.0,
        "support": 24
    },
    "win-defeat": {
        "precision": 0.96875,
        "recall": 0.7045454545454546,
        "f1-score": 0.8157894736842106,
        "support": 44
    },
    "micro avg": {
        "precision": 0.4360632183908046,
        "recall": 0.42006920415224913,
        "f1-score": 0.4279168135354247,
        "support": 1445
    },
    "macro avg": {
        "precision": 999999,
        "recall": 999999,
        "f1-score": 0.3328984161812818,
        "support": 1445
    },
    "weighted avg": {
        "precision": 0.48832234426423293,
        "recall": 0.42006920415224913,
        "f1-score": 0.4132545406546911,
        "support": 1445
    },
    "samples avg": {
        "precision": 0.4360632183908046,
        "recall": 0.41738505747126436,
        "f1-score": 0.4236111111111111,
        "support": 1445
    }
}