{"related-to": {"precision": 0.25, "recall": 0.16666666666666666, "f1-score": 0.2, "support": 6}, "artifact": {"precision": 0.0, "recall": 0.0, "f1-score": 0.0, "support": 0}, "cause-effect": {"precision": 0.0, "recall": 0.0, "f1-score": 0.0, "support": 0}, "compare": {"precision": 0.0, "recall": 0.0, "f1-score": 0.0, "support": 0}, "general-affiliation": {"precision": 0.0, "recall": 0.0, "f1-score": 0.0, "support": 10}, "named": {"precision": 0.0, "recall": 0.0, "f1-score": 0.0, "support": 4}, "opposite": {"precision": 0.0, "recall": 0.0, "f1-score": 0.0, "support": 39}, "origin": {"precision": 0.0, "recall": 0.0, "f1-score": 0.0, "support": 0}, "part-of": {"precision": 0.0, "recall": 0.0, "f1-score": 0.0, "support": 28}, "physical": {"precision": 0.3313253012048193, "recall": 0.4263565891472868, "f1-score": 0.3728813559322034, "support": 129}, "role": {"precision": 0.3125, "recall": 0.3472222222222222, "f1-score": 0.32894736842105265, "support": 144}, "social": {"precision": 0.0, "recall": 0.0, "f1-score": 0.0, "support": 0}, "temporal": {"precision": 0.0, "recall": 0.0, "f1-score": 0.0, "support": 1}, "topic": {"precision": 0.0, "recall": 0.0, "f1-score": 0.0, "support": 0}, "type-of": {"precision": 0.0, "recall": 0.0, "f1-score": 0.0, "support": 0}, "usage": {"precision": 0.0, "recall": 0.0, "f1-score": 0.0, "support": 0}, "win-defeat": {"precision": 0.0, "recall": 0.0, "f1-score": 0.0, "support": 35}, "micro avg": {"precision": 0.2676767676767677, "recall": 0.2676767676767677, "f1-score": 0.2676767676767677, "support": 396}, "macro avg": {"precision": 0.05257795889440114, "recall": 0.055308557531539744, "f1-score": 0.05304874849136801, "support": 396}, "weighted avg": {"precision": 0.22535596933187294, "recall": 0.2676767676767677, "f1-score": 0.24411645446435815, "support": 396}, "samples avg": {"precision": 0.2676767676767677, "recall": 0.2676767676767677, "f1-score": 0.2676767676767677, "support": 396}}