{
    "related-to": {
        "precision": 0.0,
        "recall": 0.0,
        "f1-score": 0.0,
        "support": 6
    },
    "artifact": {
        "precision": 0.0,
        "recall": 0.0,
        "f1-score": 0.0,
        "support": 0
    },
    "cause-effect": {
        "precision": 0.0,
        "recall": 0.0,
        "f1-score": 0.0,
        "support": 0
    },
    "compare": {
        "precision": 0.0,
        "recall": 0.0,
        "f1-score": 0.0,
        "support": 0
    },
    "general-affiliation": {
        "precision": 0.5,
        "recall": 0.3,
        "f1-score": 0.37499999999999994,
        "support": 10
    },
    "named": {
        "precision": 0.6666666666666666,
        "recall": 0.5,
        "f1-score": 0.5714285714285715,
        "support": 4
    },
    "opposite": {
        "precision": 0.0,
        "recall": 0.0,
        "f1-score": 0.0,
        "support": 39
    },
    "origin": {
        "precision": 0.0,
        "recall": 0.0,
        "f1-score": 0.0,
        "support": 0
    },
    "part-of": {
        "precision": 0.4166666666666667,
        "recall": 0.35714285714285715,
        "f1-score": 0.3846153846153846,
        "support": 28
    },
    "physical": {
        "precision": 0.4930232558139535,
        "recall": 0.8217054263565892,
        "f1-score": 0.616279069767442,
        "support": 129
    },
    "role": {
        "precision": 0.5511811023622047,
        "recall": 0.4861111111111111,
        "f1-score": 0.5166051660516606,
        "support": 144
    },
    "social": {
        "precision": 0.0,
        "recall": 0.0,
        "f1-score": 0.0,
        "support": 0
    },
    "temporal": {
        "precision": 0.07142857142857142,
        "recall": 1.0,
        "f1-score": 0.13333333333333333,
        "support": 1
    },
    "topic": {
        "precision": 0.0,
        "recall": 0.0,
        "f1-score": 0.0,
        "support": 0
    },
    "type-of": {
        "precision": 0.0,
        "recall": 0.0,
        "f1-score": 0.0,
        "support": 0
    },
    "usage": {
        "precision": 0.0,
        "recall": 0.0,
        "f1-score": 0.0,
        "support": 0
    },
    "win-defeat": {
        "precision": 0.0,
        "recall": 0.0,
        "f1-score": 0.0,
        "support": 35
    },
    "micro avg": {
        "precision": 0.48484848484848486,
        "recall": 0.48484848484848486,
        "f1-score": 0.48484848484848486,
        "support": 396
    },
    "macro avg": {
        "precision": 999999,
        "recall": 999999,
        "f1-score": 0.2885846139107102,
        "support": 396
    },
    "weighted avg": {
        "precision": 0.4100374763760591,
        "recall": 0.48484848484848486,
        "f1-score": 0.4313874300497918,
        "support": 396
    },
    "samples avg": {
        "precision": 0.48484848484848486,
        "recall": 0.48484848484848486,
        "f1-score": 0.48484848484848486,
        "support": 396
    }
}