{"related-to": {"precision": 0.0, "recall": 0.0, "f1-score": 0.0, "support": 6}, "artifact": {"precision": 0.0, "recall": 0.0, "f1-score": 0.0, "support": 0}, "cause-effect": {"precision": 0.0, "recall": 0.0, "f1-score": 0.0, "support": 0}, "compare": {"precision": 0.0, "recall": 0.0, "f1-score": 0.0, "support": 0}, "general-affiliation": {"precision": 0.0, "recall": 0.0, "f1-score": 0.0, "support": 10}, "named": {"precision": 0.0, "recall": 0.0, "f1-score": 0.0, "support": 4}, "opposite": {"precision": 0.0, "recall": 0.0, "f1-score": 0.0, "support": 39}, "origin": {"precision": 0.0, "recall": 0.0, "f1-score": 0.0, "support": 0}, "part-of": {"precision": 0.0, "recall": 0.0, "f1-score": 0.0, "support": 28}, "physical": {"precision": 0.3541666666666667, "recall": 0.5271317829457365, "f1-score": 0.4236760124610592, "support": 129}, "role": {"precision": 0.3617021276595745, "recall": 0.3541666666666667, "f1-score": 0.35789473684210527, "support": 144}, "social": {"precision": 0.0, "recall": 0.0, "f1-score": 0.0, "support": 0}, "temporal": {"precision": 0.0, "recall": 0.0, "f1-score": 0.0, "support": 1}, "topic": {"precision": 0.0, "recall": 0.0, "f1-score": 0.0, "support": 0}, "type-of": {"precision": 0.0, "recall": 0.0, "f1-score": 0.0, "support": 0}, "usage": {"precision": 0.0, "recall": 0.0, "f1-score": 0.0, "support": 0}, "win-defeat": {"precision": 0.0, "recall": 0.0, "f1-score": 0.0, "support": 35}, "micro avg": {"precision": 0.3005050505050505, "recall": 0.3005050505050505, "f1-score": 0.3005050505050505, "support": 396}, "macro avg": {"precision": 0.04210992907801419, "recall": 0.05184108527131784, "f1-score": 0.04597474995900968, "support": 396}, "weighted avg": {"precision": 0.2469005211691382, "recall": 0.3005050505050505, "f1-score": 0.26815921139580756, "support": 396}, "samples avg": {"precision": 0.3005050505050505, "recall": 0.3005050505050505, "f1-score": 0.3005050505050505, "support": 396}}