{
    "related-to": {
        "precision": 0.09090909090909091,
        "recall": 0.3333333333333333,
        "f1-score": 0.14285714285714288,
        "support": 6
    },
    "artifact": {
        "precision": 0.0,
        "recall": 0.0,
        "f1-score": 0.0,
        "support": 0
    },
    "cause-effect": {
        "precision": 0.0,
        "recall": 0.0,
        "f1-score": 0.0,
        "support": 0
    },
    "compare": {
        "precision": 0.0,
        "recall": 0.0,
        "f1-score": 0.0,
        "support": 0
    },
    "general-affiliation": {
        "precision": 0.17647058823529413,
        "recall": 0.3,
        "f1-score": 0.22222222222222224,
        "support": 10
    },
    "named": {
        "precision": 0.17647058823529413,
        "recall": 0.75,
        "f1-score": 0.2857142857142857,
        "support": 4
    },
    "opposite": {
        "precision": 0.0,
        "recall": 0.0,
        "f1-score": 0.0,
        "support": 39
    },
    "origin": {
        "precision": 0.0,
        "recall": 0.0,
        "f1-score": 0.0,
        "support": 0
    },
    "part-of": {
        "precision": 0.5,
        "recall": 0.03571428571428571,
        "f1-score": 0.06666666666666667,
        "support": 28
    },
    "physical": {
        "precision": 0.6567164179104478,
        "recall": 0.6821705426356589,
        "f1-score": 0.6692015209125476,
        "support": 129
    },
    "role": {
        "precision": 0.5567010309278351,
        "recall": 0.75,
        "f1-score": 0.6390532544378699,
        "support": 144
    },
    "social": {
        "precision": 0.0,
        "recall": 0.0,
        "f1-score": 0.0,
        "support": 0
    },
    "temporal": {
        "precision": 0.1,
        "recall": 1.0,
        "f1-score": 0.18181818181818182,
        "support": 1
    },
    "topic": {
        "precision": 0.0,
        "recall": 0.0,
        "f1-score": 0.0,
        "support": 0
    },
    "type-of": {
        "precision": 0.0,
        "recall": 0.0,
        "f1-score": 0.0,
        "support": 0
    },
    "usage": {
        "precision": 0.0,
        "recall": 0.0,
        "f1-score": 0.0,
        "support": 0
    },
    "win-defeat": {
        "precision": 0.0,
        "recall": 0.0,
        "f1-score": 0.0,
        "support": 35
    },
    "micro avg": {
        "precision": 0.5202020202020202,
        "recall": 0.5202020202020202,
        "f1-score": 0.5202020202020202,
        "support": 396
    },
    "macro avg": {
        "precision": 999999,
        "recall": 999999,
        "f1-score": 0.2452814749587685,
        "support": 396
    },
    "weighted avg": {
        "precision": 0.459589417032335,
        "recall": 0.5202020202020202,
        "f1-score": 0.46621558562494686,
        "support": 396
    },
    "samples avg": {
        "precision": 0.5202020202020202,
        "recall": 0.5202020202020202,
        "f1-score": 0.5202020202020202,
        "support": 396
    }
}