{
    "related-to": {
        "precision": 0.1956521739130435,
        "recall": 0.3333333333333333,
        "f1-score": 0.2465753424657534,
        "support": 108
    },
    "artifact": {
        "precision": 0.6153846153846154,
        "recall": 0.3902439024390244,
        "f1-score": 0.47761194029850756,
        "support": 41
    },
    "cause-effect": {
        "precision": 0.0,
        "recall": 0.0,
        "f1-score": 0.0,
        "support": 5
    },
    "compare": {
        "precision": 0.0,
        "recall": 0.0,
        "f1-score": 0.0,
        "support": 24
    },
    "general-affiliation": {
        "precision": 0.75,
        "recall": 0.04,
        "f1-score": 0.07594936708860758,
        "support": 75
    },
    "named": {
        "precision": 0.6827586206896552,
        "recall": 0.7122302158273381,
        "f1-score": 0.6971830985915493,
        "support": 139
    },
    "opposite": {
        "precision": 0.0,
        "recall": 0.0,
        "f1-score": 0.0,
        "support": 11
    },
    "origin": {
        "precision": 0.48717948717948717,
        "recall": 0.42696629213483145,
        "f1-score": 0.4550898203592814,
        "support": 89
    },
    "part-of": {
        "precision": 0.37721518987341773,
        "recall": 0.6962616822429907,
        "f1-score": 0.4893267651888342,
        "support": 214
    },
    "physical": {
        "precision": 0.8333333333333334,
        "recall": 0.6372549019607843,
        "f1-score": 0.7222222222222222,
        "support": 102
    },
    "role": {
        "precision": 0.6460176991150443,
        "recall": 0.6697247706422018,
        "f1-score": 0.6576576576576576,
        "support": 109
    },
    "social": {
        "precision": 0.0,
        "recall": 0.0,
        "f1-score": 0.0,
        "support": 1
    },
    "temporal": {
        "precision": 0.6470588235294118,
        "recall": 0.5238095238095238,
        "f1-score": 0.5789473684210527,
        "support": 21
    },
    "topic": {
        "precision": 0.6666666666666666,
        "recall": 0.14634146341463414,
        "f1-score": 0.24,
        "support": 41
    },
    "type-of": {
        "precision": 0.2558139534883721,
        "recall": 0.2037037037037037,
        "f1-score": 0.2268041237113402,
        "support": 54
    },
    "usage": {
        "precision": 0.11764705882352941,
        "recall": 0.03278688524590164,
        "f1-score": 0.05128205128205128,
        "support": 122
    },
    "win-defeat": {
        "precision": 1.0,
        "recall": 0.14285714285714285,
        "f1-score": 0.25,
        "support": 7
    },
    "micro avg": {
        "precision": 0.45430346051464066,
        "recall": 0.4402407566638005,
        "f1-score": 0.4471615720524017,
        "support": 1163
    },
    "macro avg": {
        "precision": 999999,
        "recall": 999999,
        "f1-score": 0.304038221016874,
        "support": 1163
    },
    "weighted avg": {
        "precision": 0.475582175216646,
        "recall": 0.4402407566638005,
        "f1-score": 0.41413489300241935,
        "support": 1163
    },
    "samples avg": {
        "precision": 0.45430346051464066,
        "recall": 0.4435078379177758,
        "f1-score": 0.4470570837030465,
        "support": 1163
    }
}