{
    "related-to": {
        "precision": 0.2857142857142857,
        "recall": 0.08333333333333333,
        "f1-score": 0.12903225806451613,
        "support": 72
    },
    "artifact": {
        "precision": 0.7055837563451777,
        "recall": 0.9266666666666666,
        "f1-score": 0.8011527377521614,
        "support": 300
    },
    "cause-effect": {
        "precision": 0.0,
        "recall": 0.0,
        "f1-score": 0.0,
        "support": 1
    },
    "compare": {
        "precision": 0.0,
        "recall": 0.0,
        "f1-score": 0.0,
        "support": 8
    },
    "general-affiliation": {
        "precision": 0.8171428571428572,
        "recall": 0.8719512195121951,
        "f1-score": 0.8436578171091446,
        "support": 328
    },
    "named": {
        "precision": 0.4649122807017544,
        "recall": 0.5638297872340425,
        "f1-score": 0.5096153846153847,
        "support": 94
    },
    "opposite": {
        "precision": 0.4,
        "recall": 0.14285714285714285,
        "f1-score": 0.21052631578947364,
        "support": 14
    },
    "origin": {
        "precision": 0.0,
        "recall": 0.0,
        "f1-score": 0.0,
        "support": 47
    },
    "part-of": {
        "precision": 0.3181818181818182,
        "recall": 0.07291666666666667,
        "f1-score": 0.11864406779661017,
        "support": 96
    },
    "physical": {
        "precision": 0.6989795918367347,
        "recall": 0.7873563218390804,
        "f1-score": 0.7405405405405405,
        "support": 174
    },
    "role": {
        "precision": 0.63671875,
        "recall": 0.6442687747035574,
        "f1-score": 0.6404715127701376,
        "support": 253
    },
    "social": {
        "precision": 0.36065573770491804,
        "recall": 0.46808510638297873,
        "f1-score": 0.40740740740740744,
        "support": 47
    },
    "temporal": {
        "precision": 0.5675675675675675,
        "recall": 0.7241379310344828,
        "f1-score": 0.6363636363636365,
        "support": 29
    },
    "topic": {
        "precision": 0.2727272727272727,
        "recall": 0.07142857142857142,
        "f1-score": 0.11320754716981131,
        "support": 42
    },
    "type-of": {
        "precision": 1.0,
        "recall": 0.5555555555555556,
        "f1-score": 0.7142857142857143,
        "support": 18
    },
    "usage": {
        "precision": 0.0,
        "recall": 0.0,
        "f1-score": 0.0,
        "support": 2
    },
    "win-defeat": {
        "precision": 0.6909090909090909,
        "recall": 0.7835051546391752,
        "f1-score": 0.7342995169082126,
        "support": 97
    },
    "micro avg": {
        "precision": 0.6691823899371069,
        "recall": 0.655980271270037,
        "f1-score": 0.6625155666251556,
        "support": 1622
    },
    "macro avg": {
        "precision": 999999,
        "recall": 999999,
        "f1-score": 0.38818849744545597,
        "support": 1622
    },
    "weighted avg": {
        "precision": 0.6120295441943084,
        "recall": 0.655980271270037,
        "f1-score": 0.6201799669342974,
        "support": 1622
    },
    "samples avg": {
        "precision": 0.6691823899371069,
        "recall": 0.6618448637316563,
        "f1-score": 0.6642557651991613,
        "support": 1622
    }
}