{"related-to": {"precision": 0.061224489795918366, "recall": 0.16666666666666666, "f1-score": 0.08955223880597016, "support": 108}, "artifact": {"precision": 0.02040816326530612, "recall": 0.024390243902439025, "f1-score": 0.02222222222222222, "support": 41}, "cause-effect": {"precision": 0.0, "recall": 0.0, "f1-score": 0.0, "support": 5}, "compare": {"precision": 0.0, "recall": 0.0, "f1-score": 0.0, "support": 24}, "general-affiliation": {"precision": 0.08759124087591241, "recall": 0.16, "f1-score": 0.11320754716981132, "support": 75}, "named": {"precision": 0.1141552511415525, "recall": 0.17985611510791366, "f1-score": 0.13966480446927373, "support": 139}, "opposite": {"precision": 0.0, "recall": 0.0, "f1-score": 0.0, "support": 11}, "origin": {"precision": 0.11764705882352941, "recall": 0.06741573033707865, "f1-score": 0.08571428571428572, "support": 89}, "part-of": {"precision": 0.18, "recall": 0.1261682242990654, "f1-score": 0.14835164835164832, "support": 214}, "physical": {"precision": 0.08333333333333333, "recall": 0.0784313725490196, "f1-score": 0.08080808080808081, "support": 102}, "role": {"precision": 0.11214953271028037, "recall": 0.11009174311926606, "f1-score": 0.1111111111111111, "support": 109}, "social": {"precision": 0.0, "recall": 0.0, "f1-score": 0.0, "support": 1}, "temporal": {"precision": 0.0, "recall": 0.0, "f1-score": 0.0, "support": 21}, "topic": {"precision": 0.0, "recall": 0.0, "f1-score": 0.0, "support": 41}, "type-of": {"precision": 0.0, "recall": 0.0, "f1-score": 0.0, "support": 54}, "usage": {"precision": 0.0, "recall": 0.0, "f1-score": 0.0, "support": 122}, "win-defeat": {"precision": 0.0, "recall": 0.0, "f1-score": 0.0, "support": 7}, "micro avg": {"precision": 0.09671694764862467, "recall": 0.0937231298366294, "f1-score": 0.09519650655021833, "support": 1163}, "macro avg": {"precision": 0.04567700411446074, "recall": 0.05370706446949701, "f1-score": 0.0465077610972002, "support": 1163}, "weighted avg": {"precision": 0.08564126385805731, "recall": 0.0937231298366294, "f1-score": 0.08445063309585582, "support": 1163}, "samples avg": {"precision": 0.09671694764862467, "recall": 0.0940550133096717, "f1-score": 0.09494232475598934, "support": 1163}}