{"related-to": {"precision": 0.0, "recall": 0.0, "f1-score": 0.0, "support": 76}, "artifact": {"precision": 0.0, "recall": 0.0, "f1-score": 0.0, "support": 2}, "cause-effect": {"precision": 0.0, "recall": 0.0, "f1-score": 0.0, "support": 0}, "compare": {"precision": 0.0, "recall": 0.0, "f1-score": 0.0, "support": 6}, "general-affiliation": {"precision": 0.0, "recall": 0.0, "f1-score": 0.0, "support": 31}, "named": {"precision": 0.043824701195219126, "recall": 0.08461538461538462, "f1-score": 0.057742782152230984, "support": 130}, "opposite": {"precision": 0.0, "recall": 0.0, "f1-score": 0.0, "support": 53}, "origin": {"precision": 0.0, "recall": 0.0, "f1-score": 0.0, "support": 55}, "part-of": {"precision": 0.04285714285714286, "recall": 0.05128205128205128, "f1-score": 0.04669260700389105, "support": 117}, "physical": {"precision": 0.20578231292517007, "recall": 0.29584352078239606, "f1-score": 0.242728184553661, "support": 409}, "role": {"precision": 0.469061876247505, "recall": 0.281437125748503, "f1-score": 0.3517964071856287, "support": 835}, "social": {"precision": 0.0, "recall": 0.0, "f1-score": 0.0, "support": 21}, "temporal": {"precision": 0.148, "recall": 0.12052117263843648, "f1-score": 0.13285457809694795, "support": 307}, "topic": {"precision": 0.0, "recall": 0.0, "f1-score": 0.0, "support": 13}, "type-of": {"precision": 0.0, "recall": 0.0, "f1-score": 0.0, "support": 28}, "usage": {"precision": 0.0, "recall": 0.0, "f1-score": 0.0, "support": 0}, "win-defeat": {"precision": 0.0, "recall": 0.0, "f1-score": 0.0, "support": 41}, "micro avg": {"precision": 0.2239213544511196, "recall": 0.19303201506591336, "f1-score": 0.2073324905183312, "support": 2124}, "macro avg": {"precision": 0.053501531366178655, "recall": 0.04904113265098656, "f1-score": 0.048930268176021155, "support": 2124}, "weighted avg": {"precision": 0.2504609837677615, "recall": 0.19303201506591336, "f1-score": 0.21034923712686238, "support": 2124}, "samples avg": {"precision": 0.2239213544511196, "recall": 0.1900600764609503, "f1-score": 0.20134716912434006, "support": 2124}}