{"related-to": {"precision": 0.05357142857142857, "recall": 0.050724637681159424, "f1-score": 0.0521091811414392, "support": 414}, "artifact": {"precision": 0.08115183246073299, "recall": 0.09763779527559055, "f1-score": 0.08863473909935668, "support": 635}, "cause-effect": {"precision": 0.0, "recall": 0.0, "f1-score": 0.0, "support": 86}, "compare": {"precision": 0.0, "recall": 0.0, "f1-score": 0.0, "support": 82}, "general-affiliation": {"precision": 0.14080656185919344, "recall": 0.16626311541565778, "f1-score": 0.15247964470762398, "support": 1239}, "named": {"precision": 0.06407766990291262, "recall": 0.05913978494623656, "f1-score": 0.06150978564771668, "support": 558}, "opposite": {"precision": 0.0, "recall": 0.0, "f1-score": 0.0, "support": 128}, "origin": {"precision": 0.031578947368421054, "recall": 0.009868421052631578, "f1-score": 0.015037593984962403, "support": 304}, "part-of": {"precision": 0.08362068965517241, "recall": 0.13453536754507628, "f1-score": 0.10313662945241893, "support": 721}, "physical": {"precision": 0.1645489199491741, "recall": 0.17800687285223368, "f1-score": 0.17101353582040277, "support": 1455}, "role": {"precision": 0.23007348784624082, "recall": 0.2028913260219342, "f1-score": 0.2156291390728477, "support": 2006}, "social": {"precision": 0.0, "recall": 0.0, "f1-score": 0.0, "support": 105}, "temporal": {"precision": 0.04491725768321513, "recall": 0.04656862745098039, "f1-score": 0.0457280385078219, "support": 408}, "topic": {"precision": 0.0, "recall": 0.0, "f1-score": 0.0, "support": 170}, "type-of": {"precision": 0.048, "recall": 0.017857142857142856, "f1-score": 0.02603036876355748, "support": 336}, "usage": {"precision": 0.05263157894736842, "recall": 0.015, "f1-score": 0.023346303501945522, "support": 200}, "win-defeat": {"precision": 0.06028368794326241, "recall": 0.05362776025236593, "f1-score": 0.056761268781302165, "support": 317}, "micro avg": {"precision": 0.13071065989847716, "recall": 0.12363596682671323, "f1-score": 0.12707492148945718, "support": 9164}, "macro avg": {"precision": 0.06207423895218365, "recall": 0.06071299125594171, "f1-score": 0.05949507226361148, "support": 9164}, "weighted avg": {"precision": 0.12209207260800188, "recall": 0.12363596682671323, "f1-score": 0.1212872668081699, "support": 9164}, "samples avg": {"precision": 0.13071065989847716, "recall": 0.12244270112290419, "f1-score": 0.12519227811105982, "support": 9164}}