{"related-to": {"precision": 0.25, "recall": 0.013157894736842105, "f1-score": 0.025, "support": 76}, "artifact": {"precision": 0.0, "recall": 0.0, "f1-score": 0.0, "support": 2}, "cause-effect": {"precision": 0.0, "recall": 0.0, "f1-score": 0.0, "support": 0}, "compare": {"precision": 0.0, "recall": 0.0, "f1-score": 0.0, "support": 6}, "general-affiliation": {"precision": 0.017241379310344827, "recall": 0.03225806451612903, "f1-score": 0.02247191011235955, "support": 31}, "named": {"precision": 0.08021390374331551, "recall": 0.11538461538461539, "f1-score": 0.09463722397476342, "support": 130}, "opposite": {"precision": 0.0, "recall": 0.0, "f1-score": 0.0, "support": 53}, "origin": {"precision": 0.0, "recall": 0.0, "f1-score": 0.0, "support": 55}, "part-of": {"precision": 0.07655502392344497, "recall": 0.13675213675213677, "f1-score": 0.09815950920245399, "support": 117}, "physical": {"precision": 0.21972318339100347, "recall": 0.3105134474327628, "f1-score": 0.2573454913880446, "support": 409}, "role": {"precision": 0.45709281961471104, "recall": 0.3125748502994012, "f1-score": 0.3712660028449502, "support": 835}, "social": {"precision": 0.0, "recall": 0.0, "f1-score": 0.0, "support": 21}, "temporal": {"precision": 0.14871794871794872, "recall": 0.09446254071661238, "f1-score": 0.11553784860557768, "support": 307}, "topic": {"precision": 0.0, "recall": 0.0, "f1-score": 0.0, "support": 13}, "type-of": {"precision": 0.0, "recall": 0.0, "f1-score": 0.0, "support": 28}, "usage": {"precision": 0.0, "recall": 0.0, "f1-score": 0.0, "support": 0}, "win-defeat": {"precision": 0.0, "recall": 0.0, "f1-score": 0.0, "support": 41}, "micro avg": {"precision": 0.24576734025122884, "recall": 0.211864406779661, "f1-score": 0.22756005056890014, "support": 2124}, "macro avg": {"precision": 0.07350260345298637, "recall": 0.05971197351991175, "f1-score": 0.05790694036047938, "support": 2124}, "weighted avg": {"precision": 0.2618243524886578, "recall": 0.211864406779661, "f1-score": 0.22463072918175403, "support": 2124}, "samples avg": {"precision": 0.24576734025122884, "recall": 0.2135445111960677, "f1-score": 0.22428545421445473, "support": 2124}}