{
    "related-to": {
        "precision": 0.0,
        "recall": 0.0,
        "f1-score": 0.0,
        "support": 76
    },
    "artifact": {
        "precision": 0.15384615384615385,
        "recall": 1.0,
        "f1-score": 0.2666666666666667,
        "support": 2
    },
    "cause-effect": {
        "precision": 0.0,
        "recall": 0.0,
        "f1-score": 0.0,
        "support": 0
    },
    "compare": {
        "precision": 0.0,
        "recall": 0.0,
        "f1-score": 0.0,
        "support": 6
    },
    "general-affiliation": {
        "precision": 0.323943661971831,
        "recall": 0.7419354838709677,
        "f1-score": 0.45098039215686275,
        "support": 31
    },
    "named": {
        "precision": 0.520618556701031,
        "recall": 0.7769230769230769,
        "f1-score": 0.6234567901234569,
        "support": 130
    },
    "opposite": {
        "precision": 0.3333333333333333,
        "recall": 0.018867924528301886,
        "f1-score": 0.03571428571428571,
        "support": 53
    },
    "origin": {
        "precision": 0.2727272727272727,
        "recall": 0.05454545454545454,
        "f1-score": 0.0909090909090909,
        "support": 55
    },
    "part-of": {
        "precision": 0.18487394957983194,
        "recall": 0.18803418803418803,
        "f1-score": 0.1864406779661017,
        "support": 117
    },
    "physical": {
        "precision": 0.632183908045977,
        "recall": 0.941320293398533,
        "f1-score": 0.756385068762279,
        "support": 409
    },
    "role": {
        "precision": 0.7201907790143084,
        "recall": 0.5425149700598803,
        "f1-score": 0.6188524590163934,
        "support": 835
    },
    "social": {
        "precision": 0.0,
        "recall": 0.0,
        "f1-score": 0.0,
        "support": 21
    },
    "temporal": {
        "precision": 0.8203592814371258,
        "recall": 0.44625407166123776,
        "f1-score": 0.5780590717299579,
        "support": 307
    },
    "topic": {
        "precision": 0.5,
        "recall": 0.07692307692307693,
        "f1-score": 0.13333333333333336,
        "support": 13
    },
    "type-of": {
        "precision": 1.0,
        "recall": 0.21428571428571427,
        "f1-score": 0.35294117647058826,
        "support": 28
    },
    "usage": {
        "precision": 0.0,
        "recall": 0.0,
        "f1-score": 0.0,
        "support": 0
    },
    "win-defeat": {
        "precision": 0.0,
        "recall": 0.0,
        "f1-score": 0.0,
        "support": 41
    },
    "micro avg": {
        "precision": 0.6193336974330966,
        "recall": 0.5338983050847458,
        "f1-score": 0.5734513274336284,
        "support": 2124
    },
    "macro avg": {
        "precision": 999999,
        "recall": 999999,
        "f1-score": 0.27291593418993443,
        "support": 2124
    },
    "weighted avg": {
        "precision": 0.6019774459681778,
        "recall": 0.5338983050847458,
        "f1-score": 0.5364654625090415,
        "support": 2124
    },
    "samples avg": {
        "precision": 0.6193336974330966,
        "recall": 0.5513380666302566,
        "f1-score": 0.57400327689787,
        "support": 2124
    }
}