{
    "related-to": {
        "precision": 0.3346774193548387,
        "recall": 0.6587301587301587,
        "f1-score": 0.44385026737967914,
        "support": 126
    },
    "artifact": {
        "precision": 0.25,
        "recall": 0.2727272727272727,
        "f1-score": 0.2608695652173913,
        "support": 33
    },
    "cause-effect": {
        "precision": 0.75,
        "recall": 0.039473684210526314,
        "f1-score": 0.075,
        "support": 76
    },
    "compare": {
        "precision": 0.5116279069767442,
        "recall": 0.5641025641025641,
        "f1-score": 0.5365853658536586,
        "support": 39
    },
    "general-affiliation": {
        "precision": 0.46875,
        "recall": 0.2054794520547945,
        "f1-score": 0.28571428571428575,
        "support": 73
    },
    "named": {
        "precision": 0.4589041095890411,
        "recall": 0.6203703703703703,
        "f1-score": 0.5275590551181103,
        "support": 108
    },
    "opposite": {
        "precision": 0.0,
        "recall": 0.0,
        "f1-score": 0.0,
        "support": 5
    },
    "origin": {
        "precision": 0.2967032967032967,
        "recall": 0.2872340425531915,
        "f1-score": 0.2918918918918919,
        "support": 94
    },
    "part-of": {
        "precision": 0.1984126984126984,
        "recall": 0.2777777777777778,
        "f1-score": 0.23148148148148148,
        "support": 90
    },
    "physical": {
        "precision": 0.6261980830670927,
        "recall": 0.875,
        "f1-score": 0.7299813780260708,
        "support": 224
    },
    "role": {
        "precision": 0.3763440860215054,
        "recall": 0.36713286713286714,
        "f1-score": 0.3716814159292035,
        "support": 286
    },
    "social": {
        "precision": 0.0,
        "recall": 0.0,
        "f1-score": 0.0,
        "support": 14
    },
    "temporal": {
        "precision": 0.0,
        "recall": 0.0,
        "f1-score": 0.0,
        "support": 26
    },
    "topic": {
        "precision": 0.8857142857142857,
        "recall": 0.4696969696969697,
        "f1-score": 0.6138613861386139,
        "support": 66
    },
    "type-of": {
        "precision": 0.8,
        "recall": 0.03418803418803419,
        "f1-score": 0.06557377049180328,
        "support": 117
    },
    "usage": {
        "precision": 0.0,
        "recall": 0.0,
        "f1-score": 0.0,
        "support": 24
    },
    "win-defeat": {
        "precision": 0.8064516129032258,
        "recall": 0.5681818181818182,
        "f1-score": 0.6666666666666667,
        "support": 44
    },
    "micro avg": {
        "precision": 0.4396551724137931,
        "recall": 0.4235294117647059,
        "f1-score": 0.4314416637292915,
        "support": 1445
    },
    "macro avg": {
        "precision": 999999,
        "recall": 999999,
        "f1-score": 0.3000421488181681,
        "support": 1445
    },
    "weighted avg": {
        "precision": 0.47913099157628786,
        "recall": 0.4235294117647059,
        "f1-score": 0.3907282907896132,
        "support": 1445
    },
    "samples avg": {
        "precision": 0.4396551724137931,
        "recall": 0.4213362068965517,
        "f1-score": 0.4274425287356322,
        "support": 1445
    }
}