{"related-to": {"precision": 0.018867924528301886, "recall": 0.013888888888888888, "f1-score": 0.015999999999999997, "support": 72}, "artifact": {"precision": 0.20212765957446807, "recall": 0.31666666666666665, "f1-score": 0.24675324675324672, "support": 300}, "cause-effect": {"precision": 0.0, "recall": 0.0, "f1-score": 0.0, "support": 1}, "compare": {"precision": 0.0, "recall": 0.0, "f1-score": 0.0, "support": 8}, "general-affiliation": {"precision": 0.2916666666666667, "recall": 0.06402439024390244, "f1-score": 0.10500000000000001, "support": 328}, "named": {"precision": 0.03225806451612903, "recall": 0.02127659574468085, "f1-score": 0.02564102564102564, "support": 94}, "opposite": {"precision": 0.0, "recall": 0.0, "f1-score": 0.0, "support": 14}, "origin": {"precision": 0.0, "recall": 0.0, "f1-score": 0.0, "support": 47}, "part-of": {"precision": 0.07317073170731707, "recall": 0.09375, "f1-score": 0.08219178082191779, "support": 96}, "physical": {"precision": 0.102803738317757, "recall": 0.12643678160919541, "f1-score": 0.1134020618556701, "support": 174}, "role": {"precision": 0.1661721068249258, "recall": 0.22134387351778656, "f1-score": 0.18983050847457625, "support": 253}, "social": {"precision": 0.0, "recall": 0.0, "f1-score": 0.0, "support": 47}, "temporal": {"precision": 0.0, "recall": 0.0, "f1-score": 0.0, "support": 29}, "topic": {"precision": 0.0, "recall": 0.0, "f1-score": 0.0, "support": 42}, "type-of": {"precision": 0.0, "recall": 0.0, "f1-score": 0.0, "support": 18}, "usage": {"precision": 0.0, "recall": 0.0, "f1-score": 0.0, "support": 2}, "win-defeat": {"precision": 0.07, "recall": 0.07216494845360824, "f1-score": 0.07106598984771573, "support": 97}, "micro avg": {"precision": 0.1339622641509434, "recall": 0.1313193588162762, "f1-score": 0.13262764632627647, "support": 1622}, "macro avg": {"precision": 0.056298052478562684, "recall": 0.05467953794851347, "f1-score": 0.04999321255259719, "support": 1622}, "weighted avg": {"precision": 0.14453729772346446, "recall": 0.1313193588162762, "f1-score": 0.1199575337961266, "support": 1622}, "samples avg": {"precision": 0.1339622641509434, "recall": 0.13071278825995808, "f1-score": 0.13176100628930817, "support": 1622}}