{
    "related-to": {
        "precision": 0.07692307692307693,
        "recall": 0.041666666666666664,
        "f1-score": 0.05405405405405406,
        "support": 72
    },
    "artifact": {
        "precision": 0.6365795724465558,
        "recall": 0.8933333333333333,
        "f1-score": 0.7434119278779472,
        "support": 300
    },
    "cause-effect": {
        "precision": 0.0,
        "recall": 0.0,
        "f1-score": 0.0,
        "support": 1
    },
    "compare": {
        "precision": 0.0,
        "recall": 0.0,
        "f1-score": 0.0,
        "support": 8
    },
    "general-affiliation": {
        "precision": 0.7558139534883721,
        "recall": 0.39634146341463417,
        "f1-score": 0.52,
        "support": 328
    },
    "named": {
        "precision": 0.6326530612244898,
        "recall": 0.32978723404255317,
        "f1-score": 0.43356643356643354,
        "support": 94
    },
    "opposite": {
        "precision": 0.0,
        "recall": 0.0,
        "f1-score": 0.0,
        "support": 14
    },
    "origin": {
        "precision": 0.3055555555555556,
        "recall": 0.23404255319148937,
        "f1-score": 0.26506024096385544,
        "support": 47
    },
    "part-of": {
        "precision": 0.03488372093023256,
        "recall": 0.03125,
        "f1-score": 0.03296703296703296,
        "support": 96
    },
    "physical": {
        "precision": 0.7611940298507462,
        "recall": 0.8793103448275862,
        "f1-score": 0.8160000000000001,
        "support": 174
    },
    "role": {
        "precision": 0.4396355353075171,
        "recall": 0.7628458498023716,
        "f1-score": 0.5578034682080926,
        "support": 253
    },
    "social": {
        "precision": 0.0,
        "recall": 0.0,
        "f1-score": 0.0,
        "support": 47
    },
    "temporal": {
        "precision": 0.5454545454545454,
        "recall": 0.8275862068965517,
        "f1-score": 0.6575342465753425,
        "support": 29
    },
    "topic": {
        "precision": 0.0,
        "recall": 0.0,
        "f1-score": 0.0,
        "support": 42
    },
    "type-of": {
        "precision": 1.0,
        "recall": 0.3333333333333333,
        "f1-score": 0.5,
        "support": 18
    },
    "usage": {
        "precision": 0.0,
        "recall": 0.0,
        "f1-score": 0.0,
        "support": 2
    },
    "win-defeat": {
        "precision": 0.6494845360824743,
        "recall": 0.6494845360824743,
        "f1-score": 0.6494845360824743,
        "support": 97
    },
    "micro avg": {
        "precision": 0.5566037735849056,
        "recall": 0.5456226880394575,
        "f1-score": 0.5510585305105853,
        "support": 1622
    },
    "macro avg": {
        "precision": 999999,
        "recall": 999999,
        "f1-score": 0.3076401141350137,
        "support": 1622
    },
    "weighted avg": {
        "precision": 0.5314996174704953,
        "recall": 0.5456226880394575,
        "f1-score": 0.5104994772552339,
        "support": 1622
    },
    "samples avg": {
        "precision": 0.5566037735849056,
        "recall": 0.55,
        "f1-score": 0.5522012578616352,
        "support": 1622
    }
}