{"related-to": {"precision": 0.0, "recall": 0.0, "f1-score": 0.0, "support": 6}, "artifact": {"precision": 0.0, "recall": 0.0, "f1-score": 0.0, "support": 0}, "cause-effect": {"precision": 0.0, "recall": 0.0, "f1-score": 0.0, "support": 0}, "compare": {"precision": 0.0, "recall": 0.0, "f1-score": 0.0, "support": 0}, "general-affiliation": {"precision": 0.09090909090909091, "recall": 0.1, "f1-score": 0.09523809523809525, "support": 10}, "named": {"precision": 0.0, "recall": 0.0, "f1-score": 0.0, "support": 4}, "opposite": {"precision": 0.0, "recall": 0.0, "f1-score": 0.0, "support": 39}, "origin": {"precision": 0.0, "recall": 0.0, "f1-score": 0.0, "support": 0}, "part-of": {"precision": 0.0, "recall": 0.0, "f1-score": 0.0, "support": 28}, "physical": {"precision": 0.3432203389830508, "recall": 0.627906976744186, "f1-score": 0.4438356164383562, "support": 129}, "role": {"precision": 0.2872340425531915, "recall": 0.1875, "f1-score": 0.226890756302521, "support": 144}, "social": {"precision": 0.0, "recall": 0.0, "f1-score": 0.0, "support": 0}, "temporal": {"precision": 0.0, "recall": 0.0, "f1-score": 0.0, "support": 1}, "topic": {"precision": 0.0, "recall": 0.0, "f1-score": 0.0, "support": 0}, "type-of": {"precision": 0.0, "recall": 0.0, "f1-score": 0.0, "support": 0}, "usage": {"precision": 0.0, "recall": 0.0, "f1-score": 0.0, "support": 0}, "win-defeat": {"precision": 0.0, "recall": 0.0, "f1-score": 0.0, "support": 35}, "micro avg": {"precision": 0.27525252525252525, "recall": 0.27525252525252525, "f1-score": 0.27525252525252525, "support": 396}, "macro avg": {"precision": 0.042433145437960784, "recall": 0.05384746922024624, "f1-score": 0.045056733410527794, "support": 396}, "weighted avg": {"precision": 0.21855105243829304, "recall": 0.27525252525252525, "f1-score": 0.22949354641538364, "support": 396}, "samples avg": {"precision": 0.27525252525252525, "recall": 0.27525252525252525, "f1-score": 0.27525252525252525, "support": 396}}