{"related-to": {"precision": 0.125, "recall": 0.16666666666666666, "f1-score": 0.14285714285714288, "support": 6}, "artifact": {"precision": 0.0, "recall": 0.0, "f1-score": 0.0, "support": 0}, "cause-effect": {"precision": 0.0, "recall": 0.0, "f1-score": 0.0, "support": 0}, "compare": {"precision": 0.0, "recall": 0.0, "f1-score": 0.0, "support": 0}, "general-affiliation": {"precision": 0.0, "recall": 0.0, "f1-score": 0.0, "support": 10}, "named": {"precision": 0.0, "recall": 0.0, "f1-score": 0.0, "support": 4}, "opposite": {"precision": 0.0, "recall": 0.0, "f1-score": 0.0, "support": 39}, "origin": {"precision": 0.0, "recall": 0.0, "f1-score": 0.0, "support": 0}, "part-of": {"precision": 0.0625, "recall": 0.03571428571428571, "f1-score": 0.045454545454545456, "support": 28}, "physical": {"precision": 0.31555555555555553, "recall": 0.5503875968992248, "f1-score": 0.4011299435028249, "support": 129}, "role": {"precision": 0.31868131868131866, "recall": 0.2013888888888889, "f1-score": 0.2468085106382979, "support": 144}, "social": {"precision": 0.0, "recall": 0.0, "f1-score": 0.0, "support": 0}, "temporal": {"precision": 0.0, "recall": 0.0, "f1-score": 0.0, "support": 1}, "topic": {"precision": 0.0, "recall": 0.0, "f1-score": 0.0, "support": 0}, "type-of": {"precision": 0.0, "recall": 0.0, "f1-score": 0.0, "support": 0}, "usage": {"precision": 0.0, "recall": 0.0, "f1-score": 0.0, "support": 0}, "win-defeat": {"precision": 0.0, "recall": 0.0, "f1-score": 0.0, "support": 35}, "micro avg": {"precision": 0.25757575757575757, "recall": 0.25757575757575757, "f1-score": 0.25757575757575757, "support": 396}, "macro avg": {"precision": 0.04833746319040437, "recall": 0.05612690812759212, "f1-score": 0.04919118485016536, "support": 396}, "weighted avg": {"precision": 0.22499185999185997, "recall": 0.25757575757575757, "f1-score": 0.22579812720618544, "support": 396}, "samples avg": {"precision": 0.25757575757575757, "recall": 0.25757575757575757, "f1-score": 0.25757575757575757, "support": 396}}