{
    "related-to": {
        "precision": 0.1,
        "recall": 0.3333333333333333,
        "f1-score": 0.15384615384615383,
        "support": 6
    },
    "artifact": {
        "precision": 0.0,
        "recall": 0.0,
        "f1-score": 0.0,
        "support": 0
    },
    "cause-effect": {
        "precision": 0.0,
        "recall": 0.0,
        "f1-score": 0.0,
        "support": 0
    },
    "compare": {
        "precision": 0.0,
        "recall": 0.0,
        "f1-score": 0.0,
        "support": 0
    },
    "general-affiliation": {
        "precision": 0.26666666666666666,
        "recall": 0.4,
        "f1-score": 0.32,
        "support": 10
    },
    "named": {
        "precision": 0.375,
        "recall": 0.75,
        "f1-score": 0.5,
        "support": 4
    },
    "opposite": {
        "precision": 0.5,
        "recall": 0.02564102564102564,
        "f1-score": 0.048780487804878044,
        "support": 39
    },
    "origin": {
        "precision": 0.0,
        "recall": 0.0,
        "f1-score": 0.0,
        "support": 0
    },
    "part-of": {
        "precision": 0.45454545454545453,
        "recall": 0.17857142857142858,
        "f1-score": 0.25641025641025644,
        "support": 28
    },
    "physical": {
        "precision": 0.512396694214876,
        "recall": 0.9612403100775194,
        "f1-score": 0.6684636118598383,
        "support": 129
    },
    "role": {
        "precision": 0.5730337078651685,
        "recall": 0.3541666666666667,
        "f1-score": 0.43776824034334766,
        "support": 144
    },
    "social": {
        "precision": 0.0,
        "recall": 0.0,
        "f1-score": 0.0,
        "support": 0
    },
    "temporal": {
        "precision": 0.2,
        "recall": 1.0,
        "f1-score": 0.33333333333333337,
        "support": 1
    },
    "topic": {
        "precision": 0.0,
        "recall": 0.0,
        "f1-score": 0.0,
        "support": 0
    },
    "type-of": {
        "precision": 0.0,
        "recall": 0.0,
        "f1-score": 0.0,
        "support": 0
    },
    "usage": {
        "precision": 0.0,
        "recall": 0.0,
        "f1-score": 0.0,
        "support": 0
    },
    "win-defeat": {
        "precision": 0.0,
        "recall": 0.0,
        "f1-score": 0.0,
        "support": 35
    },
    "micro avg": {
        "precision": 0.4823232323232323,
        "recall": 0.4823232323232323,
        "f1-score": 0.4823232323232323,
        "support": 396
    },
    "macro avg": {
        "precision": 999999,
        "recall": 999999,
        "f1-score": 0.3020668981775342,
        "support": 396
    },
    "weighted avg": {
        "precision": 0.4692170880814208,
        "recall": 0.4823232323232323,
        "f1-score": 0.41618376010012337,
        "support": 396
    },
    "samples avg": {
        "precision": 0.4823232323232323,
        "recall": 0.4823232323232323,
        "f1-score": 0.4823232323232323,
        "support": 396
    }
}