{
    "related-to": {
        "precision": 0.0,
        "recall": 0.0,
        "f1-score": 0.0,
        "support": 26
    },
    "artifact": {
        "precision": 0.788961038961039,
        "recall": 0.9382239382239382,
        "f1-score": 0.8571428571428572,
        "support": 259
    },
    "cause-effect": {
        "precision": 0.0,
        "recall": 0.0,
        "f1-score": 0.0,
        "support": 4
    },
    "compare": {
        "precision": 0.0,
        "recall": 0.0,
        "f1-score": 0.0,
        "support": 5
    },
    "general-affiliation": {
        "precision": 0.7568157033805889,
        "recall": 0.961218836565097,
        "f1-score": 0.8468578401464308,
        "support": 722
    },
    "named": {
        "precision": 1.0,
        "recall": 0.04819277108433735,
        "f1-score": 0.09195402298850576,
        "support": 83
    },
    "opposite": {
        "precision": 0.0,
        "recall": 0.0,
        "f1-score": 0.0,
        "support": 6
    },
    "origin": {
        "precision": 0.25,
        "recall": 0.21052631578947367,
        "f1-score": 0.22857142857142856,
        "support": 19
    },
    "part-of": {
        "precision": 0.3941176470588235,
        "recall": 0.3806818181818182,
        "f1-score": 0.3872832369942196,
        "support": 176
    },
    "physical": {
        "precision": 0.844097995545657,
        "recall": 0.9088729016786571,
        "f1-score": 0.8752886836027715,
        "support": 417
    },
    "role": {
        "precision": 0.7480314960629921,
        "recall": 0.5013192612137203,
        "f1-score": 0.6003159557661927,
        "support": 379
    },
    "social": {
        "precision": 0.0,
        "recall": 0.0,
        "f1-score": 0.0,
        "support": 22
    },
    "temporal": {
        "precision": 0.2857142857142857,
        "recall": 0.16666666666666666,
        "f1-score": 0.2105263157894737,
        "support": 24
    },
    "topic": {
        "precision": 0.0,
        "recall": 0.0,
        "f1-score": 0.0,
        "support": 8
    },
    "type-of": {
        "precision": 0.9710144927536232,
        "recall": 0.5630252100840336,
        "f1-score": 0.7127659574468084,
        "support": 119
    },
    "usage": {
        "precision": 0.9473684210526315,
        "recall": 0.34615384615384615,
        "f1-score": 0.5070422535211268,
        "support": 52
    },
    "win-defeat": {
        "precision": 0.6605504587155964,
        "recall": 0.7741935483870968,
        "f1-score": 0.7128712871287128,
        "support": 93
    },
    "micro avg": {
        "precision": 0.7469982847341338,
        "recall": 0.7216238608119304,
        "f1-score": 0.7340918668352296,
        "support": 2414
    },
    "macro avg": {
        "precision": 999999,
        "recall": 999999,
        "f1-score": 0.354742343476384,
        "support": 2414
    },
    "weighted avg": {
        "precision": 0.7359037166588948,
        "recall": 0.7216238608119304,
        "f1-score": 0.6995105165892868,
        "support": 2414
    },
    "samples avg": {
        "precision": 0.7469982847341338,
        "recall": 0.7324899942824471,
        "f1-score": 0.7372784448256147,
        "support": 2414
    }
}