{"related-to": {"precision": 0.0, "recall": 0.0, "f1-score": 0.0, "support": 76}, "artifact": {"precision": 0.0, "recall": 0.0, "f1-score": 0.0, "support": 2}, "cause-effect": {"precision": 0.0, "recall": 0.0, "f1-score": 0.0, "support": 0}, "compare": {"precision": 0.0, "recall": 0.0, "f1-score": 0.0, "support": 6}, "general-affiliation": {"precision": 0.014084507042253521, "recall": 0.03225806451612903, "f1-score": 0.0196078431372549, "support": 31}, "named": {"precision": 0.07751937984496124, "recall": 0.07692307692307693, "f1-score": 0.07722007722007722, "support": 130}, "opposite": {"precision": 0.0, "recall": 0.0, "f1-score": 0.0, "support": 53}, "origin": {"precision": 0.0, "recall": 0.0, "f1-score": 0.0, "support": 55}, "part-of": {"precision": 0.07766990291262135, "recall": 0.13675213675213677, "f1-score": 0.09907120743034056, "support": 117}, "physical": {"precision": 0.25806451612903225, "recall": 0.35207823960880197, "f1-score": 0.29782833505687695, "support": 409}, "role": {"precision": 0.49924357034795763, "recall": 0.39520958083832336, "f1-score": 0.4411764705882353, "support": 835}, "social": {"precision": 0.0, "recall": 0.0, "f1-score": 0.0, "support": 21}, "temporal": {"precision": 0.14556962025316456, "recall": 0.0749185667752443, "f1-score": 0.09892473118279571, "support": 307}, "topic": {"precision": 0.0, "recall": 0.0, "f1-score": 0.0, "support": 13}, "type-of": {"precision": 0.0, "recall": 0.0, "f1-score": 0.0, "support": 28}, "usage": {"precision": 0.0, "recall": 0.0, "f1-score": 0.0, "support": 0}, "win-defeat": {"precision": 0.0, "recall": 0.0, "f1-score": 0.0, "support": 41}, "micro avg": {"precision": 0.2861824139814309, "recall": 0.24670433145009416, "f1-score": 0.2649810366624526, "support": 2124}, "macro avg": {"precision": 0.06306773508999944, "recall": 0.06283174502433601, "f1-score": 0.060813450859740034, "support": 2124}, "weighted avg": {"precision": 0.2762279470310602, "recall": 0.24670433145009416, "f1-score": 0.25555641191043893, "support": 2124}, "samples avg": {"precision": 0.2861824139814309, "recall": 0.2490442381212452, "f1-score": 0.2614236300746404, "support": 2124}}