{
    "related-to": {
        "precision": 0.058823529411764705,
        "recall": 0.013157894736842105,
        "f1-score": 0.02150537634408602,
        "support": 76
    },
    "artifact": {
        "precision": 0.25,
        "recall": 1.0,
        "f1-score": 0.4,
        "support": 2
    },
    "cause-effect": {
        "precision": 0.0,
        "recall": 0.0,
        "f1-score": 0.0,
        "support": 0
    },
    "compare": {
        "precision": 0.0,
        "recall": 0.0,
        "f1-score": 0.0,
        "support": 6
    },
    "general-affiliation": {
        "precision": 0.29577464788732394,
        "recall": 0.6774193548387096,
        "f1-score": 0.411764705882353,
        "support": 31
    },
    "named": {
        "precision": 0.6273291925465838,
        "recall": 0.7769230769230769,
        "f1-score": 0.6941580756013745,
        "support": 130
    },
    "opposite": {
        "precision": 0.5,
        "recall": 0.05660377358490566,
        "f1-score": 0.1016949152542373,
        "support": 53
    },
    "origin": {
        "precision": 0.3181818181818182,
        "recall": 0.12727272727272726,
        "f1-score": 0.18181818181818182,
        "support": 55
    },
    "part-of": {
        "precision": 0.2087378640776699,
        "recall": 0.36752136752136755,
        "f1-score": 0.2662538699690402,
        "support": 117
    },
    "physical": {
        "precision": 0.6900369003690037,
        "recall": 0.9144254278728606,
        "f1-score": 0.786540483701367,
        "support": 409
    },
    "role": {
        "precision": 0.7162162162162162,
        "recall": 0.5077844311377245,
        "f1-score": 0.5942536790469516,
        "support": 835
    },
    "social": {
        "precision": 1.0,
        "recall": 0.09523809523809523,
        "f1-score": 0.17391304347826084,
        "support": 21
    },
    "temporal": {
        "precision": 0.8256410256410256,
        "recall": 0.5244299674267101,
        "f1-score": 0.6414342629482072,
        "support": 307
    },
    "topic": {
        "precision": 0.0,
        "recall": 0.0,
        "f1-score": 0.0,
        "support": 13
    },
    "type-of": {
        "precision": 1.0,
        "recall": 0.25,
        "f1-score": 0.4,
        "support": 28
    },
    "usage": {
        "precision": 0.0,
        "recall": 0.0,
        "f1-score": 0.0,
        "support": 0
    },
    "win-defeat": {
        "precision": 1.0,
        "recall": 0.024390243902439025,
        "f1-score": 0.047619047619047616,
        "support": 41
    },
    "micro avg": {
        "precision": 0.6264336428181322,
        "recall": 0.5400188323917138,
        "f1-score": 0.5800252844500632,
        "support": 2124
    },
    "macro avg": {
        "precision": 999999,
        "recall": 999999,
        "f1-score": 0.31473037611087384,
        "support": 2124
    },
    "weighted avg": {
        "precision": 0.6534143856455755,
        "recall": 0.5400188323917138,
        "f1-score": 0.5572518601864982,
        "support": 2124
    },
    "samples avg": {
        "precision": 0.6264336428181322,
        "recall": 0.5674494811578372,
        "f1-score": 0.5871108683779356,
        "support": 2124
    }
}