{"related-to": {"precision": 0.0, "recall": 0.0, "f1-score": 0.0, "support": 6}, "artifact": {"precision": 0.0, "recall": 0.0, "f1-score": 0.0, "support": 0}, "cause-effect": {"precision": 0.0, "recall": 0.0, "f1-score": 0.0, "support": 0}, "compare": {"precision": 0.0, "recall": 0.0, "f1-score": 0.0, "support": 0}, "general-affiliation": {"precision": 0.0, "recall": 0.0, "f1-score": 0.0, "support": 10}, "named": {"precision": 0.0, "recall": 0.0, "f1-score": 0.0, "support": 4}, "opposite": {"precision": 0.0, "recall": 0.0, "f1-score": 0.0, "support": 39}, "origin": {"precision": 0.0, "recall": 0.0, "f1-score": 0.0, "support": 0}, "part-of": {"precision": 0.0, "recall": 0.0, "f1-score": 0.0, "support": 28}, "physical": {"precision": 0.33189655172413796, "recall": 0.5968992248062015, "f1-score": 0.42659279778393355, "support": 129}, "role": {"precision": 0.3611111111111111, "recall": 0.2708333333333333, "f1-score": 0.3095238095238095, "support": 144}, "social": {"precision": 0.0, "recall": 0.0, "f1-score": 0.0, "support": 0}, "temporal": {"precision": 0.0, "recall": 0.0, "f1-score": 0.0, "support": 1}, "topic": {"precision": 0.0, "recall": 0.0, "f1-score": 0.0, "support": 0}, "type-of": {"precision": 0.0, "recall": 0.0, "f1-score": 0.0, "support": 0}, "usage": {"precision": 0.0, "recall": 0.0, "f1-score": 0.0, "support": 0}, "win-defeat": {"precision": 0.16666666666666666, "recall": 0.02857142857142857, "f1-score": 0.048780487804878044, "support": 35}, "micro avg": {"precision": 0.29545454545454547, "recall": 0.29545454545454547, "f1-score": 0.29545454545454547, "support": 396}, "macro avg": {"precision": 0.050569078205995044, "recall": 0.05272376392417431, "f1-score": 0.046170417359565945, "support": 396}, "weighted avg": {"precision": 0.25416158713572506, "recall": 0.29545454545454547, "f1-score": 0.25583135494627957, "support": 396}, "samples avg": {"precision": 0.29545454545454547, "recall": 0.29545454545454547, "f1-score": 0.29545454545454547, "support": 396}}