{"related-to": {"precision": 0.03333333333333333, "recall": 0.038461538461538464, "f1-score": 0.03571428571428572, "support": 26}, "artifact": {"precision": 0.10599078341013825, "recall": 0.0888030888030888, "f1-score": 0.09663865546218488, "support": 259}, "cause-effect": {"precision": 0.0, "recall": 0.0, "f1-score": 0.0, "support": 4}, "compare": {"precision": 0.0, "recall": 0.0, "f1-score": 0.0, "support": 5}, "general-affiliation": {"precision": 0.29015544041450775, "recall": 0.31024930747922436, "f1-score": 0.29986613119143235, "support": 722}, "named": {"precision": 0.0, "recall": 0.0, "f1-score": 0.0, "support": 83}, "opposite": {"precision": 0.0, "recall": 0.0, "f1-score": 0.0, "support": 6}, "origin": {"precision": 0.0, "recall": 0.0, "f1-score": 0.0, "support": 19}, "part-of": {"precision": 0.05172413793103448, "recall": 0.017045454545454544, "f1-score": 0.025641025641025637, "support": 176}, "physical": {"precision": 0.1972972972972973, "recall": 0.1750599520383693, "f1-score": 0.18551461245235068, "support": 417}, "role": {"precision": 0.1537313432835821, "recall": 0.2717678100263852, "f1-score": 0.1963775023832221, "support": 379}, "social": {"precision": 0.0, "recall": 0.0, "f1-score": 0.0, "support": 22}, "temporal": {"precision": 0.0, "recall": 0.0, "f1-score": 0.0, "support": 24}, "topic": {"precision": 0.0, "recall": 0.0, "f1-score": 0.0, "support": 8}, "type-of": {"precision": 0.05660377358490566, "recall": 0.025210084033613446, "f1-score": 0.03488372093023256, "support": 119}, "usage": {"precision": 0.0, "recall": 0.0, "f1-score": 0.0, "support": 52}, "win-defeat": {"precision": 0.0, "recall": 0.0, "f1-score": 0.0, "support": 93}, "micro avg": {"precision": 0.1843910806174957, "recall": 0.17812758906379453, "f1-score": 0.18120522545301307, "support": 2414}, "macro avg": {"precision": 0.05228447701498817, "recall": 0.054505719728686716, "f1-score": 0.05144917257498435, "support": 2414}, "weighted avg": {"precision": 0.1632920285663146, "recall": 0.17812758906379453, "f1-score": 0.16690637117352156, "support": 2414}, "samples avg": {"precision": 0.1843910806174957, "recall": 0.17995997712978845, "f1-score": 0.1813893653516295, "support": 2414}}