{"related-to": {"precision": 0.0, "recall": 0.0, "f1-score": 0.0, "support": 76}, "artifact": {"precision": 0.0, "recall": 0.0, "f1-score": 0.0, "support": 2}, "cause-effect": {"precision": 0.0, "recall": 0.0, "f1-score": 0.0, "support": 0}, "compare": {"precision": 0.0, "recall": 0.0, "f1-score": 0.0, "support": 6}, "general-affiliation": {"precision": 0.015748031496062992, "recall": 0.06451612903225806, "f1-score": 0.02531645569620253, "support": 31}, "named": {"precision": 0.07425742574257425, "recall": 0.11538461538461539, "f1-score": 0.09036144578313253, "support": 130}, "opposite": {"precision": 0.14285714285714285, "recall": 0.018867924528301886, "f1-score": 0.03333333333333333, "support": 53}, "origin": {"precision": 0.03333333333333333, "recall": 0.01818181818181818, "f1-score": 0.023529411764705882, "support": 55}, "part-of": {"precision": 0.0625, "recall": 0.05128205128205128, "f1-score": 0.056338028169014086, "support": 117}, "physical": {"precision": 0.21453900709219859, "recall": 0.29584352078239606, "f1-score": 0.24871531346351494, "support": 409}, "role": {"precision": 0.46306306306306305, "recall": 0.3077844311377245, "f1-score": 0.3697841726618705, "support": 835}, "social": {"precision": 0.0, "recall": 0.0, "f1-score": 0.0, "support": 21}, "temporal": {"precision": 0.18137254901960784, "recall": 0.12052117263843648, "f1-score": 0.1448140900195695, "support": 307}, "topic": {"precision": 0.0, "recall": 0.0, "f1-score": 0.0, "support": 13}, "type-of": {"precision": 0.0, "recall": 0.0, "f1-score": 0.0, "support": 28}, "usage": {"precision": 0.0, "recall": 0.0, "f1-score": 0.0, "support": 0}, "win-defeat": {"precision": 0.0, "recall": 0.0, "f1-score": 0.0, "support": 41}, "micro avg": {"precision": 0.24030584380120154, "recall": 0.2071563088512241, "f1-score": 0.2225031605562579, "support": 2124}, "macro avg": {"precision": 0.06986297368258722, "recall": 0.0583753919392707, "f1-score": 0.05836425005243196, "support": 2124}, "weighted avg": {"precision": 0.26221487774720387, "recall": 0.2071563088512241, "f1-score": 0.22464049185646753, "support": 2124}, "samples avg": {"precision": 0.24030584380120154, "recall": 0.2058984161660295, "f1-score": 0.21736755871108684, "support": 2124}}