{
    "related-to": {
        "precision": 0.0,
        "recall": 0.0,
        "f1-score": 0.0,
        "support": 76
    },
    "artifact": {
        "precision": 1.0,
        "recall": 1.0,
        "f1-score": 1.0,
        "support": 2
    },
    "cause-effect": {
        "precision": 0.0,
        "recall": 0.0,
        "f1-score": 0.0,
        "support": 0
    },
    "compare": {
        "precision": 0.0,
        "recall": 0.0,
        "f1-score": 0.0,
        "support": 6
    },
    "general-affiliation": {
        "precision": 0.17886178861788618,
        "recall": 0.7096774193548387,
        "f1-score": 0.28571428571428575,
        "support": 31
    },
    "named": {
        "precision": 0.631578947368421,
        "recall": 0.7384615384615385,
        "f1-score": 0.6808510638297872,
        "support": 130
    },
    "opposite": {
        "precision": 0.5,
        "recall": 0.05660377358490566,
        "f1-score": 0.1016949152542373,
        "support": 53
    },
    "origin": {
        "precision": 0.26666666666666666,
        "recall": 0.14545454545454545,
        "f1-score": 0.18823529411764706,
        "support": 55
    },
    "part-of": {
        "precision": 0.3770491803278688,
        "recall": 0.19658119658119658,
        "f1-score": 0.2584269662921348,
        "support": 117
    },
    "physical": {
        "precision": 0.6485568760611206,
        "recall": 0.9339853300733496,
        "f1-score": 0.7655310621242485,
        "support": 409
    },
    "role": {
        "precision": 0.7195121951219512,
        "recall": 0.5652694610778443,
        "f1-score": 0.6331321260898725,
        "support": 835
    },
    "social": {
        "precision": 0.5,
        "recall": 0.047619047619047616,
        "f1-score": 0.08695652173913042,
        "support": 21
    },
    "temporal": {
        "precision": 0.8418367346938775,
        "recall": 0.5374592833876222,
        "f1-score": 0.6560636182902585,
        "support": 307
    },
    "topic": {
        "precision": 0.0,
        "recall": 0.0,
        "f1-score": 0.0,
        "support": 13
    },
    "type-of": {
        "precision": 0.8571428571428571,
        "recall": 0.21428571428571427,
        "f1-score": 0.34285714285714286,
        "support": 28
    },
    "usage": {
        "precision": 0.0,
        "recall": 0.0,
        "f1-score": 0.0,
        "support": 0
    },
    "win-defeat": {
        "precision": 0.0,
        "recall": 0.0,
        "f1-score": 0.0,
        "support": 41
    },
    "micro avg": {
        "precision": 0.6444565811032222,
        "recall": 0.5555555555555556,
        "f1-score": 0.5967130214917826,
        "support": 2124
    },
    "macro avg": {
        "precision": 999999,
        "recall": 999999,
        "f1-score": 0.3332975330872497,
        "support": 2124
    },
    "weighted avg": {
        "precision": 0.6280262345371584,
        "recall": 0.5555555555555556,
        "f1-score": 0.5649489902832544,
        "support": 2124
    },
    "samples avg": {
        "precision": 0.6444565811032222,
        "recall": 0.5729109776078646,
        "f1-score": 0.5967595121063172,
        "support": 2124
    }
}