{
    "related-to": {
        "precision": 0.16666666666666666,
        "recall": 0.013157894736842105,
        "f1-score": 0.024390243902439022,
        "support": 76
    },
    "artifact": {
        "precision": 0.6666666666666666,
        "recall": 1.0,
        "f1-score": 0.8,
        "support": 2
    },
    "cause-effect": {
        "precision": 0.0,
        "recall": 0.0,
        "f1-score": 0.0,
        "support": 0
    },
    "compare": {
        "precision": 0.0,
        "recall": 0.0,
        "f1-score": 0.0,
        "support": 6
    },
    "general-affiliation": {
        "precision": 0.2288135593220339,
        "recall": 0.8709677419354839,
        "f1-score": 0.36241610738255037,
        "support": 31
    },
    "named": {
        "precision": 0.6879432624113475,
        "recall": 0.7461538461538462,
        "f1-score": 0.7158671586715868,
        "support": 130
    },
    "opposite": {
        "precision": 0.36363636363636365,
        "recall": 0.07547169811320754,
        "f1-score": 0.125,
        "support": 53
    },
    "origin": {
        "precision": 0.41379310344827586,
        "recall": 0.21818181818181817,
        "f1-score": 0.2857142857142857,
        "support": 55
    },
    "part-of": {
        "precision": 0.32558139534883723,
        "recall": 0.23931623931623933,
        "f1-score": 0.27586206896551724,
        "support": 117
    },
    "physical": {
        "precision": 0.652991452991453,
        "recall": 0.9339853300733496,
        "f1-score": 0.7686116700201207,
        "support": 409
    },
    "role": {
        "precision": 0.7484662576687117,
        "recall": 0.5844311377245509,
        "f1-score": 0.65635507733692,
        "support": 835
    },
    "social": {
        "precision": 0.75,
        "recall": 0.14285714285714285,
        "f1-score": 0.24,
        "support": 21
    },
    "temporal": {
        "precision": 0.824468085106383,
        "recall": 0.504885993485342,
        "f1-score": 0.6262626262626263,
        "support": 307
    },
    "topic": {
        "precision": 0.0,
        "recall": 0.0,
        "f1-score": 0.0,
        "support": 13
    },
    "type-of": {
        "precision": 0.8571428571428571,
        "recall": 0.21428571428571427,
        "f1-score": 0.34285714285714286,
        "support": 28
    },
    "usage": {
        "precision": 0.0,
        "recall": 0.0,
        "f1-score": 0.0,
        "support": 0
    },
    "win-defeat": {
        "precision": 0.0,
        "recall": 0.0,
        "f1-score": 0.0,
        "support": 41
    },
    "micro avg": {
        "precision": 0.6581103222282906,
        "recall": 0.5673258003766478,
        "f1-score": 0.6093552465233881,
        "support": 2124
    },
    "macro avg": {
        "precision": 999999,
        "recall": 999999,
        "f1-score": 0.34822242540754594,
        "support": 2124
    },
    "weighted avg": {
        "precision": 0.647624645586249,
        "recall": 0.5673258003766478,
        "f1-score": 0.5798906427274886,
        "support": 2124
    },
    "samples avg": {
        "precision": 0.6581103222282906,
        "recall": 0.5862916439104314,
        "f1-score": 0.6102312033497179,
        "support": 2124
    }
}