{"related-to": {"precision": 0.0, "recall": 0.0, "f1-score": 0.0, "support": 26}, "artifact": {"precision": 0.11895910780669144, "recall": 0.12355212355212356, "f1-score": 0.12121212121212122, "support": 259}, "cause-effect": {"precision": 0.0, "recall": 0.0, "f1-score": 0.0, "support": 4}, "compare": {"precision": 0.0, "recall": 0.0, "f1-score": 0.0, "support": 5}, "general-affiliation": {"precision": 0.31284302963776073, "recall": 0.39473684210526316, "f1-score": 0.3490508266993264, "support": 722}, "named": {"precision": 0.019230769230769232, "recall": 0.012048192771084338, "f1-score": 0.014814814814814817, "support": 83}, "opposite": {"precision": 0.0, "recall": 0.0, "f1-score": 0.0, "support": 6}, "origin": {"precision": 0.0, "recall": 0.0, "f1-score": 0.0, "support": 19}, "part-of": {"precision": 0.05405405405405406, "recall": 0.045454545454545456, "f1-score": 0.04938271604938272, "support": 176}, "physical": {"precision": 0.1728110599078341, "recall": 0.17985611510791366, "f1-score": 0.17626321974148063, "support": 417}, "role": {"precision": 0.12627986348122866, "recall": 0.09762532981530343, "f1-score": 0.11011904761904763, "support": 379}, "social": {"precision": 0.0, "recall": 0.0, "f1-score": 0.0, "support": 22}, "temporal": {"precision": 0.0, "recall": 0.0, "f1-score": 0.0, "support": 24}, "topic": {"precision": 0.0, "recall": 0.0, "f1-score": 0.0, "support": 8}, "type-of": {"precision": 0.08928571428571429, "recall": 0.04201680672268908, "f1-score": 0.05714285714285715, "support": 119}, "usage": {"precision": 0.0, "recall": 0.0, "f1-score": 0.0, "support": 52}, "win-defeat": {"precision": 0.019230769230769232, "recall": 0.021505376344086023, "f1-score": 0.020304568527918784, "support": 93}, "micro avg": {"precision": 0.19082332761578044, "recall": 0.18434134217067108, "f1-score": 0.18752633796881585, "support": 2414}, "macro avg": {"precision": 0.05368790397851893, "recall": 0.05392913716900051, "f1-score": 0.05284059834158525, "support": 2414}, "weighted avg": {"precision": 0.16575330797824261, "recall": 0.18434134217067108, "f1-score": 0.1728478999494975, "support": 2414}, "samples avg": {"precision": 0.19082332761578044, "recall": 0.18796455117209834, "f1-score": 0.18889365351629503, "support": 2414}}