{
    "related-to": {
        "precision": 0.045454545454545456,
        "recall": 0.038461538461538464,
        "f1-score": 0.04166666666666667,
        "support": 26
    },
    "artifact": {
        "precision": 0.6153846153846154,
        "recall": 0.803088803088803,
        "f1-score": 0.6968174204355109,
        "support": 259
    },
    "cause-effect": {
        "precision": 0.0,
        "recall": 0.0,
        "f1-score": 0.0,
        "support": 4
    },
    "compare": {
        "precision": 0.0,
        "recall": 0.0,
        "f1-score": 0.0,
        "support": 5
    },
    "general-affiliation": {
        "precision": 0.7983333333333333,
        "recall": 0.6634349030470914,
        "f1-score": 0.724659606656581,
        "support": 722
    },
    "named": {
        "precision": 0.6835443037974683,
        "recall": 0.6506024096385542,
        "f1-score": 0.6666666666666666,
        "support": 83
    },
    "opposite": {
        "precision": 0.0,
        "recall": 0.0,
        "f1-score": 0.0,
        "support": 6
    },
    "origin": {
        "precision": 0.2222222222222222,
        "recall": 0.10526315789473684,
        "f1-score": 0.14285714285714285,
        "support": 19
    },
    "part-of": {
        "precision": 0.17898832684824903,
        "recall": 0.26136363636363635,
        "f1-score": 0.21247113163972287,
        "support": 176
    },
    "physical": {
        "precision": 0.8145695364238411,
        "recall": 0.8848920863309353,
        "f1-score": 0.8482758620689654,
        "support": 417
    },
    "role": {
        "precision": 0.604221635883905,
        "recall": 0.604221635883905,
        "f1-score": 0.604221635883905,
        "support": 379
    },
    "social": {
        "precision": 0.75,
        "recall": 0.13636363636363635,
        "f1-score": 0.23076923076923075,
        "support": 22
    },
    "temporal": {
        "precision": 0.3333333333333333,
        "recall": 0.5,
        "f1-score": 0.4,
        "support": 24
    },
    "topic": {
        "precision": 0.0,
        "recall": 0.0,
        "f1-score": 0.0,
        "support": 8
    },
    "type-of": {
        "precision": 0.9827586206896551,
        "recall": 0.4789915966386555,
        "f1-score": 0.6440677966101696,
        "support": 119
    },
    "usage": {
        "precision": 0.0,
        "recall": 0.0,
        "f1-score": 0.0,
        "support": 52
    },
    "win-defeat": {
        "precision": 0.7209302325581395,
        "recall": 0.6666666666666666,
        "f1-score": 0.6927374301675978,
        "support": 93
    },
    "micro avg": {
        "precision": 0.6526586620926244,
        "recall": 0.6304888152444076,
        "f1-score": 0.6413822166034555,
        "support": 2414
    },
    "macro avg": {
        "precision": 999999,
        "recall": 999999,
        "f1-score": 0.3473653288483623,
        "support": 2414
    },
    "weighted avg": {
        "precision": 0.6655309566588741,
        "recall": 0.6304888152444076,
        "f1-score": 0.6373995135916615,
        "support": 2414
    },
    "samples avg": {
        "precision": 0.6526586620926244,
        "recall": 0.6393653516295026,
        "f1-score": 0.6437249857061177,
        "support": 2414
    }
}