{
    "related-to": {
        "precision": 0.22615803814713897,
        "recall": 0.6587301587301587,
        "f1-score": 0.33671399594320484,
        "support": 126
    },
    "artifact": {
        "precision": 0.6590909090909091,
        "recall": 0.8787878787878788,
        "f1-score": 0.7532467532467532,
        "support": 33
    },
    "cause-effect": {
        "precision": 0.0,
        "recall": 0.0,
        "f1-score": 0.0,
        "support": 76
    },
    "compare": {
        "precision": 0.0,
        "recall": 0.0,
        "f1-score": 0.0,
        "support": 39
    },
    "general-affiliation": {
        "precision": 0.35294117647058826,
        "recall": 0.6575342465753424,
        "f1-score": 0.45933014354066987,
        "support": 73
    },
    "named": {
        "precision": 0.5655172413793104,
        "recall": 0.7592592592592593,
        "f1-score": 0.6482213438735178,
        "support": 108
    },
    "opposite": {
        "precision": 0.0,
        "recall": 0.0,
        "f1-score": 0.0,
        "support": 5
    },
    "origin": {
        "precision": 0.6578947368421053,
        "recall": 0.26595744680851063,
        "f1-score": 0.3787878787878788,
        "support": 94
    },
    "part-of": {
        "precision": 0.13114754098360656,
        "recall": 0.26666666666666666,
        "f1-score": 0.17582417582417584,
        "support": 90
    },
    "physical": {
        "precision": 0.8028169014084507,
        "recall": 0.7633928571428571,
        "f1-score": 0.782608695652174,
        "support": 224
    },
    "role": {
        "precision": 0.58,
        "recall": 0.40559440559440557,
        "f1-score": 0.4773662551440329,
        "support": 286
    },
    "social": {
        "precision": 0.0,
        "recall": 0.0,
        "f1-score": 0.0,
        "support": 14
    },
    "temporal": {
        "precision": 0.5666666666666667,
        "recall": 0.6538461538461539,
        "f1-score": 0.6071428571428571,
        "support": 26
    },
    "topic": {
        "precision": 0.0,
        "recall": 0.0,
        "f1-score": 0.0,
        "support": 66
    },
    "type-of": {
        "precision": 0.2857142857142857,
        "recall": 0.017094017094017096,
        "f1-score": 0.03225806451612903,
        "support": 117
    },
    "usage": {
        "precision": 0.0,
        "recall": 0.0,
        "f1-score": 0.0,
        "support": 24
    },
    "win-defeat": {
        "precision": 0.9642857142857143,
        "recall": 0.6136363636363636,
        "f1-score": 0.75,
        "support": 44
    },
    "micro avg": {
        "precision": 0.4482758620689655,
        "recall": 0.4318339100346021,
        "f1-score": 0.4399013041945718,
        "support": 1445
    },
    "macro avg": {
        "precision": 999999,
        "recall": 999999,
        "f1-score": 0.317735303745376,
        "support": 1445
    },
    "weighted avg": {
        "precision": 0.44777392859204823,
        "recall": 0.4318339100346021,
        "f1-score": 0.40598155918644546,
        "support": 1445
    },
    "samples avg": {
        "precision": 0.4482758620689655,
        "recall": 0.4295977011494253,
        "f1-score": 0.435823754789272,
        "support": 1445
    }
}