{
    "related-to": {
        "precision": 0.25617283950617287,
        "recall": 0.6587301587301587,
        "f1-score": 0.3688888888888889,
        "support": 126
    },
    "artifact": {
        "precision": 0.7333333333333333,
        "recall": 0.6666666666666666,
        "f1-score": 0.6984126984126984,
        "support": 33
    },
    "cause-effect": {
        "precision": 0.0,
        "recall": 0.0,
        "f1-score": 0.0,
        "support": 76
    },
    "compare": {
        "precision": 0.0,
        "recall": 0.0,
        "f1-score": 0.0,
        "support": 39
    },
    "general-affiliation": {
        "precision": 0.2875,
        "recall": 0.6301369863013698,
        "f1-score": 0.39484978540772525,
        "support": 73
    },
    "named": {
        "precision": 0.4578313253012048,
        "recall": 0.7037037037037037,
        "f1-score": 0.5547445255474452,
        "support": 108
    },
    "opposite": {
        "precision": 0.0,
        "recall": 0.0,
        "f1-score": 0.0,
        "support": 5
    },
    "origin": {
        "precision": 0.3375,
        "recall": 0.2872340425531915,
        "f1-score": 0.3103448275862069,
        "support": 94
    },
    "part-of": {
        "precision": 0.045714285714285714,
        "recall": 0.08888888888888889,
        "f1-score": 0.06037735849056603,
        "support": 90
    },
    "physical": {
        "precision": 0.7563025210084033,
        "recall": 0.8035714285714286,
        "f1-score": 0.7792207792207791,
        "support": 224
    },
    "role": {
        "precision": 0.6458333333333334,
        "recall": 0.32517482517482516,
        "f1-score": 0.4325581395348837,
        "support": 286
    },
    "social": {
        "precision": 0.0,
        "recall": 0.0,
        "f1-score": 0.0,
        "support": 14
    },
    "temporal": {
        "precision": 0.6176470588235294,
        "recall": 0.8076923076923077,
        "f1-score": 0.7,
        "support": 26
    },
    "topic": {
        "precision": 0.0,
        "recall": 0.0,
        "f1-score": 0.0,
        "support": 66
    },
    "type-of": {
        "precision": 1.0,
        "recall": 0.017094017094017096,
        "f1-score": 0.033613445378151266,
        "support": 117
    },
    "usage": {
        "precision": 0.0,
        "recall": 0.0,
        "f1-score": 0.0,
        "support": 24
    },
    "win-defeat": {
        "precision": 0.9722222222222222,
        "recall": 0.7954545454545454,
        "f1-score": 0.875,
        "support": 44
    },
    "micro avg": {
        "precision": 0.4260057471264368,
        "recall": 0.41038062283737026,
        "f1-score": 0.41804723299259783,
        "support": 1445
    },
    "macro avg": {
        "precision": 999999,
        "recall": 999999,
        "f1-score": 0.30635355579219675,
        "support": 1445
    },
    "weighted avg": {
        "precision": 0.47938203873425533,
        "recall": 0.41038062283737026,
        "f1-score": 0.38184103374424666,
        "support": 1445
    },
    "samples avg": {
        "precision": 0.4260057471264368,
        "recall": 0.4073275862068966,
        "f1-score": 0.41355363984674326,
        "support": 1445
    }
}