{
    "related-to": {
        "precision": 0.2732824427480916,
        "recall": 0.4323671497584541,
        "f1-score": 0.33489242282507015,
        "support": 414
    },
    "artifact": {
        "precision": 0.7727272727272727,
        "recall": 0.937007874015748,
        "f1-score": 0.8469750889679716,
        "support": 635
    },
    "cause-effect": {
        "precision": 0.0,
        "recall": 0.0,
        "f1-score": 0.0,
        "support": 86
    },
    "compare": {
        "precision": 0.75,
        "recall": 0.07317073170731707,
        "f1-score": 0.13333333333333333,
        "support": 82
    },
    "general-affiliation": {
        "precision": 0.7211286089238845,
        "recall": 0.8870056497175142,
        "f1-score": 0.7955121245023525,
        "support": 1239
    },
    "named": {
        "precision": 0.7768421052631579,
        "recall": 0.6612903225806451,
        "f1-score": 0.7144240077444337,
        "support": 558
    },
    "opposite": {
        "precision": 0.33707865168539325,
        "recall": 0.234375,
        "f1-score": 0.2764976958525346,
        "support": 128
    },
    "origin": {
        "precision": 0.44607843137254904,
        "recall": 0.2993421052631579,
        "f1-score": 0.3582677165354331,
        "support": 304
    },
    "part-of": {
        "precision": 0.41831238779174146,
        "recall": 0.3231622746185853,
        "f1-score": 0.3646322378716745,
        "support": 721
    },
    "physical": {
        "precision": 0.7339031339031339,
        "recall": 0.8852233676975945,
        "f1-score": 0.8024922118380061,
        "support": 1455
    },
    "role": {
        "precision": 0.6883451384417257,
        "recall": 0.532901296111665,
        "f1-score": 0.6007305422871593,
        "support": 2006
    },
    "social": {
        "precision": 0.5454545454545454,
        "recall": 0.4,
        "f1-score": 0.4615384615384615,
        "support": 105
    },
    "temporal": {
        "precision": 0.6909090909090909,
        "recall": 0.8382352941176471,
        "f1-score": 0.7574750830564785,
        "support": 408
    },
    "topic": {
        "precision": 0.8867924528301887,
        "recall": 0.27647058823529413,
        "f1-score": 0.4215246636771301,
        "support": 170
    },
    "type-of": {
        "precision": 0.7758620689655172,
        "recall": 0.26785714285714285,
        "f1-score": 0.3982300884955752,
        "support": 336
    },
    "usage": {
        "precision": 0.8333333333333334,
        "recall": 0.1,
        "f1-score": 0.17857142857142858,
        "support": 200
    },
    "win-defeat": {
        "precision": 0.7092651757188498,
        "recall": 0.7003154574132492,
        "f1-score": 0.7047619047619047,
        "support": 317
    },
    "micro avg": {
        "precision": 0.6601292108906323,
        "recall": 0.6243998254037538,
        "f1-score": 0.6417676087931808,
        "support": 9164
    },
    "macro avg": {
        "precision": 999999,
        "recall": 999999,
        "f1-score": 0.4794034712858204,
        "support": 9164
    },
    "weighted avg": {
        "precision": 0.6616537839648385,
        "recall": 0.6243998254037538,
        "f1-score": 0.6191283665804358,
        "support": 9164
    },
    "samples avg": {
        "precision": 0.6601292108906323,
        "recall": 0.6340947546531303,
        "f1-score": 0.642747269650823,
        "support": 9164
    }
}