{
    "related-to": {
        "precision": 0.29780033840947545,
        "recall": 0.4251207729468599,
        "f1-score": 0.35024875621890544,
        "support": 414
    },
    "artifact": {
        "precision": 0.7345679012345679,
        "recall": 0.937007874015748,
        "f1-score": 0.8235294117647058,
        "support": 635
    },
    "cause-effect": {
        "precision": 0.0,
        "recall": 0.0,
        "f1-score": 0.0,
        "support": 86
    },
    "compare": {
        "precision": 0.6,
        "recall": 0.036585365853658534,
        "f1-score": 0.06896551724137931,
        "support": 82
    },
    "general-affiliation": {
        "precision": 0.7027546444586803,
        "recall": 0.8853914447134786,
        "f1-score": 0.7835714285714285,
        "support": 1239
    },
    "named": {
        "precision": 0.7441016333938294,
        "recall": 0.7347670250896058,
        "f1-score": 0.739404869251578,
        "support": 558
    },
    "opposite": {
        "precision": 0.3230769230769231,
        "recall": 0.328125,
        "f1-score": 0.3255813953488373,
        "support": 128
    },
    "origin": {
        "precision": 0.46835443037974683,
        "recall": 0.3651315789473684,
        "f1-score": 0.41035120147874304,
        "support": 304
    },
    "part-of": {
        "precision": 0.39906832298136646,
        "recall": 0.3564493758668516,
        "f1-score": 0.37655677655677655,
        "support": 721
    },
    "physical": {
        "precision": 0.772640911969601,
        "recall": 0.8384879725085911,
        "f1-score": 0.8042188529993409,
        "support": 1455
    },
    "role": {
        "precision": 0.7153382451440053,
        "recall": 0.5324027916251246,
        "f1-score": 0.6104601314661331,
        "support": 2006
    },
    "social": {
        "precision": 0.5730337078651685,
        "recall": 0.4857142857142857,
        "f1-score": 0.5257731958762887,
        "support": 105
    },
    "temporal": {
        "precision": 0.7444933920704846,
        "recall": 0.8284313725490197,
        "f1-score": 0.7842227378190256,
        "support": 408
    },
    "topic": {
        "precision": 0.7678571428571429,
        "recall": 0.2529411764705882,
        "f1-score": 0.38053097345132747,
        "support": 170
    },
    "type-of": {
        "precision": 0.746268656716418,
        "recall": 0.2976190476190476,
        "f1-score": 0.425531914893617,
        "support": 336
    },
    "usage": {
        "precision": 0.575,
        "recall": 0.115,
        "f1-score": 0.19166666666666668,
        "support": 200
    },
    "win-defeat": {
        "precision": 0.7346938775510204,
        "recall": 0.6813880126182965,
        "f1-score": 0.707037643207856,
        "support": 317
    },
    "micro avg": {
        "precision": 0.6633594831564374,
        "recall": 0.6274552597119162,
        "f1-score": 0.6449080305069538,
        "support": 9164
    },
    "macro avg": {
        "precision": 999999,
        "recall": 999999,
        "f1-score": 0.48868538075368284,
        "support": 9164
    },
    "weighted avg": {
        "precision": 0.6600377956409579,
        "recall": 0.6274552597119162,
        "f1-score": 0.6258156529142835,
        "support": 9164
    },
    "samples avg": {
        "precision": 0.6633594831564374,
        "recall": 0.6379595446854329,
        "f1-score": 0.6464005537609597,
        "support": 9164
    }
}