{"related-to": {"precision": 0.0963855421686747, "recall": 0.2222222222222222, "f1-score": 0.13445378151260506, "support": 108}, "artifact": {"precision": 0.047619047619047616, "recall": 0.024390243902439025, "f1-score": 0.03225806451612904, "support": 41}, "cause-effect": {"precision": 0.0, "recall": 0.0, "f1-score": 0.0, "support": 5}, "compare": {"precision": 0.0, "recall": 0.0, "f1-score": 0.0, "support": 24}, "general-affiliation": {"precision": 0.07142857142857142, "recall": 0.06666666666666667, "f1-score": 0.0689655172413793, "support": 75}, "named": {"precision": 0.1440329218106996, "recall": 0.2517985611510791, "f1-score": 0.18324607329842935, "support": 139}, "opposite": {"precision": 0.0, "recall": 0.0, "f1-score": 0.0, "support": 11}, "origin": {"precision": 0.09090909090909091, "recall": 0.06741573033707865, "f1-score": 0.07741935483870968, "support": 89}, "part-of": {"precision": 0.1542056074766355, "recall": 0.1542056074766355, "f1-score": 0.1542056074766355, "support": 214}, "physical": {"precision": 0.05426356589147287, "recall": 0.06862745098039216, "f1-score": 0.06060606060606061, "support": 102}, "role": {"precision": 0.09345794392523364, "recall": 0.09174311926605505, "f1-score": 0.09259259259259259, "support": 109}, "social": {"precision": 0.0, "recall": 0.0, "f1-score": 0.0, "support": 1}, "temporal": {"precision": 0.1111111111111111, "recall": 0.09523809523809523, "f1-score": 0.10256410256410256, "support": 21}, "topic": {"precision": 0.0, "recall": 0.0, "f1-score": 0.0, "support": 41}, "type-of": {"precision": 0.0, "recall": 0.0, "f1-score": 0.0, "support": 54}, "usage": {"precision": 0.0, "recall": 0.0, "f1-score": 0.0, "support": 122}, "win-defeat": {"precision": 0.0, "recall": 0.0, "f1-score": 0.0, "support": 7}, "micro avg": {"precision": 0.10913930789707187, "recall": 0.1057609630266552, "f1-score": 0.10742358078602621, "support": 1163}, "macro avg": {"precision": 0.050789023667090434, "recall": 0.06131221748474491, "f1-score": 0.053312420861567275, "support": 1163}, "weighted avg": {"precision": 0.08330677603478165, "recall": 0.1057609630266552, "f1-score": 0.09011675540757512, "support": 1163}, "samples avg": {"precision": 0.10913930789707187, "recall": 0.10677314404022478, "f1-score": 0.10751257024548949, "support": 1163}}