{"related-to": {"precision": 0.08441558441558442, "recall": 0.10317460317460317, "f1-score": 0.09285714285714285, "support": 126}, "artifact": {"precision": 0.03125, "recall": 0.030303030303030304, "f1-score": 0.03076923076923077, "support": 33}, "cause-effect": {"precision": 0.0, "recall": 0.0, "f1-score": 0.0, "support": 76}, "compare": {"precision": 0.0, "recall": 0.0, "f1-score": 0.0, "support": 39}, "general-affiliation": {"precision": 0.01935483870967742, "recall": 0.0410958904109589, "f1-score": 0.026315789473684213, "support": 73}, "named": {"precision": 0.08333333333333333, "recall": 0.14814814814814814, "f1-score": 0.10666666666666667, "support": 108}, "opposite": {"precision": 0.0, "recall": 0.0, "f1-score": 0.0, "support": 5}, "origin": {"precision": 0.10869565217391304, "recall": 0.05319148936170213, "f1-score": 0.07142857142857142, "support": 94}, "part-of": {"precision": 0.04819277108433735, "recall": 0.17777777777777778, "f1-score": 0.07582938388625592, "support": 90}, "physical": {"precision": 0.16, "recall": 0.14285714285714285, "f1-score": 0.15094339622641512, "support": 224}, "role": {"precision": 0.16494845360824742, "recall": 0.11188811188811189, "f1-score": 0.13333333333333333, "support": 286}, "social": {"precision": 0.0, "recall": 0.0, "f1-score": 0.0, "support": 14}, "temporal": {"precision": 0.037037037037037035, "recall": 0.038461538461538464, "f1-score": 0.03773584905660377, "support": 26}, "topic": {"precision": 0.0, "recall": 0.0, "f1-score": 0.0, "support": 66}, "type-of": {"precision": 0.0, "recall": 0.0, "f1-score": 0.0, "support": 117}, "usage": {"precision": 0.0, "recall": 0.0, "f1-score": 0.0, "support": 24}, "win-defeat": {"precision": 0.045454545454545456, "recall": 0.045454545454545456, "f1-score": 0.045454545454545456, "support": 44}, "micro avg": {"precision": 0.08692528735632184, "recall": 0.0837370242214533, "f1-score": 0.08530137469157562, "support": 1445}, "macro avg": {"precision": 0.046040130342157384, "recall": 0.052491310461032885, "f1-score": 0.045372582891320554, "support": 1445}, "weighted avg": {"precision": 0.08485361817233911, "recall": 0.0837370242214533, "f1-score": 0.07932259769863967, "support": 1445}, "samples avg": {"precision": 0.08692528735632184, "recall": 0.08369252873563218, "f1-score": 0.08477011494252873, "support": 1445}}