{
    "related-to": {
        "precision": 0.29292929292929293,
        "recall": 0.6904761904761905,
        "f1-score": 0.41134751773049644,
        "support": 126
    },
    "artifact": {
        "precision": 0.5319148936170213,
        "recall": 0.7575757575757576,
        "f1-score": 0.625,
        "support": 33
    },
    "cause-effect": {
        "precision": 0.0,
        "recall": 0.0,
        "f1-score": 0.0,
        "support": 76
    },
    "compare": {
        "precision": 0.0,
        "recall": 0.0,
        "f1-score": 0.0,
        "support": 39
    },
    "general-affiliation": {
        "precision": 0.26666666666666666,
        "recall": 0.3287671232876712,
        "f1-score": 0.294478527607362,
        "support": 73
    },
    "named": {
        "precision": 0.5586206896551724,
        "recall": 0.75,
        "f1-score": 0.6403162055335968,
        "support": 108
    },
    "opposite": {
        "precision": 0.0,
        "recall": 0.0,
        "f1-score": 0.0,
        "support": 5
    },
    "origin": {
        "precision": 0.72,
        "recall": 0.19148936170212766,
        "f1-score": 0.3025210084033613,
        "support": 94
    },
    "part-of": {
        "precision": 0.15789473684210525,
        "recall": 0.3333333333333333,
        "f1-score": 0.21428571428571427,
        "support": 90
    },
    "physical": {
        "precision": 0.748898678414097,
        "recall": 0.7589285714285714,
        "f1-score": 0.753880266075388,
        "support": 224
    },
    "role": {
        "precision": 0.5702127659574469,
        "recall": 0.46853146853146854,
        "f1-score": 0.5143953934740884,
        "support": 286
    },
    "social": {
        "precision": 0.1,
        "recall": 0.07142857142857142,
        "f1-score": 0.08333333333333333,
        "support": 14
    },
    "temporal": {
        "precision": 0.72,
        "recall": 0.6923076923076923,
        "f1-score": 0.7058823529411765,
        "support": 26
    },
    "topic": {
        "precision": 0.5,
        "recall": 0.015151515151515152,
        "f1-score": 0.029411764705882356,
        "support": 66
    },
    "type-of": {
        "precision": 0.3181818181818182,
        "recall": 0.05982905982905983,
        "f1-score": 0.10071942446043165,
        "support": 117
    },
    "usage": {
        "precision": 0.0,
        "recall": 0.0,
        "f1-score": 0.0,
        "support": 24
    },
    "win-defeat": {
        "precision": 0.7843137254901961,
        "recall": 0.9090909090909091,
        "f1-score": 0.8421052631578948,
        "support": 44
    },
    "micro avg": {
        "precision": 0.45689655172413796,
        "recall": 0.4401384083044983,
        "f1-score": 0.448360944659852,
        "support": 1445
    },
    "macro avg": {
        "precision": 999999,
        "recall": 999999,
        "f1-score": 0.3245692218652192,
        "support": 1445
    },
    "weighted avg": {
        "precision": 0.46494238168933993,
        "recall": 0.4401384083044983,
        "f1-score": 0.41322658111533445,
        "support": 1445
    },
    "samples avg": {
        "precision": 0.45689655172413796,
        "recall": 0.43929597701149425,
        "f1-score": 0.4451628352490422,
        "support": 1445
    }
}