{
    "related-to": {
        "precision": 0.18181818181818182,
        "recall": 0.3148148148148148,
        "f1-score": 0.2305084745762712,
        "support": 108
    },
    "artifact": {
        "precision": 0.20512820512820512,
        "recall": 0.3902439024390244,
        "f1-score": 0.2689075630252101,
        "support": 41
    },
    "cause-effect": {
        "precision": 0.0,
        "recall": 0.0,
        "f1-score": 0.0,
        "support": 5
    },
    "compare": {
        "precision": 0.0,
        "recall": 0.0,
        "f1-score": 0.0,
        "support": 24
    },
    "general-affiliation": {
        "precision": 0.2222222222222222,
        "recall": 0.16,
        "f1-score": 0.18604651162790697,
        "support": 75
    },
    "named": {
        "precision": 0.41114982578397213,
        "recall": 0.8489208633093526,
        "f1-score": 0.5539906103286385,
        "support": 139
    },
    "opposite": {
        "precision": 0.0,
        "recall": 0.0,
        "f1-score": 0.0,
        "support": 11
    },
    "origin": {
        "precision": 0.42105263157894735,
        "recall": 0.2696629213483146,
        "f1-score": 0.3287671232876712,
        "support": 89
    },
    "part-of": {
        "precision": 0.43820224719101125,
        "recall": 0.3644859813084112,
        "f1-score": 0.39795918367346944,
        "support": 214
    },
    "physical": {
        "precision": 0.8640776699029126,
        "recall": 0.8725490196078431,
        "f1-score": 0.8682926829268292,
        "support": 102
    },
    "role": {
        "precision": 0.55,
        "recall": 0.7064220183486238,
        "f1-score": 0.6184738955823293,
        "support": 109
    },
    "social": {
        "precision": 0.0,
        "recall": 0.0,
        "f1-score": 0.0,
        "support": 1
    },
    "temporal": {
        "precision": 0.3076923076923077,
        "recall": 0.38095238095238093,
        "f1-score": 0.3404255319148936,
        "support": 21
    },
    "topic": {
        "precision": 0.0,
        "recall": 0.0,
        "f1-score": 0.0,
        "support": 41
    },
    "type-of": {
        "precision": 0.0,
        "recall": 0.0,
        "f1-score": 0.0,
        "support": 54
    },
    "usage": {
        "precision": 0.0,
        "recall": 0.0,
        "f1-score": 0.0,
        "support": 122
    },
    "win-defeat": {
        "precision": 0.6363636363636364,
        "recall": 1.0,
        "f1-score": 0.7777777777777778,
        "support": 7
    },
    "micro avg": {
        "precision": 0.4108251996450754,
        "recall": 0.39810834049871024,
        "f1-score": 0.40436681222707427,
        "support": 1163
    },
    "macro avg": {
        "precision": 999999,
        "recall": 999999,
        "f1-score": 0.26889113851299984,
        "support": 1163
    },
    "weighted avg": {
        "precision": 0.33715742377716473,
        "recall": 0.39810834049871024,
        "f1-score": 0.35242883638558686,
        "support": 1163
    },
    "samples avg": {
        "precision": 0.4108251996450754,
        "recall": 0.39825495415557527,
        "f1-score": 0.4023957409050577,
        "support": 1163
    }
}