{"related-to": {"precision": 0.06188925081433225, "recall": 0.15079365079365079, "f1-score": 0.08775981524249422, "support": 126}, "artifact": {"precision": 0.0, "recall": 0.0, "f1-score": 0.0, "support": 33}, "cause-effect": {"precision": 0.0, "recall": 0.0, "f1-score": 0.0, "support": 76}, "compare": {"precision": 0.0, "recall": 0.0, "f1-score": 0.0, "support": 39}, "general-affiliation": {"precision": 0.046153846153846156, "recall": 0.0410958904109589, "f1-score": 0.043478260869565216, "support": 73}, "named": {"precision": 0.08225108225108226, "recall": 0.17592592592592593, "f1-score": 0.11209439528023599, "support": 108}, "opposite": {"precision": 0.0, "recall": 0.0, "f1-score": 0.0, "support": 5}, "origin": {"precision": 0.07894736842105263, "recall": 0.031914893617021274, "f1-score": 0.04545454545454545, "support": 94}, "part-of": {"precision": 0.06274509803921569, "recall": 0.17777777777777778, "f1-score": 0.0927536231884058, "support": 90}, "physical": {"precision": 0.26136363636363635, "recall": 0.20535714285714285, "f1-score": 0.23, "support": 224}, "role": {"precision": 0.17894736842105263, "recall": 0.11888111888111888, "f1-score": 0.14285714285714288, "support": 286}, "social": {"precision": 0.0, "recall": 0.0, "f1-score": 0.0, "support": 14}, "temporal": {"precision": 0.022727272727272728, "recall": 0.038461538461538464, "f1-score": 0.028571428571428574, "support": 26}, "topic": {"precision": 0.0, "recall": 0.0, "f1-score": 0.0, "support": 66}, "type-of": {"precision": 0.0, "recall": 0.0, "f1-score": 0.0, "support": 117}, "usage": {"precision": 0.0, "recall": 0.0, "f1-score": 0.0, "support": 24}, "win-defeat": {"precision": 0.06818181818181818, "recall": 0.06818181818181818, "f1-score": 0.06818181818181818, "support": 44}, "micro avg": {"precision": 0.10344827586206896, "recall": 0.09965397923875433, "f1-score": 0.1015156855833627, "support": 1445}, "macro avg": {"precision": 0.050776867139606406, "recall": 0.05931704452393842, "f1-score": 0.0500677076262139, "support": 1445}, "weighted avg": {"precision": 0.10133828077152011, "recall": 0.09965397923875433, "f1-score": 0.09347986007888016, "support": 1445}, "samples avg": {"precision": 0.10344827586206896, "recall": 0.0980603448275862, "f1-score": 0.09985632183908046, "support": 1445}}