{
    "related-to": {
        "precision": 0.2648221343873518,
        "recall": 0.5317460317460317,
        "f1-score": 0.3535620052770449,
        "support": 126
    },
    "artifact": {
        "precision": 0.3492063492063492,
        "recall": 0.6666666666666666,
        "f1-score": 0.4583333333333333,
        "support": 33
    },
    "cause-effect": {
        "precision": 0.0,
        "recall": 0.0,
        "f1-score": 0.0,
        "support": 76
    },
    "compare": {
        "precision": 0.0,
        "recall": 0.0,
        "f1-score": 0.0,
        "support": 39
    },
    "general-affiliation": {
        "precision": 0.27586206896551724,
        "recall": 0.3287671232876712,
        "f1-score": 0.3,
        "support": 73
    },
    "named": {
        "precision": 0.3656387665198238,
        "recall": 0.7685185185185185,
        "f1-score": 0.4955223880597015,
        "support": 108
    },
    "opposite": {
        "precision": 0.0,
        "recall": 0.0,
        "f1-score": 0.0,
        "support": 5
    },
    "origin": {
        "precision": 0.5,
        "recall": 0.10638297872340426,
        "f1-score": 0.17543859649122806,
        "support": 94
    },
    "part-of": {
        "precision": 0.10887096774193548,
        "recall": 0.3,
        "f1-score": 0.15976331360946747,
        "support": 90
    },
    "physical": {
        "precision": 0.826530612244898,
        "recall": 0.7232142857142857,
        "f1-score": 0.7714285714285715,
        "support": 224
    },
    "role": {
        "precision": 0.5314009661835749,
        "recall": 0.38461538461538464,
        "f1-score": 0.4462474645030426,
        "support": 286
    },
    "social": {
        "precision": 0.0,
        "recall": 0.0,
        "f1-score": 0.0,
        "support": 14
    },
    "temporal": {
        "precision": 0.5,
        "recall": 0.6923076923076923,
        "f1-score": 0.5806451612903226,
        "support": 26
    },
    "topic": {
        "precision": 0.0,
        "recall": 0.0,
        "f1-score": 0.0,
        "support": 66
    },
    "type-of": {
        "precision": 0.2857142857142857,
        "recall": 0.017094017094017096,
        "f1-score": 0.03225806451612903,
        "support": 117
    },
    "usage": {
        "precision": 0.0,
        "recall": 0.0,
        "f1-score": 0.0,
        "support": 24
    },
    "win-defeat": {
        "precision": 0.8125,
        "recall": 0.8863636363636364,
        "f1-score": 0.8478260869565218,
        "support": 44
    },
    "micro avg": {
        "precision": 0.4051724137931034,
        "recall": 0.3903114186851211,
        "f1-score": 0.3976031018681706,
        "support": 1445
    },
    "macro avg": {
        "precision": 999999,
        "recall": 999999,
        "f1-score": 0.27182499914502134,
        "support": 1445
    },
    "weighted avg": {
        "precision": 0.4018123240636296,
        "recall": 0.3903114186851211,
        "f1-score": 0.3616347732084952,
        "support": 1445
    },
    "samples avg": {
        "precision": 0.4051724137931034,
        "recall": 0.3875718390804598,
        "f1-score": 0.3934386973180076,
        "support": 1445
    }
}