{"related-to": {"precision": 0.0, "recall": 0.0, "f1-score": 0.0, "support": 76}, "artifact": {"precision": 0.0, "recall": 0.0, "f1-score": 0.0, "support": 2}, "cause-effect": {"precision": 0.0, "recall": 0.0, "f1-score": 0.0, "support": 0}, "compare": {"precision": 0.0, "recall": 0.0, "f1-score": 0.0, "support": 6}, "general-affiliation": {"precision": 0.0125, "recall": 0.03225806451612903, "f1-score": 0.018018018018018018, "support": 31}, "named": {"precision": 0.05063291139240506, "recall": 0.06153846153846154, "f1-score": 0.05555555555555556, "support": 130}, "opposite": {"precision": 0.0, "recall": 0.0, "f1-score": 0.0, "support": 53}, "origin": {"precision": 0.024390243902439025, "recall": 0.01818181818181818, "f1-score": 0.020833333333333332, "support": 55}, "part-of": {"precision": 0.07407407407407407, "recall": 0.06837606837606838, "f1-score": 0.07111111111111111, "support": 117}, "physical": {"precision": 0.2203125, "recall": 0.34474327628361856, "f1-score": 0.2688274547187797, "support": 409}, "role": {"precision": 0.4433399602385686, "recall": 0.26706586826347306, "f1-score": 0.33333333333333337, "support": 835}, "social": {"precision": 0.0, "recall": 0.0, "f1-score": 0.0, "support": 21}, "temporal": {"precision": 0.19140625, "recall": 0.15960912052117263, "f1-score": 0.17406749555950268, "support": 307}, "topic": {"precision": 0.0, "recall": 0.0, "f1-score": 0.0, "support": 13}, "type-of": {"precision": 0.05263157894736842, "recall": 0.03571428571428571, "f1-score": 0.0425531914893617, "support": 28}, "usage": {"precision": 0.0, "recall": 0.0, "f1-score": 0.0, "support": 0}, "win-defeat": {"precision": 0.0, "recall": 0.0, "f1-score": 0.0, "support": 41}, "micro avg": {"precision": 0.2359366466411797, "recall": 0.2033898305084746, "f1-score": 0.21845764854614413, "support": 2124}, "macro avg": {"precision": 0.06289926579734442, "recall": 0.0580874684350016, "f1-score": 0.057899970183470324, "support": 2124}, "weighted avg": {"precision": 0.2530649674303411, "recall": 0.2033898305084746, "f1-score": 0.2166481106054133, "support": 2124}, "samples avg": {"precision": 0.2359366466411797, "recall": 0.20289459311851446, "f1-score": 0.21390861095940286, "support": 2124}}