{
    "related-to": {
        "precision": 0.0,
        "recall": 0.0,
        "f1-score": 0.0,
        "support": 76
    },
    "artifact": {
        "precision": 0.5,
        "recall": 1.0,
        "f1-score": 0.6666666666666666,
        "support": 2
    },
    "cause-effect": {
        "precision": 0.0,
        "recall": 0.0,
        "f1-score": 0.0,
        "support": 0
    },
    "compare": {
        "precision": 0.0,
        "recall": 0.0,
        "f1-score": 0.0,
        "support": 6
    },
    "general-affiliation": {
        "precision": 0.34545454545454546,
        "recall": 0.6129032258064516,
        "f1-score": 0.4418604651162791,
        "support": 31
    },
    "named": {
        "precision": 0.6783216783216783,
        "recall": 0.7461538461538462,
        "f1-score": 0.7106227106227107,
        "support": 130
    },
    "opposite": {
        "precision": 0.35714285714285715,
        "recall": 0.09433962264150944,
        "f1-score": 0.1492537313432836,
        "support": 53
    },
    "origin": {
        "precision": 0.3125,
        "recall": 0.18181818181818182,
        "f1-score": 0.2298850574712644,
        "support": 55
    },
    "part-of": {
        "precision": 0.1724137931034483,
        "recall": 0.29914529914529914,
        "f1-score": 0.21875,
        "support": 117
    },
    "physical": {
        "precision": 0.6373983739837399,
        "recall": 0.9584352078239609,
        "f1-score": 0.765625,
        "support": 409
    },
    "role": {
        "precision": 0.7649325626204239,
        "recall": 0.4754491017964072,
        "f1-score": 0.586410635155096,
        "support": 835
    },
    "social": {
        "precision": 0.5833333333333334,
        "recall": 0.3333333333333333,
        "f1-score": 0.4242424242424242,
        "support": 21
    },
    "temporal": {
        "precision": 0.7688679245283019,
        "recall": 0.5309446254071661,
        "f1-score": 0.6281310211946051,
        "support": 307
    },
    "topic": {
        "precision": 0.0,
        "recall": 0.0,
        "f1-score": 0.0,
        "support": 13
    },
    "type-of": {
        "precision": 0.3333333333333333,
        "recall": 0.21428571428571427,
        "f1-score": 0.2608695652173913,
        "support": 28
    },
    "usage": {
        "precision": 0.0,
        "recall": 0.0,
        "f1-score": 0.0,
        "support": 0
    },
    "win-defeat": {
        "precision": 0.5,
        "recall": 0.024390243902439025,
        "f1-score": 0.046511627906976744,
        "support": 41
    },
    "micro avg": {
        "precision": 0.6193336974330966,
        "recall": 0.5338983050847458,
        "f1-score": 0.5734513274336284,
        "support": 2124
    },
    "macro avg": {
        "precision": 999999,
        "recall": 999999,
        "f1-score": 0.34192192699577983,
        "support": 2124
    },
    "weighted avg": {
        "precision": 0.6279283452088086,
        "recall": 0.5338983050847458,
        "f1-score": 0.5495809700544335,
        "support": 2124
    },
    "samples avg": {
        "precision": 0.6193336974330966,
        "recall": 0.5551611141452758,
        "f1-score": 0.576551975241216,
        "support": 2124
    }
}