{
    "related-to": {
        "precision": 0.5555555555555556,
        "recall": 0.19230769230769232,
        "f1-score": 0.28571428571428575,
        "support": 26
    },
    "artifact": {
        "precision": 0.746177370030581,
        "recall": 0.9420849420849421,
        "f1-score": 0.832764505119454,
        "support": 259
    },
    "cause-effect": {
        "precision": 0.0,
        "recall": 0.0,
        "f1-score": 0.0,
        "support": 4
    },
    "compare": {
        "precision": 0.0,
        "recall": 0.0,
        "f1-score": 0.0,
        "support": 5
    },
    "general-affiliation": {
        "precision": 0.8183962264150944,
        "recall": 0.961218836565097,
        "f1-score": 0.884076433121019,
        "support": 722
    },
    "named": {
        "precision": 1.0,
        "recall": 0.024096385542168676,
        "f1-score": 0.047058823529411764,
        "support": 83
    },
    "opposite": {
        "precision": 0.0,
        "recall": 0.0,
        "f1-score": 0.0,
        "support": 6
    },
    "origin": {
        "precision": 0.3076923076923077,
        "recall": 0.21052631578947367,
        "f1-score": 0.25,
        "support": 19
    },
    "part-of": {
        "precision": 0.46153846153846156,
        "recall": 0.3068181818181818,
        "f1-score": 0.3686006825938567,
        "support": 176
    },
    "physical": {
        "precision": 0.7866379310344828,
        "recall": 0.8752997601918465,
        "f1-score": 0.8286038592508512,
        "support": 417
    },
    "role": {
        "precision": 0.7304075235109718,
        "recall": 0.6147757255936676,
        "f1-score": 0.667621776504298,
        "support": 379
    },
    "social": {
        "precision": 0.0,
        "recall": 0.0,
        "f1-score": 0.0,
        "support": 22
    },
    "temporal": {
        "precision": 0.21951219512195122,
        "recall": 0.375,
        "f1-score": 0.27692307692307694,
        "support": 24
    },
    "topic": {
        "precision": 0.0,
        "recall": 0.0,
        "f1-score": 0.0,
        "support": 8
    },
    "type-of": {
        "precision": 0.9577464788732394,
        "recall": 0.5714285714285714,
        "f1-score": 0.7157894736842105,
        "support": 119
    },
    "usage": {
        "precision": 1.0,
        "recall": 0.3269230769230769,
        "f1-score": 0.4927536231884058,
        "support": 52
    },
    "win-defeat": {
        "precision": 0.7307692307692307,
        "recall": 0.8172043010752689,
        "f1-score": 0.7715736040609137,
        "support": 93
    },
    "micro avg": {
        "precision": 0.7594339622641509,
        "recall": 0.7336371168185584,
        "f1-score": 0.7463126843657817,
        "support": 2414
    },
    "macro avg": {
        "precision": 999999,
        "recall": 999999,
        "f1-score": 0.377734126099399,
        "support": 2414
    },
    "weighted avg": {
        "precision": 0.7509186050594054,
        "recall": 0.7336371168185584,
        "f1-score": 0.7136323375551435,
        "support": 2414
    },
    "samples avg": {
        "precision": 0.7594339622641509,
        "recall": 0.7450686106346484,
        "f1-score": 0.7497855917667239,
        "support": 2414
    }
}