{"related-to": {"precision": 0.0931174089068826, "recall": 0.21296296296296297, "f1-score": 0.12957746478873242, "support": 108}, "artifact": {"precision": 0.0, "recall": 0.0, "f1-score": 0.0, "support": 41}, "cause-effect": {"precision": 0.0, "recall": 0.0, "f1-score": 0.0, "support": 5}, "compare": {"precision": 0.0, "recall": 0.0, "f1-score": 0.0, "support": 24}, "general-affiliation": {"precision": 0.0440251572327044, "recall": 0.09333333333333334, "f1-score": 0.059829059829059825, "support": 75}, "named": {"precision": 0.17482517482517482, "recall": 0.17985611510791366, "f1-score": 0.17730496453900713, "support": 139}, "opposite": {"precision": 0.0, "recall": 0.0, "f1-score": 0.0, "support": 11}, "origin": {"precision": 0.18181818181818182, "recall": 0.02247191011235955, "f1-score": 0.04, "support": 89}, "part-of": {"precision": 0.1956521739130435, "recall": 0.2102803738317757, "f1-score": 0.2027027027027027, "support": 214}, "physical": {"precision": 0.08771929824561403, "recall": 0.09803921568627451, "f1-score": 0.0925925925925926, "support": 102}, "role": {"precision": 0.07926829268292683, "recall": 0.11926605504587157, "f1-score": 0.09523809523809523, "support": 109}, "social": {"precision": 0.0, "recall": 0.0, "f1-score": 0.0, "support": 1}, "temporal": {"precision": 0.0, "recall": 0.0, "f1-score": 0.0, "support": 21}, "topic": {"precision": 0.0, "recall": 0.0, "f1-score": 0.0, "support": 41}, "type-of": {"precision": 0.0, "recall": 0.0, "f1-score": 0.0, "support": 54}, "usage": {"precision": 0.0, "recall": 0.0, "f1-score": 0.0, "support": 122}, "win-defeat": {"precision": 0.0, "recall": 0.0, "f1-score": 0.0, "support": 7}, "micro avg": {"precision": 0.11091393078970718, "recall": 0.10748065348237318, "f1-score": 0.1091703056768559, "support": 1163}, "macro avg": {"precision": 0.050377981624972236, "recall": 0.05507117447532301, "f1-score": 0.0468967576288347, "support": 1163}, "weighted avg": {"precision": 0.09741896988632552, "recall": 0.10748065348237318, "f1-score": 0.09448900340417865, "support": 1163}, "samples avg": {"precision": 0.11091393078970718, "recall": 0.10825199645075421, "f1-score": 0.10913930789707187, "support": 1163}}