{
    "related-to": {
        "precision": 0.23934426229508196,
        "recall": 0.6759259259259259,
        "f1-score": 0.3535108958837772,
        "support": 108
    },
    "artifact": {
        "precision": 0.5416666666666666,
        "recall": 0.3170731707317073,
        "f1-score": 0.39999999999999997,
        "support": 41
    },
    "cause-effect": {
        "precision": 0.0,
        "recall": 0.0,
        "f1-score": 0.0,
        "support": 5
    },
    "compare": {
        "precision": 0.0,
        "recall": 0.0,
        "f1-score": 0.0,
        "support": 24
    },
    "general-affiliation": {
        "precision": 0.10606060606060606,
        "recall": 0.09333333333333334,
        "f1-score": 0.09929078014184398,
        "support": 75
    },
    "named": {
        "precision": 0.4621212121212121,
        "recall": 0.8776978417266187,
        "f1-score": 0.6054590570719603,
        "support": 139
    },
    "opposite": {
        "precision": 0.0,
        "recall": 0.0,
        "f1-score": 0.0,
        "support": 11
    },
    "origin": {
        "precision": 0.42857142857142855,
        "recall": 0.20224719101123595,
        "f1-score": 0.2748091603053435,
        "support": 89
    },
    "part-of": {
        "precision": 0.5,
        "recall": 0.411214953271028,
        "f1-score": 0.45128205128205123,
        "support": 214
    },
    "physical": {
        "precision": 0.6357142857142857,
        "recall": 0.8725490196078431,
        "f1-score": 0.7355371900826447,
        "support": 102
    },
    "role": {
        "precision": 0.6236559139784946,
        "recall": 0.5321100917431193,
        "f1-score": 0.5742574257425742,
        "support": 109
    },
    "social": {
        "precision": 0.0,
        "recall": 0.0,
        "f1-score": 0.0,
        "support": 1
    },
    "temporal": {
        "precision": 0.5454545454545454,
        "recall": 0.2857142857142857,
        "f1-score": 0.37499999999999994,
        "support": 21
    },
    "topic": {
        "precision": 0.0,
        "recall": 0.0,
        "f1-score": 0.0,
        "support": 41
    },
    "type-of": {
        "precision": 0.0,
        "recall": 0.0,
        "f1-score": 0.0,
        "support": 54
    },
    "usage": {
        "precision": 0.0,
        "recall": 0.0,
        "f1-score": 0.0,
        "support": 122
    },
    "win-defeat": {
        "precision": 0.4,
        "recall": 0.2857142857142857,
        "f1-score": 0.3333333333333333,
        "support": 7
    },
    "micro avg": {
        "precision": 0.422360248447205,
        "recall": 0.40928632846087704,
        "f1-score": 0.4157205240174672,
        "support": 1163
    },
    "macro avg": {
        "precision": 999999,
        "recall": 999999,
        "f1-score": 0.2472046996378546,
        "support": 1163
    },
    "weighted avg": {
        "precision": 0.3546566310958829,
        "recall": 0.40928632846087704,
        "f1-score": 0.35687390762538856,
        "support": 1163
    },
    "samples avg": {
        "precision": 0.422360248447205,
        "recall": 0.4115646258503401,
        "f1-score": 0.4151138716356107,
        "support": 1163
    }
}