{
    "related-to": {
        "precision": 0.3206751054852321,
        "recall": 0.6031746031746031,
        "f1-score": 0.4187327823691461,
        "support": 126
    },
    "artifact": {
        "precision": 0.10714285714285714,
        "recall": 0.09090909090909091,
        "f1-score": 0.09836065573770493,
        "support": 33
    },
    "cause-effect": {
        "precision": 0.0,
        "recall": 0.0,
        "f1-score": 0.0,
        "support": 76
    },
    "compare": {
        "precision": 0.4583333333333333,
        "recall": 0.28205128205128205,
        "f1-score": 0.34920634920634913,
        "support": 39
    },
    "general-affiliation": {
        "precision": 0.5,
        "recall": 0.1643835616438356,
        "f1-score": 0.24742268041237112,
        "support": 73
    },
    "named": {
        "precision": 0.5420560747663551,
        "recall": 0.5370370370370371,
        "f1-score": 0.5395348837209303,
        "support": 108
    },
    "opposite": {
        "precision": 0.0,
        "recall": 0.0,
        "f1-score": 0.0,
        "support": 5
    },
    "origin": {
        "precision": 0.24675324675324675,
        "recall": 0.20212765957446807,
        "f1-score": 0.2222222222222222,
        "support": 94
    },
    "part-of": {
        "precision": 0.13551401869158877,
        "recall": 0.32222222222222224,
        "f1-score": 0.1907894736842105,
        "support": 90
    },
    "physical": {
        "precision": 0.6619718309859155,
        "recall": 0.8392857142857143,
        "f1-score": 0.7401574803149606,
        "support": 224
    },
    "role": {
        "precision": 0.36036036036036034,
        "recall": 0.4195804195804196,
        "f1-score": 0.3877221324717286,
        "support": 286
    },
    "social": {
        "precision": 0.0,
        "recall": 0.0,
        "f1-score": 0.0,
        "support": 14
    },
    "temporal": {
        "precision": 0.0,
        "recall": 0.0,
        "f1-score": 0.0,
        "support": 26
    },
    "topic": {
        "precision": 0.0,
        "recall": 0.0,
        "f1-score": 0.0,
        "support": 66
    },
    "type-of": {
        "precision": 0.7647058823529411,
        "recall": 0.1111111111111111,
        "f1-score": 0.19402985074626863,
        "support": 117
    },
    "usage": {
        "precision": 0.0,
        "recall": 0.0,
        "f1-score": 0.0,
        "support": 24
    },
    "win-defeat": {
        "precision": 0.5909090909090909,
        "recall": 0.5909090909090909,
        "f1-score": 0.5909090909090909,
        "support": 44
    },
    "micro avg": {
        "precision": 0.39870689655172414,
        "recall": 0.38408304498269896,
        "f1-score": 0.39125837151921045,
        "support": 1445
    },
    "macro avg": {
        "precision": 999999,
        "recall": 999999,
        "f1-score": 0.2340639765761755,
        "support": 1445
    },
    "weighted avg": {
        "precision": 0.3868956691819172,
        "recall": 0.38408304498269896,
        "f1-score": 0.35252743424506205,
        "support": 1445
    },
    "samples avg": {
        "precision": 0.39870689655172414,
        "recall": 0.38038793103448276,
        "f1-score": 0.3864942528735632,
        "support": 1445
    }
}