{"related-to": {"precision": 0.08504398826979472, "recall": 0.23015873015873015, "f1-score": 0.12419700214132762, "support": 126}, "artifact": {"precision": 0.05128205128205128, "recall": 0.06060606060606061, "f1-score": 0.05555555555555555, "support": 33}, "cause-effect": {"precision": 0.0, "recall": 0.0, "f1-score": 0.0, "support": 76}, "compare": {"precision": 0.0, "recall": 0.0, "f1-score": 0.0, "support": 39}, "general-affiliation": {"precision": 0.05405405405405406, "recall": 0.0821917808219178, "f1-score": 0.06521739130434782, "support": 73}, "named": {"precision": 0.10945273631840796, "recall": 0.2037037037037037, "f1-score": 0.1423948220064725, "support": 108}, "opposite": {"precision": 0.0, "recall": 0.0, "f1-score": 0.0, "support": 5}, "origin": {"precision": 0.17142857142857143, "recall": 0.06382978723404255, "f1-score": 0.09302325581395349, "support": 94}, "part-of": {"precision": 0.08133971291866028, "recall": 0.18888888888888888, "f1-score": 0.11371237458193979, "support": 90}, "physical": {"precision": 0.15254237288135594, "recall": 0.12053571428571429, "f1-score": 0.1346633416458853, "support": 224}, "role": {"precision": 0.17391304347826086, "recall": 0.11188811188811189, "f1-score": 0.13617021276595745, "support": 286}, "social": {"precision": 0.0, "recall": 0.0, "f1-score": 0.0, "support": 14}, "temporal": {"precision": 0.06451612903225806, "recall": 0.07692307692307693, "f1-score": 0.07017543859649122, "support": 26}, "topic": {"precision": 0.0, "recall": 0.0, "f1-score": 0.0, "support": 66}, "type-of": {"precision": 0.0, "recall": 0.0, "f1-score": 0.0, "support": 117}, "usage": {"precision": 0.0, "recall": 0.0, "f1-score": 0.0, "support": 24}, "win-defeat": {"precision": 0.0, "recall": 0.0, "f1-score": 0.0, "support": 44}, "micro avg": {"precision": 0.10272988505747127, "recall": 0.09896193771626298, "f1-score": 0.10081071554458935, "support": 1445}, "macro avg": {"precision": 0.05550427409784792, "recall": 0.06698387379472039, "f1-score": 0.0550064349654077, "support": 1445}, "weighted avg": {"precision": 0.09494504697207337, "recall": 0.09896193771626298, "f1-score": 0.08825868269009977, "support": 1445}, "samples avg": {"precision": 0.10272988505747127, "recall": 0.0980603448275862, "f1-score": 0.09961685823754789, "support": 1445}}