{
    "related-to": {
        "precision": 0.20606060606060606,
        "recall": 0.5396825396825397,
        "f1-score": 0.2982456140350877,
        "support": 126
    },
    "artifact": {
        "precision": 0.5833333333333334,
        "recall": 0.6363636363636364,
        "f1-score": 0.6086956521739131,
        "support": 33
    },
    "cause-effect": {
        "precision": 0.0,
        "recall": 0.0,
        "f1-score": 0.0,
        "support": 76
    },
    "compare": {
        "precision": 0.0,
        "recall": 0.0,
        "f1-score": 0.0,
        "support": 39
    },
    "general-affiliation": {
        "precision": 0.1981981981981982,
        "recall": 0.3013698630136986,
        "f1-score": 0.23913043478260873,
        "support": 73
    },
    "named": {
        "precision": 0.5689655172413793,
        "recall": 0.6111111111111112,
        "f1-score": 0.5892857142857143,
        "support": 108
    },
    "opposite": {
        "precision": 0.0,
        "recall": 0.0,
        "f1-score": 0.0,
        "support": 5
    },
    "origin": {
        "precision": 0.3157894736842105,
        "recall": 0.1276595744680851,
        "f1-score": 0.1818181818181818,
        "support": 94
    },
    "part-of": {
        "precision": 0.07716049382716049,
        "recall": 0.2777777777777778,
        "f1-score": 0.12077294685990338,
        "support": 90
    },
    "physical": {
        "precision": 0.9066666666666666,
        "recall": 0.6071428571428571,
        "f1-score": 0.7272727272727273,
        "support": 224
    },
    "role": {
        "precision": 0.5566502463054187,
        "recall": 0.3951048951048951,
        "f1-score": 0.46216768916155415,
        "support": 286
    },
    "social": {
        "precision": 0.3333333333333333,
        "recall": 0.14285714285714285,
        "f1-score": 0.2,
        "support": 14
    },
    "temporal": {
        "precision": 0.5428571428571428,
        "recall": 0.7307692307692307,
        "f1-score": 0.6229508196721311,
        "support": 26
    },
    "topic": {
        "precision": 0.0,
        "recall": 0.0,
        "f1-score": 0.0,
        "support": 66
    },
    "type-of": {
        "precision": 1.0,
        "recall": 0.017094017094017096,
        "f1-score": 0.033613445378151266,
        "support": 117
    },
    "usage": {
        "precision": 0.0,
        "recall": 0.0,
        "f1-score": 0.0,
        "support": 24
    },
    "win-defeat": {
        "precision": 0.925,
        "recall": 0.8409090909090909,
        "f1-score": 0.8809523809523809,
        "support": 44
    },
    "micro avg": {
        "precision": 0.3757183908045977,
        "recall": 0.3619377162629758,
        "f1-score": 0.3686993302784632,
        "support": 1445
    },
    "macro avg": {
        "precision": 999999,
        "recall": 999999,
        "f1-score": 0.29205327096425604,
        "support": 1445
    },
    "weighted avg": {
        "precision": 0.4820313438218474,
        "recall": 0.3619377162629758,
        "f1-score": 0.3622880320223997,
        "support": 1445
    },
    "samples avg": {
        "precision": 0.3757183908045977,
        "recall": 0.36386494252873564,
        "f1-score": 0.36781609195402293,
        "support": 1445
    }
}