{
    "related-to": {
        "precision": 0.27927927927927926,
        "recall": 0.28703703703703703,
        "f1-score": 0.2831050228310502,
        "support": 108
    },
    "artifact": {
        "precision": 0.4883720930232558,
        "recall": 0.5121951219512195,
        "f1-score": 0.5,
        "support": 41
    },
    "cause-effect": {
        "precision": 0.0,
        "recall": 0.0,
        "f1-score": 0.0,
        "support": 5
    },
    "compare": {
        "precision": 1.0,
        "recall": 0.041666666666666664,
        "f1-score": 0.07999999999999999,
        "support": 24
    },
    "general-affiliation": {
        "precision": 1.0,
        "recall": 0.02666666666666667,
        "f1-score": 0.05194805194805195,
        "support": 75
    },
    "named": {
        "precision": 0.6346153846153846,
        "recall": 0.7122302158273381,
        "f1-score": 0.6711864406779661,
        "support": 139
    },
    "opposite": {
        "precision": 0.0,
        "recall": 0.0,
        "f1-score": 0.0,
        "support": 11
    },
    "origin": {
        "precision": 0.4794520547945205,
        "recall": 0.39325842696629215,
        "f1-score": 0.43209876543209874,
        "support": 89
    },
    "part-of": {
        "precision": 0.3579418344519016,
        "recall": 0.7476635514018691,
        "f1-score": 0.48411497730711045,
        "support": 214
    },
    "physical": {
        "precision": 0.7752808988764045,
        "recall": 0.6764705882352942,
        "f1-score": 0.7225130890052356,
        "support": 102
    },
    "role": {
        "precision": 0.5929203539823009,
        "recall": 0.6146788990825688,
        "f1-score": 0.6036036036036037,
        "support": 109
    },
    "social": {
        "precision": 0.0,
        "recall": 0.0,
        "f1-score": 0.0,
        "support": 1
    },
    "temporal": {
        "precision": 0.5384615384615384,
        "recall": 0.3333333333333333,
        "f1-score": 0.41176470588235287,
        "support": 21
    },
    "topic": {
        "precision": 1.0,
        "recall": 0.14634146341463414,
        "f1-score": 0.2553191489361702,
        "support": 41
    },
    "type-of": {
        "precision": 0.2926829268292683,
        "recall": 0.2222222222222222,
        "f1-score": 0.25263157894736843,
        "support": 54
    },
    "usage": {
        "precision": 0.15625,
        "recall": 0.040983606557377046,
        "f1-score": 0.06493506493506493,
        "support": 122
    },
    "win-defeat": {
        "precision": 0.0,
        "recall": 0.0,
        "f1-score": 0.0,
        "support": 7
    },
    "micro avg": {
        "precision": 0.4569653948535936,
        "recall": 0.44282029234737746,
        "f1-score": 0.4497816593886463,
        "support": 1163
    },
    "macro avg": {
        "precision": 999999,
        "recall": 999999,
        "f1-score": 0.2831306146768278,
        "support": 1163
    },
    "weighted avg": {
        "precision": 0.5052018766233966,
        "recall": 0.44282029234737746,
        "f1-score": 0.4062013859585108,
        "support": 1163
    },
    "samples avg": {
        "precision": 0.4569653948535936,
        "recall": 0.4475007394262053,
        "f1-score": 0.450606329488317,
        "support": 1163
    }
}