{
    "related-to": {
        "precision": 0.0,
        "recall": 0.0,
        "f1-score": 0.0,
        "support": 72
    },
    "artifact": {
        "precision": 0.7631578947368421,
        "recall": 0.9666666666666667,
        "f1-score": 0.8529411764705883,
        "support": 300
    },
    "cause-effect": {
        "precision": 0.0,
        "recall": 0.0,
        "f1-score": 0.0,
        "support": 1
    },
    "compare": {
        "precision": 0.0,
        "recall": 0.0,
        "f1-score": 0.0,
        "support": 8
    },
    "general-affiliation": {
        "precision": 0.7664041994750657,
        "recall": 0.8902439024390244,
        "f1-score": 0.8236953455571228,
        "support": 328
    },
    "named": {
        "precision": 0.5434782608695652,
        "recall": 0.5319148936170213,
        "f1-score": 0.5376344086021505,
        "support": 94
    },
    "opposite": {
        "precision": 0.0,
        "recall": 0.0,
        "f1-score": 0.0,
        "support": 14
    },
    "origin": {
        "precision": 0.0,
        "recall": 0.0,
        "f1-score": 0.0,
        "support": 47
    },
    "part-of": {
        "precision": 0.3142857142857143,
        "recall": 0.11458333333333333,
        "f1-score": 0.16793893129770993,
        "support": 96
    },
    "physical": {
        "precision": 0.7379679144385026,
        "recall": 0.7931034482758621,
        "f1-score": 0.7645429362880887,
        "support": 174
    },
    "role": {
        "precision": 0.5918367346938775,
        "recall": 0.6877470355731226,
        "f1-score": 0.6361974405850092,
        "support": 253
    },
    "social": {
        "precision": 0.375,
        "recall": 0.3829787234042553,
        "f1-score": 0.37894736842105264,
        "support": 47
    },
    "temporal": {
        "precision": 0.42105263157894735,
        "recall": 0.5517241379310345,
        "f1-score": 0.47761194029850745,
        "support": 29
    },
    "topic": {
        "precision": 0.23076923076923078,
        "recall": 0.07142857142857142,
        "f1-score": 0.10909090909090909,
        "support": 42
    },
    "type-of": {
        "precision": 0.9090909090909091,
        "recall": 0.5555555555555556,
        "f1-score": 0.6896551724137931,
        "support": 18
    },
    "usage": {
        "precision": 0.0,
        "recall": 0.0,
        "f1-score": 0.0,
        "support": 2
    },
    "win-defeat": {
        "precision": 0.7047619047619048,
        "recall": 0.7628865979381443,
        "f1-score": 0.7326732673267325,
        "support": 97
    },
    "micro avg": {
        "precision": 0.6767295597484276,
        "recall": 0.6633785450061652,
        "f1-score": 0.6699875466998754,
        "support": 1622
    },
    "macro avg": {
        "precision": 999999,
        "recall": 999999,
        "f1-score": 0.3629958174324508,
        "support": 1622
    },
    "weighted avg": {
        "precision": 0.5943161634189461,
        "recall": 0.6633785450061652,
        "f1-score": 0.6204863207642637,
        "support": 1622
    },
    "samples avg": {
        "precision": 0.6767295597484276,
        "recall": 0.6698113207547169,
        "f1-score": 0.6721174004192871,
        "support": 1622
    }
}