{"related-to": {"precision": 0.0196078431372549, "recall": 0.038461538461538464, "f1-score": 0.025974025974025976, "support": 26}, "artifact": {"precision": 0.12286689419795221, "recall": 0.138996138996139, "f1-score": 0.13043478260869565, "support": 259}, "cause-effect": {"precision": 0.0, "recall": 0.0, "f1-score": 0.0, "support": 4}, "compare": {"precision": 0.0, "recall": 0.0, "f1-score": 0.0, "support": 5}, "general-affiliation": {"precision": 0.31561996779388085, "recall": 0.27146814404432135, "f1-score": 0.29188384214445273, "support": 722}, "named": {"precision": 0.011111111111111112, "recall": 0.012048192771084338, "f1-score": 0.011560693641618498, "support": 83}, "opposite": {"precision": 0.0, "recall": 0.0, "f1-score": 0.0, "support": 6}, "origin": {"precision": 0.0, "recall": 0.0, "f1-score": 0.0, "support": 19}, "part-of": {"precision": 0.09322033898305085, "recall": 0.0625, "f1-score": 0.07482993197278912, "support": 176}, "physical": {"precision": 0.19, "recall": 0.18225419664268586, "f1-score": 0.18604651162790697, "support": 417}, "role": {"precision": 0.16111111111111112, "recall": 0.22955145118733508, "f1-score": 0.1893362350380849, "support": 379}, "social": {"precision": 0.0, "recall": 0.0, "f1-score": 0.0, "support": 22}, "temporal": {"precision": 0.0, "recall": 0.0, "f1-score": 0.0, "support": 24}, "topic": {"precision": 0.0, "recall": 0.0, "f1-score": 0.0, "support": 8}, "type-of": {"precision": 0.0, "recall": 0.0, "f1-score": 0.0, "support": 119}, "usage": {"precision": 0.0, "recall": 0.0, "f1-score": 0.0, "support": 52}, "win-defeat": {"precision": 0.06918238993710692, "recall": 0.11827956989247312, "f1-score": 0.08730158730158731, "support": 93}, "micro avg": {"precision": 0.17967409948542024, "recall": 0.1735708367854184, "f1-score": 0.17656974294142436, "support": 2414}, "macro avg": {"precision": 0.057807038604204, "recall": 0.06197407247032808, "f1-score": 0.058668682959362416, "support": 2414}, "weighted avg": {"precision": 0.1757514587922624, "recall": 0.1735708367854184, "f1-score": 0.1726539142692858, "support": 2414}, "samples avg": {"precision": 0.17967409948542024, "recall": 0.17459977129788448, "f1-score": 0.1762435677530017, "support": 2414}}