{"related-to": {"precision": 0.11235955056179775, "recall": 0.2777777777777778, "f1-score": 0.16, "support": 108}, "artifact": {"precision": 0.0, "recall": 0.0, "f1-score": 0.0, "support": 41}, "cause-effect": {"precision": 0.0, "recall": 0.0, "f1-score": 0.0, "support": 5}, "compare": {"precision": 0.0, "recall": 0.0, "f1-score": 0.0, "support": 24}, "general-affiliation": {"precision": 0.07766990291262135, "recall": 0.10666666666666667, "f1-score": 0.0898876404494382, "support": 75}, "named": {"precision": 0.11409395973154363, "recall": 0.1223021582733813, "f1-score": 0.11805555555555555, "support": 139}, "opposite": {"precision": 0.0, "recall": 0.0, "f1-score": 0.0, "support": 11}, "origin": {"precision": 0.11475409836065574, "recall": 0.07865168539325842, "f1-score": 0.09333333333333334, "support": 89}, "part-of": {"precision": 0.1306122448979592, "recall": 0.14953271028037382, "f1-score": 0.13943355119825707, "support": 214}, "physical": {"precision": 0.0847457627118644, "recall": 0.09803921568627451, "f1-score": 0.09090909090909091, "support": 102}, "role": {"precision": 0.08571428571428572, "recall": 0.11009174311926606, "f1-score": 0.0963855421686747, "support": 109}, "social": {"precision": 0.0, "recall": 0.0, "f1-score": 0.0, "support": 1}, "temporal": {"precision": 0.0, "recall": 0.0, "f1-score": 0.0, "support": 21}, "topic": {"precision": 0.0, "recall": 0.0, "f1-score": 0.0, "support": 41}, "type-of": {"precision": 0.0, "recall": 0.0, "f1-score": 0.0, "support": 54}, "usage": {"precision": 0.0, "recall": 0.0, "f1-score": 0.0, "support": 122}, "win-defeat": {"precision": 0.0, "recall": 0.0, "f1-score": 0.0, "support": 7}, "micro avg": {"precision": 0.10292812777284827, "recall": 0.0997420464316423, "f1-score": 0.10131004366812227, "support": 1163}, "macro avg": {"precision": 0.04234998852298399, "recall": 0.055474232776294034, "f1-score": 0.046353218447902925, "support": 1163}, "weighted avg": {"precision": 0.0773604425481808, "recall": 0.0997420464316423, "f1-score": 0.0845705015031269, "support": 1163}, "samples avg": {"precision": 0.10292812777284827, "recall": 0.10011830819284236, "f1-score": 0.10100561963916, "support": 1163}}