{"related-to": {"precision": 0.09302325581395349, "recall": 0.18518518518518517, "f1-score": 0.12383900928792568, "support": 108}, "artifact": {"precision": 0.03389830508474576, "recall": 0.04878048780487805, "f1-score": 0.04, "support": 41}, "cause-effect": {"precision": 0.0, "recall": 0.0, "f1-score": 0.0, "support": 5}, "compare": {"precision": 0.0, "recall": 0.0, "f1-score": 0.0, "support": 24}, "general-affiliation": {"precision": 0.07017543859649122, "recall": 0.05333333333333334, "f1-score": 0.06060606060606061, "support": 75}, "named": {"precision": 0.14285714285714285, "recall": 0.1366906474820144, "f1-score": 0.1397058823529412, "support": 139}, "opposite": {"precision": 0.0, "recall": 0.0, "f1-score": 0.0, "support": 11}, "origin": {"precision": 0.06060606060606061, "recall": 0.02247191011235955, "f1-score": 0.032786885245901634, "support": 89}, "part-of": {"precision": 0.20526315789473684, "recall": 0.3644859813084112, "f1-score": 0.2626262626262626, "support": 214}, "physical": {"precision": 0.049019607843137254, "recall": 0.049019607843137254, "f1-score": 0.049019607843137254, "support": 102}, "role": {"precision": 0.044642857142857144, "recall": 0.045871559633027525, "f1-score": 0.045248868778280535, "support": 109}, "social": {"precision": 0.0, "recall": 0.0, "f1-score": 0.0, "support": 1}, "temporal": {"precision": 0.0, "recall": 0.0, "f1-score": 0.0, "support": 21}, "topic": {"precision": 0.0, "recall": 0.0, "f1-score": 0.0, "support": 41}, "type-of": {"precision": 0.0, "recall": 0.0, "f1-score": 0.0, "support": 54}, "usage": {"precision": 0.0, "recall": 0.0, "f1-score": 0.0, "support": 122}, "win-defeat": {"precision": 0.0, "recall": 0.0, "f1-score": 0.0, "support": 7}, "micro avg": {"precision": 0.11978704525288376, "recall": 0.11607910576096303, "f1-score": 0.11790393013100436, "support": 1163}, "macro avg": {"precision": 0.04114622504936031, "recall": 0.05328463015896155, "f1-score": 0.04434309274944174, "support": 1163}, "weighted avg": {"precision": 0.0823241354258347, "recall": 0.11607910576096303, "f1-score": 0.09289025355231932, "support": 1163}, "samples avg": {"precision": 0.11978704525288376, "recall": 0.11801242236024845, "f1-score": 0.11860396332446022, "support": 1163}}