{"related-to": {"precision": 0.05851063829787234, "recall": 0.0873015873015873, "f1-score": 0.07006369426751592, "support": 126}, "artifact": {"precision": 0.044444444444444446, "recall": 0.06060606060606061, "f1-score": 0.05128205128205128, "support": 33}, "cause-effect": {"precision": 0.0, "recall": 0.0, "f1-score": 0.0, "support": 76}, "compare": {"precision": 0.0, "recall": 0.0, "f1-score": 0.0, "support": 39}, "general-affiliation": {"precision": 0.04424778761061947, "recall": 0.0684931506849315, "f1-score": 0.05376344086021505, "support": 73}, "named": {"precision": 0.0752212389380531, "recall": 0.1574074074074074, "f1-score": 0.10179640718562875, "support": 108}, "opposite": {"precision": 0.0, "recall": 0.0, "f1-score": 0.0, "support": 5}, "origin": {"precision": 0.08139534883720931, "recall": 0.07446808510638298, "f1-score": 0.07777777777777778, "support": 94}, "part-of": {"precision": 0.026845637583892617, "recall": 0.044444444444444446, "f1-score": 0.03347280334728033, "support": 90}, "physical": {"precision": 0.15469613259668508, "recall": 0.125, "f1-score": 0.1382716049382716, "support": 224}, "role": {"precision": 0.20149253731343283, "recall": 0.1888111888111888, "f1-score": 0.19494584837545126, "support": 286}, "social": {"precision": 0.0, "recall": 0.0, "f1-score": 0.0, "support": 14}, "temporal": {"precision": 0.041666666666666664, "recall": 0.038461538461538464, "f1-score": 0.04, "support": 26}, "topic": {"precision": 0.0, "recall": 0.0, "f1-score": 0.0, "support": 66}, "type-of": {"precision": 0.17391304347826086, "recall": 0.03418803418803419, "f1-score": 0.05714285714285715, "support": 117}, "usage": {"precision": 0.06818181818181818, "recall": 0.125, "f1-score": 0.08823529411764705, "support": 24}, "win-defeat": {"precision": 0.0, "recall": 0.0, "f1-score": 0.0, "support": 44}, "micro avg": {"precision": 0.09770114942528736, "recall": 0.09411764705882353, "f1-score": 0.0958759252731759, "support": 1445}, "macro avg": {"precision": 0.057095017291115, "recall": 0.05906949982421034, "f1-score": 0.05333833995851154, "support": 1445}, "weighted avg": {"precision": 0.1007658006894701, "recall": 0.09411764705882353, "f1-score": 0.0915802444479684, "support": 1445}, "samples avg": {"precision": 0.09770114942528736, "recall": 0.09303160919540229, "f1-score": 0.09458812260536398, "support": 1445}}