{
    "related-to": {
        "precision": 0.2814070351758794,
        "recall": 0.4444444444444444,
        "f1-score": 0.34461538461538466,
        "support": 126
    },
    "artifact": {
        "precision": 0.696969696969697,
        "recall": 0.696969696969697,
        "f1-score": 0.696969696969697,
        "support": 33
    },
    "cause-effect": {
        "precision": 0.0,
        "recall": 0.0,
        "f1-score": 0.0,
        "support": 76
    },
    "compare": {
        "precision": 0.0,
        "recall": 0.0,
        "f1-score": 0.0,
        "support": 39
    },
    "general-affiliation": {
        "precision": 0.21341463414634146,
        "recall": 0.4794520547945205,
        "f1-score": 0.2953586497890295,
        "support": 73
    },
    "named": {
        "precision": 0.5214285714285715,
        "recall": 0.6759259259259259,
        "f1-score": 0.5887096774193549,
        "support": 108
    },
    "opposite": {
        "precision": 0.0,
        "recall": 0.0,
        "f1-score": 0.0,
        "support": 5
    },
    "origin": {
        "precision": 0.5128205128205128,
        "recall": 0.2127659574468085,
        "f1-score": 0.30075187969924816,
        "support": 94
    },
    "part-of": {
        "precision": 0.11524163568773234,
        "recall": 0.34444444444444444,
        "f1-score": 0.17270194986072424,
        "support": 90
    },
    "physical": {
        "precision": 0.8390243902439024,
        "recall": 0.7678571428571429,
        "f1-score": 0.8018648018648018,
        "support": 224
    },
    "role": {
        "precision": 0.5899581589958159,
        "recall": 0.493006993006993,
        "f1-score": 0.5371428571428571,
        "support": 286
    },
    "social": {
        "precision": 0.14285714285714285,
        "recall": 0.14285714285714285,
        "f1-score": 0.14285714285714285,
        "support": 14
    },
    "temporal": {
        "precision": 0.47368421052631576,
        "recall": 0.6923076923076923,
        "f1-score": 0.5625,
        "support": 26
    },
    "topic": {
        "precision": 0.0,
        "recall": 0.0,
        "f1-score": 0.0,
        "support": 66
    },
    "type-of": {
        "precision": 0.4,
        "recall": 0.017094017094017096,
        "f1-score": 0.03278688524590164,
        "support": 117
    },
    "usage": {
        "precision": 0.0,
        "recall": 0.0,
        "f1-score": 0.0,
        "support": 24
    },
    "win-defeat": {
        "precision": 0.9655172413793104,
        "recall": 0.6363636363636364,
        "f1-score": 0.7671232876712328,
        "support": 44
    },
    "micro avg": {
        "precision": 0.4317528735632184,
        "recall": 0.415916955017301,
        "f1-score": 0.42368699330278464,
        "support": 1445
    },
    "macro avg": {
        "precision": 999999,
        "recall": 999999,
        "f1-score": 0.30843424783149265,
        "support": 1445
    },
    "weighted avg": {
        "precision": 0.44927042272523526,
        "recall": 0.415916955017301,
        "f1-score": 0.4033441385664359,
        "support": 1445
    },
    "samples avg": {
        "precision": 0.4317528735632184,
        "recall": 0.413433908045977,
        "f1-score": 0.41954022988505746,
        "support": 1445
    }
}