{"related-to": {"precision": 0.0625, "recall": 0.013157894736842105, "f1-score": 0.021739130434782608, "support": 76}, "artifact": {"precision": 0.0, "recall": 0.0, "f1-score": 0.0, "support": 2}, "cause-effect": {"precision": 0.0, "recall": 0.0, "f1-score": 0.0, "support": 0}, "compare": {"precision": 0.0, "recall": 0.0, "f1-score": 0.0, "support": 6}, "general-affiliation": {"precision": 0.02, "recall": 0.03225806451612903, "f1-score": 0.024691358024691357, "support": 31}, "named": {"precision": 0.08139534883720931, "recall": 0.1076923076923077, "f1-score": 0.09271523178807947, "support": 130}, "opposite": {"precision": 0.0, "recall": 0.0, "f1-score": 0.0, "support": 53}, "origin": {"precision": 0.0, "recall": 0.0, "f1-score": 0.0, "support": 55}, "part-of": {"precision": 0.0, "recall": 0.0, "f1-score": 0.0, "support": 117}, "physical": {"precision": 0.2623239436619718, "recall": 0.3643031784841076, "f1-score": 0.30501535312180145, "support": 409}, "role": {"precision": 0.47424042272126815, "recall": 0.429940119760479, "f1-score": 0.4510050251256281, "support": 835}, "social": {"precision": 0.0, "recall": 0.0, "f1-score": 0.0, "support": 21}, "temporal": {"precision": 0.14285714285714285, "recall": 0.09771986970684039, "f1-score": 0.1160541586073501, "support": 307}, "topic": {"precision": 0.0, "recall": 0.0, "f1-score": 0.0, "support": 13}, "type-of": {"precision": 0.0, "recall": 0.0, "f1-score": 0.0, "support": 28}, "usage": {"precision": 0.0, "recall": 0.0, "f1-score": 0.0, "support": 0}, "win-defeat": {"precision": 0.0, "recall": 0.0, "f1-score": 0.0, "support": 41}, "micro avg": {"precision": 0.3025669033315128, "recall": 0.2608286252354049, "f1-score": 0.28015170670037925, "support": 2124}, "macro avg": {"precision": 0.061371579886917174, "recall": 0.06147479028804152, "f1-score": 0.059483544535431365, "support": 2124}, "weighted avg": {"precision": 0.2651081846214621, "recall": 0.2608286252354049, "f1-score": 0.25962320538767986, "support": 2124}, "samples avg": {"precision": 0.3025669033315128, "recall": 0.2624249044238121, "f1-score": 0.275805570726379, "support": 2124}}