{
    "related-to": {
        "precision": 0.0,
        "recall": 0.0,
        "f1-score": 0.0,
        "support": 76
    },
    "artifact": {
        "precision": 0.1111111111111111,
        "recall": 0.5,
        "f1-score": 0.1818181818181818,
        "support": 2
    },
    "cause-effect": {
        "precision": 0.0,
        "recall": 0.0,
        "f1-score": 0.0,
        "support": 0
    },
    "compare": {
        "precision": 0.0,
        "recall": 0.0,
        "f1-score": 0.0,
        "support": 6
    },
    "general-affiliation": {
        "precision": 0.323943661971831,
        "recall": 0.7419354838709677,
        "f1-score": 0.45098039215686275,
        "support": 31
    },
    "named": {
        "precision": 0.5170731707317073,
        "recall": 0.8153846153846154,
        "f1-score": 0.6328358208955224,
        "support": 130
    },
    "opposite": {
        "precision": 0.14285714285714285,
        "recall": 0.018867924528301886,
        "f1-score": 0.03333333333333333,
        "support": 53
    },
    "origin": {
        "precision": 0.25925925925925924,
        "recall": 0.12727272727272726,
        "f1-score": 0.17073170731707316,
        "support": 55
    },
    "part-of": {
        "precision": 0.3163265306122449,
        "recall": 0.26495726495726496,
        "f1-score": 0.28837209302325584,
        "support": 117
    },
    "physical": {
        "precision": 0.6738738738738739,
        "recall": 0.9144254278728606,
        "f1-score": 0.7759336099585064,
        "support": 409
    },
    "role": {
        "precision": 0.7296875,
        "recall": 0.5592814371257485,
        "f1-score": 0.6332203389830509,
        "support": 835
    },
    "social": {
        "precision": 0.0,
        "recall": 0.0,
        "f1-score": 0.0,
        "support": 21
    },
    "temporal": {
        "precision": 0.8413461538461539,
        "recall": 0.5700325732899023,
        "f1-score": 0.6796116504854369,
        "support": 307
    },
    "topic": {
        "precision": 0.0,
        "recall": 0.0,
        "f1-score": 0.0,
        "support": 13
    },
    "type-of": {
        "precision": 0.5,
        "recall": 0.14285714285714285,
        "f1-score": 0.22222222222222224,
        "support": 28
    },
    "usage": {
        "precision": 0.0,
        "recall": 0.0,
        "f1-score": 0.0,
        "support": 0
    },
    "win-defeat": {
        "precision": 1.0,
        "recall": 0.024390243902439025,
        "f1-score": 0.047619047619047616,
        "support": 41
    },
    "micro avg": {
        "precision": 0.6499180775532496,
        "recall": 0.5602636534839924,
        "f1-score": 0.6017699115044247,
        "support": 2124
    },
    "macro avg": {
        "precision": 999999,
        "recall": 999999,
        "f1-score": 0.27444522652083286,
        "support": 2124
    },
    "weighted avg": {
        "precision": 0.6283058502805908,
        "recall": 0.5602636534839924,
        "f1-score": 0.5670528908132074,
        "support": 2124
    },
    "samples avg": {
        "precision": 0.6499180775532496,
        "recall": 0.5764609503003824,
        "f1-score": 0.6009466593846715,
        "support": 2124
    }
}