{"related-to": {"precision": 0.11494252873563218, "recall": 0.07936507936507936, "f1-score": 0.09389671361502347, "support": 126}, "artifact": {"precision": 0.06896551724137931, "recall": 0.06060606060606061, "f1-score": 0.06451612903225808, "support": 33}, "cause-effect": {"precision": 0.0, "recall": 0.0, "f1-score": 0.0, "support": 76}, "compare": {"precision": 0.0, "recall": 0.0, "f1-score": 0.0, "support": 39}, "general-affiliation": {"precision": 0.05217391304347826, "recall": 0.1643835616438356, "f1-score": 0.0792079207920792, "support": 73}, "named": {"precision": 0.09771986970684039, "recall": 0.2777777777777778, "f1-score": 0.14457831325301207, "support": 108}, "opposite": {"precision": 0.0, "recall": 0.0, "f1-score": 0.0, "support": 5}, "origin": {"precision": 0.0, "recall": 0.0, "f1-score": 0.0, "support": 94}, "part-of": {"precision": 0.05755395683453238, "recall": 0.08888888888888889, "f1-score": 0.06986899563318778, "support": 90}, "physical": {"precision": 0.15765765765765766, "recall": 0.15625, "f1-score": 0.1569506726457399, "support": 224}, "role": {"precision": 0.2163265306122449, "recall": 0.1853146853146853, "f1-score": 0.19962335216572502, "support": 286}, "social": {"precision": 0.0, "recall": 0.0, "f1-score": 0.0, "support": 14}, "temporal": {"precision": 0.0, "recall": 0.0, "f1-score": 0.0, "support": 26}, "topic": {"precision": 0.0, "recall": 0.0, "f1-score": 0.0, "support": 66}, "type-of": {"precision": 0.041666666666666664, "recall": 0.008547008547008548, "f1-score": 0.014184397163120567, "support": 117}, "usage": {"precision": 0.0, "recall": 0.0, "f1-score": 0.0, "support": 24}, "win-defeat": {"precision": 0.0, "recall": 0.0, "f1-score": 0.0, "support": 44}, "micro avg": {"precision": 0.10847701149425287, "recall": 0.10449826989619378, "f1-score": 0.10645047585477618, "support": 1445}, "macro avg": {"precision": 0.04747097885284893, "recall": 0.060066650714313885, "f1-score": 0.04840155848824389, "support": 1445}, "weighted avg": {"precision": 0.09575129512504714, "recall": 0.10449826989619378, "f1-score": 0.09380876656734925, "support": 1445}, "samples avg": {"precision": 0.10847701149425287, "recall": 0.10093390804597702, "f1-score": 0.10344827586206896, "support": 1445}}