{
    "related-to": {
        "precision": 0.2938775510204082,
        "recall": 0.5714285714285714,
        "f1-score": 0.38814016172506743,
        "support": 126
    },
    "artifact": {
        "precision": 0.7272727272727273,
        "recall": 0.7272727272727273,
        "f1-score": 0.7272727272727273,
        "support": 33
    },
    "cause-effect": {
        "precision": 0.0,
        "recall": 0.0,
        "f1-score": 0.0,
        "support": 76
    },
    "compare": {
        "precision": 0.0,
        "recall": 0.0,
        "f1-score": 0.0,
        "support": 39
    },
    "general-affiliation": {
        "precision": 0.2057142857142857,
        "recall": 0.4931506849315068,
        "f1-score": 0.29032258064516125,
        "support": 73
    },
    "named": {
        "precision": 0.3076923076923077,
        "recall": 0.7777777777777778,
        "f1-score": 0.4409448818897637,
        "support": 108
    },
    "opposite": {
        "precision": 0.0,
        "recall": 0.0,
        "f1-score": 0.0,
        "support": 5
    },
    "origin": {
        "precision": 0.4791666666666667,
        "recall": 0.24468085106382978,
        "f1-score": 0.32394366197183094,
        "support": 94
    },
    "part-of": {
        "precision": 0.10843373493975904,
        "recall": 0.1,
        "f1-score": 0.10404624277456649,
        "support": 90
    },
    "physical": {
        "precision": 0.7951219512195122,
        "recall": 0.7276785714285714,
        "f1-score": 0.7599067599067599,
        "support": 224
    },
    "role": {
        "precision": 0.6238938053097345,
        "recall": 0.493006993006993,
        "f1-score": 0.55078125,
        "support": 286
    },
    "social": {
        "precision": 0.35714285714285715,
        "recall": 0.35714285714285715,
        "f1-score": 0.35714285714285715,
        "support": 14
    },
    "temporal": {
        "precision": 0.6333333333333333,
        "recall": 0.7307692307692307,
        "f1-score": 0.6785714285714285,
        "support": 26
    },
    "topic": {
        "precision": 1.0,
        "recall": 0.06060606060606061,
        "f1-score": 0.1142857142857143,
        "support": 66
    },
    "type-of": {
        "precision": 0.4,
        "recall": 0.017094017094017096,
        "f1-score": 0.03278688524590164,
        "support": 117
    },
    "usage": {
        "precision": 0.0,
        "recall": 0.0,
        "f1-score": 0.0,
        "support": 24
    },
    "win-defeat": {
        "precision": 0.7659574468085106,
        "recall": 0.8181818181818182,
        "f1-score": 0.7912087912087913,
        "support": 44
    },
    "micro avg": {
        "precision": 0.44396551724137934,
        "recall": 0.427681660899654,
        "f1-score": 0.4356714839619316,
        "support": 1445
    },
    "macro avg": {
        "precision": 999999,
        "recall": 999999,
        "f1-score": 0.3270208201553276,
        "support": 1445
    },
    "weighted avg": {
        "precision": 0.47653074466832135,
        "recall": 0.427681660899654,
        "f1-score": 0.40007864392761155,
        "support": 1445
    },
    "samples avg": {
        "precision": 0.44396551724137934,
        "recall": 0.42528735632183906,
        "f1-score": 0.4315134099616858,
        "support": 1445
    }
}