{
    "related-to": {
        "precision": 0.27941176470588236,
        "recall": 0.4523809523809524,
        "f1-score": 0.3454545454545454,
        "support": 126
    },
    "artifact": {
        "precision": 0.696969696969697,
        "recall": 0.696969696969697,
        "f1-score": 0.696969696969697,
        "support": 33
    },
    "cause-effect": {
        "precision": 0.0,
        "recall": 0.0,
        "f1-score": 0.0,
        "support": 76
    },
    "compare": {
        "precision": 0.0,
        "recall": 0.0,
        "f1-score": 0.0,
        "support": 39
    },
    "general-affiliation": {
        "precision": 0.1822429906542056,
        "recall": 0.5342465753424658,
        "f1-score": 0.27177700348432055,
        "support": 73
    },
    "named": {
        "precision": 0.3269961977186312,
        "recall": 0.7962962962962963,
        "f1-score": 0.463611859838275,
        "support": 108
    },
    "opposite": {
        "precision": 0.0,
        "recall": 0.0,
        "f1-score": 0.0,
        "support": 5
    },
    "origin": {
        "precision": 0.43902439024390244,
        "recall": 0.19148936170212766,
        "f1-score": 0.26666666666666666,
        "support": 94
    },
    "part-of": {
        "precision": 0.1326530612244898,
        "recall": 0.14444444444444443,
        "f1-score": 0.13829787234042554,
        "support": 90
    },
    "physical": {
        "precision": 0.7747747747747747,
        "recall": 0.7678571428571429,
        "f1-score": 0.7713004484304933,
        "support": 224
    },
    "role": {
        "precision": 0.6354679802955665,
        "recall": 0.45104895104895104,
        "f1-score": 0.5276073619631901,
        "support": 286
    },
    "social": {
        "precision": 0.3125,
        "recall": 0.35714285714285715,
        "f1-score": 0.3333333333333333,
        "support": 14
    },
    "temporal": {
        "precision": 0.375,
        "recall": 0.6923076923076923,
        "f1-score": 0.48648648648648646,
        "support": 26
    },
    "topic": {
        "precision": 1.0,
        "recall": 0.015151515151515152,
        "f1-score": 0.02985074626865672,
        "support": 66
    },
    "type-of": {
        "precision": 1.0,
        "recall": 0.017094017094017096,
        "f1-score": 0.033613445378151266,
        "support": 117
    },
    "usage": {
        "precision": 0.75,
        "recall": 0.125,
        "f1-score": 0.21428571428571427,
        "support": 24
    },
    "win-defeat": {
        "precision": 0.9285714285714286,
        "recall": 0.8863636363636364,
        "f1-score": 0.9069767441860465,
        "support": 44
    },
    "micro avg": {
        "precision": 0.43462643678160917,
        "recall": 0.4186851211072664,
        "f1-score": 0.426506873457878,
        "support": 1445
    },
    "macro avg": {
        "precision": 999999,
        "recall": 999999,
        "f1-score": 0.3227195250050589,
        "support": 1445
    },
    "weighted avg": {
        "precision": 0.5337770332101494,
        "recall": 0.4186851211072664,
        "f1-score": 0.39161635125031363,
        "support": 1445
    },
    "samples avg": {
        "precision": 0.43462643678160917,
        "recall": 0.41594827586206895,
        "f1-score": 0.4221743295019157,
        "support": 1445
    }
}