{"related-to": {"precision": 0.0, "recall": 0.0, "f1-score": 0.0, "support": 6}, "artifact": {"precision": 0.0, "recall": 0.0, "f1-score": 0.0, "support": 0}, "cause-effect": {"precision": 0.0, "recall": 0.0, "f1-score": 0.0, "support": 0}, "compare": {"precision": 0.0, "recall": 0.0, "f1-score": 0.0, "support": 0}, "general-affiliation": {"precision": 0.0, "recall": 0.0, "f1-score": 0.0, "support": 10}, "named": {"precision": 0.0, "recall": 0.0, "f1-score": 0.0, "support": 4}, "opposite": {"precision": 0.0, "recall": 0.0, "f1-score": 0.0, "support": 39}, "origin": {"precision": 0.0, "recall": 0.0, "f1-score": 0.0, "support": 0}, "part-of": {"precision": 0.07692307692307693, "recall": 0.03571428571428571, "f1-score": 0.04878048780487805, "support": 28}, "physical": {"precision": 0.3271375464684015, "recall": 0.6821705426356589, "f1-score": 0.4422110552763819, "support": 129}, "role": {"precision": 0.4915254237288136, "recall": 0.2013888888888889, "f1-score": 0.28571428571428575, "support": 144}, "social": {"precision": 0.0, "recall": 0.0, "f1-score": 0.0, "support": 0}, "temporal": {"precision": 0.0, "recall": 0.0, "f1-score": 0.0, "support": 1}, "topic": {"precision": 0.0, "recall": 0.0, "f1-score": 0.0, "support": 0}, "type-of": {"precision": 0.0, "recall": 0.0, "f1-score": 0.0, "support": 0}, "usage": {"precision": 0.0, "recall": 0.0, "f1-score": 0.0, "support": 0}, "win-defeat": {"precision": 0.0, "recall": 0.0, "f1-score": 0.0, "support": 35}, "micro avg": {"precision": 0.29797979797979796, "recall": 0.29797979797979796, "f1-score": 0.29797979797979796, "support": 396}, "macro avg": {"precision": 0.05268153218354659, "recall": 0.054074924543460794, "f1-score": 0.04568857816444387, "support": 396}, "weighted avg": {"precision": 0.2907430572354018, "recall": 0.29797979797979796, "f1-score": 0.25139883063648233, "support": 396}, "samples avg": {"precision": 0.29797979797979796, "recall": 0.29797979797979796, "f1-score": 0.29797979797979796, "support": 396}}