{
    "related-to": {
        "precision": 0.0,
        "recall": 0.0,
        "f1-score": 0.0,
        "support": 6
    },
    "artifact": {
        "precision": 0.0,
        "recall": 0.0,
        "f1-score": 0.0,
        "support": 0
    },
    "cause-effect": {
        "precision": 0.0,
        "recall": 0.0,
        "f1-score": 0.0,
        "support": 0
    },
    "compare": {
        "precision": 0.0,
        "recall": 0.0,
        "f1-score": 0.0,
        "support": 0
    },
    "general-affiliation": {
        "precision": 0.375,
        "recall": 0.3,
        "f1-score": 0.33333333333333326,
        "support": 10
    },
    "named": {
        "precision": 0.5,
        "recall": 0.75,
        "f1-score": 0.6,
        "support": 4
    },
    "opposite": {
        "precision": 0.0,
        "recall": 0.0,
        "f1-score": 0.0,
        "support": 39
    },
    "origin": {
        "precision": 0.0,
        "recall": 0.0,
        "f1-score": 0.0,
        "support": 0
    },
    "part-of": {
        "precision": 0.375,
        "recall": 0.10714285714285714,
        "f1-score": 0.16666666666666666,
        "support": 28
    },
    "physical": {
        "precision": 0.5412844036697247,
        "recall": 0.4573643410852713,
        "f1-score": 0.495798319327731,
        "support": 129
    },
    "role": {
        "precision": 0.5165289256198347,
        "recall": 0.8680555555555556,
        "f1-score": 0.6476683937823834,
        "support": 144
    },
    "social": {
        "precision": 0.0,
        "recall": 0.0,
        "f1-score": 0.0,
        "support": 0
    },
    "temporal": {
        "precision": 0.06666666666666667,
        "recall": 1.0,
        "f1-score": 0.125,
        "support": 1
    },
    "topic": {
        "precision": 0.0,
        "recall": 0.0,
        "f1-score": 0.0,
        "support": 0
    },
    "type-of": {
        "precision": 0.0,
        "recall": 0.0,
        "f1-score": 0.0,
        "support": 0
    },
    "usage": {
        "precision": 0.0,
        "recall": 0.0,
        "f1-score": 0.0,
        "support": 0
    },
    "win-defeat": {
        "precision": 0.0,
        "recall": 0.0,
        "f1-score": 0.0,
        "support": 35
    },
    "micro avg": {
        "precision": 0.4898989898989899,
        "recall": 0.4898989898989899,
        "f1-score": 0.4898989898989899,
        "support": 396
    },
    "macro avg": {
        "precision": 999999,
        "recall": 999999,
        "f1-score": 0.26316296812334605,
        "support": 396
    },
    "weighted avg": {
        "precision": 0.4053598990639326,
        "recall": 0.4898989898989899,
        "f1-score": 0.4236041209543952,
        "support": 396
    },
    "samples avg": {
        "precision": 0.4898989898989899,
        "recall": 0.4898989898989899,
        "f1-score": 0.4898989898989899,
        "support": 396
    }
}