{
    "related-to": {
        "precision": 0.4,
        "recall": 0.3333333333333333,
        "f1-score": 0.3636363636363636,
        "support": 6
    },
    "artifact": {
        "precision": 0.0,
        "recall": 0.0,
        "f1-score": 0.0,
        "support": 0
    },
    "cause-effect": {
        "precision": 0.0,
        "recall": 0.0,
        "f1-score": 0.0,
        "support": 0
    },
    "compare": {
        "precision": 0.0,
        "recall": 0.0,
        "f1-score": 0.0,
        "support": 0
    },
    "general-affiliation": {
        "precision": 0.25,
        "recall": 0.4,
        "f1-score": 0.3076923076923077,
        "support": 10
    },
    "named": {
        "precision": 0.5,
        "recall": 0.75,
        "f1-score": 0.6,
        "support": 4
    },
    "opposite": {
        "precision": 0.0,
        "recall": 0.0,
        "f1-score": 0.0,
        "support": 39
    },
    "origin": {
        "precision": 0.0,
        "recall": 0.0,
        "f1-score": 0.0,
        "support": 0
    },
    "part-of": {
        "precision": 0.4375,
        "recall": 0.25,
        "f1-score": 0.3181818181818182,
        "support": 28
    },
    "physical": {
        "precision": 0.4438202247191011,
        "recall": 0.6124031007751938,
        "f1-score": 0.5146579804560262,
        "support": 129
    },
    "role": {
        "precision": 0.41216216216216217,
        "recall": 0.4236111111111111,
        "f1-score": 0.41780821917808225,
        "support": 144
    },
    "social": {
        "precision": 0.0,
        "recall": 0.0,
        "f1-score": 0.0,
        "support": 0
    },
    "temporal": {
        "precision": 0.058823529411764705,
        "recall": 1.0,
        "f1-score": 0.1111111111111111,
        "support": 1
    },
    "topic": {
        "precision": 0.0,
        "recall": 0.0,
        "f1-score": 0.0,
        "support": 0
    },
    "type-of": {
        "precision": 0.0,
        "recall": 0.0,
        "f1-score": 0.0,
        "support": 0
    },
    "usage": {
        "precision": 0.0,
        "recall": 0.0,
        "f1-score": 0.0,
        "support": 0
    },
    "win-defeat": {
        "precision": 0.0,
        "recall": 0.0,
        "f1-score": 0.0,
        "support": 35
    },
    "micro avg": {
        "precision": 0.39646464646464646,
        "recall": 0.39646464646464646,
        "f1-score": 0.39646464646464646,
        "support": 396
    },
    "macro avg": {
        "precision": 999999,
        "recall": 999999,
        "f1-score": 0.2925653111395232,
        "support": 396
    },
    "weighted avg": {
        "precision": 0.34296208047860394,
        "recall": 0.39646464646464646,
        "f1-score": 0.36170254121064266,
        "support": 396
    },
    "samples avg": {
        "precision": 0.39646464646464646,
        "recall": 0.39646464646464646,
        "f1-score": 0.39646464646464646,
        "support": 396
    }
}