{"related-to": {"precision": 0.14285714285714285, "recall": 0.05555555555555555, "f1-score": 0.08, "support": 72}, "artifact": {"precision": 0.19117647058823528, "recall": 0.21666666666666667, "f1-score": 0.203125, "support": 300}, "cause-effect": {"precision": 0.0, "recall": 0.0, "f1-score": 0.0, "support": 1}, "compare": {"precision": 0.0, "recall": 0.0, "f1-score": 0.0, "support": 8}, "general-affiliation": {"precision": 0.18571428571428572, "recall": 0.039634146341463415, "f1-score": 0.06532663316582915, "support": 328}, "named": {"precision": 0.0625, "recall": 0.02127659574468085, "f1-score": 0.031746031746031744, "support": 94}, "opposite": {"precision": 0.0, "recall": 0.0, "f1-score": 0.0, "support": 14}, "origin": {"precision": 0.022222222222222223, "recall": 0.02127659574468085, "f1-score": 0.02173913043478261, "support": 47}, "part-of": {"precision": 0.03137254901960784, "recall": 0.08333333333333333, "f1-score": 0.045584045584045586, "support": 96}, "physical": {"precision": 0.12169312169312169, "recall": 0.13218390804597702, "f1-score": 0.12672176308539945, "support": 174}, "role": {"precision": 0.15283018867924528, "recall": 0.3201581027667984, "f1-score": 0.2068965517241379, "support": 253}, "social": {"precision": 0.0, "recall": 0.0, "f1-score": 0.0, "support": 47}, "temporal": {"precision": 0.0, "recall": 0.0, "f1-score": 0.0, "support": 29}, "topic": {"precision": 0.0, "recall": 0.0, "f1-score": 0.0, "support": 42}, "type-of": {"precision": 0.0, "recall": 0.0, "f1-score": 0.0, "support": 18}, "usage": {"precision": 0.0, "recall": 0.0, "f1-score": 0.0, "support": 2}, "win-defeat": {"precision": 0.06666666666666667, "recall": 0.041237113402061855, "f1-score": 0.05095541401273885, "support": 97}, "micro avg": {"precision": 0.12641509433962264, "recall": 0.12392108508014797, "f1-score": 0.1251556662515567, "support": 1622}, "macro avg": {"precision": 0.05747250867297221, "recall": 0.054783648094189286, "f1-score": 0.048946739397233256, "support": 1622}, "weighted avg": {"precision": 0.12625860536616293, "recall": 0.12392108508014797, "f1-score": 0.10841162742991627, "support": 1622}, "samples avg": {"precision": 0.12641509433962264, "recall": 0.12327044025157233, "f1-score": 0.12431865828092242, "support": 1622}}