{
    "seeds": [
        4012,
        5096,
        8857,
        8878,
        9908
    ],
    "average": {
        "related-to": {
            "precision": 0.3,
            "recall": 0.03076923076923077,
            "f1-score": 0.05566502463054187,
            "support": 130
        },
        "artifact": {
            "precision": 0.699749909735943,
            "recall": 0.9343629343629344,
            "f1-score": 0.7999888389404946,
            "support": 1295
        },
        "cause-effect": {
            "precision": 0.0,
            "recall": 0.0,
            "f1-score": 0.0,
            "support": 20
        },
        "compare": {
            "precision": 0.0,
            "recall": 0.0,
            "f1-score": 0.0,
            "support": 25
        },
        "general-affiliation": {
            "precision": 0.7602826274109831,
            "recall": 0.8523545706371192,
            "f1-score": 0.8031982949548013,
            "support": 3610
        },
        "named": {
            "precision": 0.6,
            "recall": 0.024096385542168676,
            "f1-score": 0.045284780578898225,
            "support": 415
        },
        "opposite": {
            "precision": 0.0,
            "recall": 0.0,
            "f1-score": 0.0,
            "support": 30
        },
        "origin": {
            "precision": 0.3244444444444444,
            "recall": 0.15789473684210525,
            "f1-score": 0.2012304663467454,
            "support": 95
        },
        "part-of": {
            "precision": 0.3784394464487302,
            "recall": 0.18636363636363634,
            "f1-score": 0.24506803039096886,
            "support": 880
        },
        "physical": {
            "precision": 0.7106539815135771,
            "recall": 0.9376498800959233,
            "f1-score": 0.8080369437448404,
            "support": 2085
        },
        "role": {
            "precision": 0.7207243628948566,
            "recall": 0.5577836411609499,
            "f1-score": 0.6275880916236751,
            "support": 1895
        },
        "social": {
            "precision": 0.0,
            "recall": 0.0,
            "f1-score": 0.0,
            "support": 110
        },
        "temporal": {
            "precision": 0.13523949169110458,
            "recall": 0.16666666666666669,
            "f1-score": 0.14385201502238915,
            "support": 120
        },
        "topic": {
            "precision": 0.0,
            "recall": 0.0,
            "f1-score": 0.0,
            "support": 40
        },
        "type-of": {
            "precision": 0.8874358681006186,
            "recall": 0.5529411764705883,
            "f1-score": 0.6718004714542719,
            "support": 595
        },
        "usage": {
            "precision": 0.7913043478260869,
            "recall": 0.24615384615384617,
            "f1-score": 0.3599892689470154,
            "support": 260
        },
        "win-defeat": {
            "precision": 0.6987386254393589,
            "recall": 0.8043010752688172,
            "f1-score": 0.7474463243394335,
            "support": 465
        },
        "micro avg": {
            "precision": 0.7100343053173241,
            "recall": 0.6859154929577465,
            "f1-score": 0.6977665402444163,
            "support": 12070
        },
        "macro avg": {
            "precision": 999999.0,
            "recall": 999999.0,
            "f1-score": 0.32406756182200447,
            "support": 12070
        },
        "weighted avg": {
            "precision": 0.6814446763949665,
            "recall": 0.6859154929577465,
            "f1-score": 0.6568780052859051,
            "support": 12070
        },
        "samples avg": {
            "precision": 0.7100343053173241,
            "recall": 0.6966695254431102,
            "f1-score": 0.7010720411663808,
            "support": 12070
        }
    }
}