{
    "related-to": {
        "precision": 0.31640625,
        "recall": 0.6428571428571429,
        "f1-score": 0.42408376963350786,
        "support": 126
    },
    "artifact": {
        "precision": 0.058823529411764705,
        "recall": 0.09090909090909091,
        "f1-score": 0.07142857142857142,
        "support": 33
    },
    "cause-effect": {
        "precision": 0.0,
        "recall": 0.0,
        "f1-score": 0.0,
        "support": 76
    },
    "compare": {
        "precision": 0.5405405405405406,
        "recall": 0.5128205128205128,
        "f1-score": 0.5263157894736842,
        "support": 39
    },
    "general-affiliation": {
        "precision": 0.2631578947368421,
        "recall": 0.0684931506849315,
        "f1-score": 0.10869565217391304,
        "support": 73
    },
    "named": {
        "precision": 0.3795620437956204,
        "recall": 0.48148148148148145,
        "f1-score": 0.4244897959183674,
        "support": 108
    },
    "opposite": {
        "precision": 0.0,
        "recall": 0.0,
        "f1-score": 0.0,
        "support": 5
    },
    "origin": {
        "precision": 0.32989690721649484,
        "recall": 0.3404255319148936,
        "f1-score": 0.3350785340314136,
        "support": 94
    },
    "part-of": {
        "precision": 0.12380952380952381,
        "recall": 0.28888888888888886,
        "f1-score": 0.17333333333333334,
        "support": 90
    },
    "physical": {
        "precision": 0.6614173228346457,
        "recall": 0.75,
        "f1-score": 0.702928870292887,
        "support": 224
    },
    "role": {
        "precision": 0.44680851063829785,
        "recall": 0.4405594405594406,
        "f1-score": 0.44366197183098594,
        "support": 286
    },
    "social": {
        "precision": 0.0,
        "recall": 0.0,
        "f1-score": 0.0,
        "support": 14
    },
    "temporal": {
        "precision": 0.0,
        "recall": 0.0,
        "f1-score": 0.0,
        "support": 26
    },
    "topic": {
        "precision": 0.5,
        "recall": 0.030303030303030304,
        "f1-score": 0.05714285714285715,
        "support": 66
    },
    "type-of": {
        "precision": 0.42857142857142855,
        "recall": 0.02564102564102564,
        "f1-score": 0.04838709677419355,
        "support": 117
    },
    "usage": {
        "precision": 0.0,
        "recall": 0.0,
        "f1-score": 0.0,
        "support": 24
    },
    "win-defeat": {
        "precision": 0.8947368421052632,
        "recall": 0.7727272727272727,
        "f1-score": 0.8292682926829269,
        "support": 44
    },
    "micro avg": {
        "precision": 0.39655172413793105,
        "recall": 0.38200692041522494,
        "f1-score": 0.38914346140289036,
        "support": 1445
    },
    "macro avg": {
        "precision": 999999,
        "recall": 999999,
        "f1-score": 0.24381261968921417,
        "support": 1445
    },
    "weighted avg": {
        "precision": 0.39010507340594874,
        "recall": 0.38200692041522494,
        "f1-score": 0.35118269276719544,
        "support": 1445
    },
    "samples avg": {
        "precision": 0.39655172413793105,
        "recall": 0.3785919540229885,
        "f1-score": 0.38457854406130265,
        "support": 1445
    }
}