{"related-to": {"precision": 0.09818181818181818, "recall": 0.21428571428571427, "f1-score": 0.13466334164588528, "support": 126}, "artifact": {"precision": 0.027777777777777776, "recall": 0.034482758620689655, "f1-score": 0.030769230769230767, "support": 29}, "cause-effect": {"precision": 0.0, "recall": 0.0, "f1-score": 0.0, "support": 76}, "compare": {"precision": 0.0, "recall": 0.0, "f1-score": 0.0, "support": 39}, "general-affiliation": {"precision": 0.06598984771573604, "recall": 0.1780821917808219, "f1-score": 0.0962962962962963, "support": 73}, "named": {"precision": 0.1, "recall": 0.24770642201834864, "f1-score": 0.14248021108179418, "support": 109}, "opposite": {"precision": 0.0, "recall": 0.0, "f1-score": 0.0, "support": 5}, "origin": {"precision": 0.12, "recall": 0.03260869565217391, "f1-score": 0.05128205128205127, "support": 92}, "part-of": {"precision": 0.061224489795918366, "recall": 0.06382978723404255, "f1-score": 0.0625, "support": 94}, "physical": {"precision": 0.15463917525773196, "recall": 0.13392857142857142, "f1-score": 0.14354066985645933, "support": 224}, "role": {"precision": 0.24064171122994651, "recall": 0.15845070422535212, "f1-score": 0.1910828025477707, "support": 284}, "social": {"precision": 0.0, "recall": 0.0, "f1-score": 0.0, "support": 14}, "temporal": {"precision": 0.0, "recall": 0.0, "f1-score": 0.0, "support": 26}, "topic": {"precision": 0.0, "recall": 0.0, "f1-score": 0.0, "support": 65}, "type-of": {"precision": 0.15384615384615385, "recall": 0.03418803418803419, "f1-score": 0.05594405594405596, "support": 117}, "usage": {"precision": 0.0, "recall": 0.0, "f1-score": 0.0, "support": 24}, "win-defeat": {"precision": 0.043478260869565216, "recall": 0.045454545454545456, "f1-score": 0.04444444444444444, "support": 44}, "micro avg": {"precision": 0.1138328530259366, "recall": 0.10964607911172797, "f1-score": 0.11170024743725698, "support": 1441}, "macro avg": {"precision": 0.06269289615733223, "recall": 0.06723631911107614, "f1-score": 0.056059006109881654, "support": 1441}, "weighted avg": {"precision": 0.11699048597906132, "recall": 0.10964607911172797, "f1-score": 0.10127303689632686, "support": 1441}, "samples avg": {"precision": 0.1138328530259366, "recall": 0.10734870317002881, "f1-score": 0.10951008645533142, "support": 1441}}