{
    "related-to": {
        "precision": 0.2706270627062706,
        "recall": 0.6507936507936508,
        "f1-score": 0.3822843822843823,
        "support": 126
    },
    "artifact": {
        "precision": 0.8571428571428571,
        "recall": 0.6206896551724138,
        "f1-score": 0.7200000000000001,
        "support": 29
    },
    "cause-effect": {
        "precision": 0.0,
        "recall": 0.0,
        "f1-score": 0.0,
        "support": 76
    },
    "compare": {
        "precision": 0.0,
        "recall": 0.0,
        "f1-score": 0.0,
        "support": 39
    },
    "general-affiliation": {
        "precision": 0.2631578947368421,
        "recall": 0.273972602739726,
        "f1-score": 0.2684563758389262,
        "support": 73
    },
    "named": {
        "precision": 0.4662576687116564,
        "recall": 0.6972477064220184,
        "f1-score": 0.5588235294117647,
        "support": 109
    },
    "opposite": {
        "precision": 0.0,
        "recall": 0.0,
        "f1-score": 0.0,
        "support": 5
    },
    "origin": {
        "precision": 0.6111111111111112,
        "recall": 0.2391304347826087,
        "f1-score": 0.34375,
        "support": 92
    },
    "part-of": {
        "precision": 0.1152073732718894,
        "recall": 0.26595744680851063,
        "f1-score": 0.1607717041800643,
        "support": 94
    },
    "physical": {
        "precision": 0.6953125,
        "recall": 0.7946428571428571,
        "f1-score": 0.7416666666666666,
        "support": 224
    },
    "role": {
        "precision": 0.5404411764705882,
        "recall": 0.5176056338028169,
        "f1-score": 0.5287769784172661,
        "support": 284
    },
    "social": {
        "precision": 0.0,
        "recall": 0.0,
        "f1-score": 0.0,
        "support": 14
    },
    "temporal": {
        "precision": 0.7777777777777778,
        "recall": 0.5384615384615384,
        "f1-score": 0.6363636363636364,
        "support": 26
    },
    "topic": {
        "precision": 0.0,
        "recall": 0.0,
        "f1-score": 0.0,
        "support": 65
    },
    "type-of": {
        "precision": 0.6666666666666666,
        "recall": 0.017094017094017096,
        "f1-score": 0.03333333333333333,
        "support": 117
    },
    "usage": {
        "precision": 0.0,
        "recall": 0.0,
        "f1-score": 0.0,
        "support": 24
    },
    "win-defeat": {
        "precision": 0.9444444444444444,
        "recall": 0.38636363636363635,
        "f1-score": 0.5483870967741935,
        "support": 44
    },
    "micro avg": {
        "precision": 0.4329971181556196,
        "recall": 0.4170714781401804,
        "f1-score": 0.42488511841640153,
        "support": 1441
    },
    "macro avg": {
        "precision": 999999,
        "recall": 999999,
        "f1-score": 0.28956551195707253,
        "support": 1441
    },
    "weighted avg": {
        "precision": 0.447642992483482,
        "recall": 0.4170714781401804,
        "f1-score": 0.38665852498975584,
        "support": 1441
    },
    "samples avg": {
        "precision": 0.4329971181556196,
        "recall": 0.4142651296829971,
        "f1-score": 0.4205091258405379,
        "support": 1441
    }
}