{"related-to": {"precision": 0.07531380753138076, "recall": 0.14285714285714285, "f1-score": 0.09863013698630137, "support": 126}, "artifact": {"precision": 0.0625, "recall": 0.06060606060606061, "f1-score": 0.06153846153846154, "support": 33}, "cause-effect": {"precision": 0.0, "recall": 0.0, "f1-score": 0.0, "support": 76}, "compare": {"precision": 0.0, "recall": 0.0, "f1-score": 0.0, "support": 39}, "general-affiliation": {"precision": 0.034722222222222224, "recall": 0.0684931506849315, "f1-score": 0.04608294930875576, "support": 73}, "named": {"precision": 0.08487084870848709, "recall": 0.21296296296296297, "f1-score": 0.12137203166226913, "support": 108}, "opposite": {"precision": 0.0, "recall": 0.0, "f1-score": 0.0, "support": 5}, "origin": {"precision": 0.08064516129032258, "recall": 0.05319148936170213, "f1-score": 0.0641025641025641, "support": 94}, "part-of": {"precision": 0.09558823529411764, "recall": 0.14444444444444443, "f1-score": 0.1150442477876106, "support": 90}, "physical": {"precision": 0.15819209039548024, "recall": 0.125, "f1-score": 0.13965087281795513, "support": 224}, "role": {"precision": 0.20851063829787234, "recall": 0.17132867132867133, "f1-score": 0.18809980806142035, "support": 286}, "social": {"precision": 0.0, "recall": 0.0, "f1-score": 0.0, "support": 14}, "temporal": {"precision": 0.0, "recall": 0.0, "f1-score": 0.0, "support": 26}, "topic": {"precision": 0.0, "recall": 0.0, "f1-score": 0.0, "support": 66}, "type-of": {"precision": 0.0, "recall": 0.0, "f1-score": 0.0, "support": 117}, "usage": {"precision": 0.0, "recall": 0.0, "f1-score": 0.0, "support": 24}, "win-defeat": {"precision": 0.0, "recall": 0.0, "f1-score": 0.0, "support": 44}, "micro avg": {"precision": 0.10272988505747127, "recall": 0.09896193771626298, "f1-score": 0.10081071554458935, "support": 1445}, "macro avg": {"precision": 0.04707900021999311, "recall": 0.057581407190936226, "f1-score": 0.04908947483913753, "support": 1445}, "weighted avg": {"precision": 0.09308337077593962, "recall": 0.09896193771626298, "f1-score": 0.09161824578091458, "support": 1445}, "samples avg": {"precision": 0.10272988505747127, "recall": 0.09554597701149425, "f1-score": 0.0979406130268199, "support": 1445}}