{
    "related-to": {
        "precision": 0.28773584905660377,
        "recall": 0.48412698412698413,
        "f1-score": 0.36094674556213013,
        "support": 126
    },
    "artifact": {
        "precision": 0.8620689655172413,
        "recall": 0.7575757575757576,
        "f1-score": 0.8064516129032258,
        "support": 33
    },
    "cause-effect": {
        "precision": 0.0,
        "recall": 0.0,
        "f1-score": 0.0,
        "support": 76
    },
    "compare": {
        "precision": 0.0,
        "recall": 0.0,
        "f1-score": 0.0,
        "support": 39
    },
    "general-affiliation": {
        "precision": 0.24528301886792453,
        "recall": 0.5342465753424658,
        "f1-score": 0.33620689655172414,
        "support": 73
    },
    "named": {
        "precision": 0.37719298245614036,
        "recall": 0.7962962962962963,
        "f1-score": 0.511904761904762,
        "support": 108
    },
    "opposite": {
        "precision": 0.0,
        "recall": 0.0,
        "f1-score": 0.0,
        "support": 5
    },
    "origin": {
        "precision": 0.5,
        "recall": 0.2872340425531915,
        "f1-score": 0.3648648648648649,
        "support": 94
    },
    "part-of": {
        "precision": 0.15469613259668508,
        "recall": 0.3111111111111111,
        "f1-score": 0.2066420664206642,
        "support": 90
    },
    "physical": {
        "precision": 0.7761904761904762,
        "recall": 0.7276785714285714,
        "f1-score": 0.7511520737327189,
        "support": 224
    },
    "role": {
        "precision": 0.6909090909090909,
        "recall": 0.5314685314685315,
        "f1-score": 0.6007905138339921,
        "support": 286
    },
    "social": {
        "precision": 0.14285714285714285,
        "recall": 0.21428571428571427,
        "f1-score": 0.17142857142857143,
        "support": 14
    },
    "temporal": {
        "precision": 0.8181818181818182,
        "recall": 0.6923076923076923,
        "f1-score": 0.7500000000000001,
        "support": 26
    },
    "topic": {
        "precision": 0.9,
        "recall": 0.13636363636363635,
        "f1-score": 0.23684210526315788,
        "support": 66
    },
    "type-of": {
        "precision": 0.25,
        "recall": 0.017094017094017096,
        "f1-score": 0.032,
        "support": 117
    },
    "usage": {
        "precision": 0.0,
        "recall": 0.0,
        "f1-score": 0.0,
        "support": 24
    },
    "win-defeat": {
        "precision": 0.9473684210526315,
        "recall": 0.8181818181818182,
        "f1-score": 0.8780487804878049,
        "support": 44
    },
    "micro avg": {
        "precision": 0.46623563218390807,
        "recall": 0.4491349480968858,
        "f1-score": 0.4575255551639056,
        "support": 1445
    },
    "macro avg": {
        "precision": 999999,
        "recall": 999999,
        "f1-score": 0.3533693525266833,
        "support": 1445
    },
    "weighted avg": {
        "precision": 0.4908939458306118,
        "recall": 0.4491349480968858,
        "f1-score": 0.43239444355520046,
        "support": 1445
    },
    "samples avg": {
        "precision": 0.46623563218390807,
        "recall": 0.4482758620689655,
        "f1-score": 0.4542624521072797,
        "support": 1445
    }
}