{
    "related-to": {
        "precision": 0.0,
        "recall": 0.0,
        "f1-score": 0.0,
        "support": 76
    },
    "artifact": {
        "precision": 0.0,
        "recall": 0.0,
        "f1-score": 0.0,
        "support": 2
    },
    "cause-effect": {
        "precision": 0.0,
        "recall": 0.0,
        "f1-score": 0.0,
        "support": 0
    },
    "compare": {
        "precision": 0.0,
        "recall": 0.0,
        "f1-score": 0.0,
        "support": 6
    },
    "general-affiliation": {
        "precision": 0.10989010989010989,
        "recall": 0.3225806451612903,
        "f1-score": 0.16393442622950818,
        "support": 31
    },
    "named": {
        "precision": 0.44387755102040816,
        "recall": 0.6692307692307692,
        "f1-score": 0.5337423312883436,
        "support": 130
    },
    "opposite": {
        "precision": 0.1935483870967742,
        "recall": 0.33962264150943394,
        "f1-score": 0.2465753424657534,
        "support": 53
    },
    "origin": {
        "precision": 0.0,
        "recall": 0.0,
        "f1-score": 0.0,
        "support": 55
    },
    "part-of": {
        "precision": 0.2463768115942029,
        "recall": 0.1452991452991453,
        "f1-score": 0.1827956989247312,
        "support": 117
    },
    "physical": {
        "precision": 0.7310513447432763,
        "recall": 0.7310513447432763,
        "f1-score": 0.7310513447432764,
        "support": 409
    },
    "role": {
        "precision": 0.6530303030303031,
        "recall": 0.5161676646706587,
        "f1-score": 0.5765886287625418,
        "support": 835
    },
    "social": {
        "precision": 0.0,
        "recall": 0.0,
        "f1-score": 0.0,
        "support": 21
    },
    "temporal": {
        "precision": 0.8538961038961039,
        "recall": 0.8566775244299675,
        "f1-score": 0.8552845528455285,
        "support": 307
    },
    "topic": {
        "precision": 0.0,
        "recall": 0.0,
        "f1-score": 0.0,
        "support": 13
    },
    "type-of": {
        "precision": 0.0,
        "recall": 0.0,
        "f1-score": 0.0,
        "support": 28
    },
    "usage": {
        "precision": 0.0,
        "recall": 0.0,
        "f1-score": 0.0,
        "support": 0
    },
    "win-defeat": {
        "precision": 0.0,
        "recall": 0.0,
        "f1-score": 0.0,
        "support": 41
    },
    "micro avg": {
        "precision": 0.614418350628072,
        "recall": 0.5296610169491526,
        "f1-score": 0.5689001264222502,
        "support": 2124
    },
    "macro avg": {
        "precision": 999999,
        "recall": 999999,
        "f1-score": 0.21933148835064553,
        "support": 2124
    },
    "weighted avg": {
        "precision": 0.568089092955887,
        "recall": 0.5296610169491526,
        "f1-score": 0.5423483629688219,
        "support": 2124
    },
    "samples avg": {
        "precision": 0.614418350628072,
        "recall": 0.539595849262698,
        "f1-score": 0.564536683051156,
        "support": 2124
    }
}