{
    "related-to": {
        "precision": 0.14774568823434964,
        "recall": 0.2359937414761976,
        "f1-score": 0.15623320728685952,
        "support": 414
    },
    "artifact": {
        "precision": 0.5668143652374658,
        "recall": 0.5069533356497191,
        "f1-score": 0.4934212222595695,
        "support": 631
    },
    "cause-effect": {
        "precision": 0.0,
        "recall": 0.0,
        "f1-score": 0.0,
        "support": 85
    },
    "compare": {
        "precision": 0.0,
        "recall": 0.0,
        "f1-score": 0.0,
        "support": 83
    },
    "general-affiliation": {
        "precision": 0.3965588909824123,
        "recall": 0.44361951705228053,
        "f1-score": 0.3775403015185826,
        "support": 1239
    },
    "named": {
        "precision": 0.4795137115711124,
        "recall": 0.663181046520959,
        "f1-score": 0.53812755605842,
        "support": 558
    },
    "opposite": {
        "precision": 0.0976190476190476,
        "recall": 0.03165618448637317,
        "f1-score": 0.046176046176046176,
        "support": 129
    },
    "origin": {
        "precision": 0.33174860511632803,
        "recall": 0.12123978095733665,
        "f1-score": 0.15120668000659535,
        "support": 302
    },
    "part-of": {
        "precision": 0.2331881906854036,
        "recall": 0.1763409629406397,
        "f1-score": 0.1725507179934048,
        "support": 728
    },
    "physical": {
        "precision": 0.7076500822923034,
        "recall": 0.8253578860290295,
        "f1-score": 0.7585967061982943,
        "support": 1454
    },
    "role": {
        "precision": 0.524229744916149,
        "recall": 0.6052267319967239,
        "f1-score": 0.545473464750135,
        "support": 2000
    },
    "social": {
        "precision": 0.15882352941176472,
        "recall": 0.08961038961038961,
        "f1-score": 0.09528535980148883,
        "support": 105
    },
    "temporal": {
        "precision": 0.5282171568239238,
        "recall": 0.6056650697556445,
        "f1-score": 0.47928098245880535,
        "support": 410
    },
    "topic": {
        "precision": 0.3,
        "recall": 0.03423076923076923,
        "f1-score": 0.05764705882352942,
        "support": 167
    },
    "type-of": {
        "precision": 0.5086657620985979,
        "recall": 0.3428176398764634,
        "f1-score": 0.39323988891959827,
        "support": 337
    },
    "usage": {
        "precision": 0.0,
        "recall": 0.0,
        "f1-score": 0.0,
        "support": 200
    },
    "win-defeat": {
        "precision": 0.4088812846145539,
        "recall": 0.4120033654037645,
        "f1-score": 0.39324310121214157,
        "support": 317
    },
    "micro avg": {
        "precision": 0.5101208795865191,
        "recall": 0.4846945990537155,
        "f1-score": 0.49674538011454755,
        "support": 9159
    },
    "macro avg": {
        "precision": 999999.0,
        "recall": 999999.0,
        "f1-score": 0.289207949950392,
        "support": 9159
    },
    "weighted avg": {
        "precision": 0.49156803743159544,
        "recall": 0.4846945990537155,
        "f1-score": 0.46210071196279157,
        "support": 9159
    },
    "samples avg": {
        "precision": 0.5101208795865191,
        "recall": 0.4884311594791881,
        "f1-score": 0.4956350860362584,
        "support": 9159
    }
}