{"related-to": {"precision": 0.0, "recall": 0.0, "f1-score": 0.0, "support": 6}, "artifact": {"precision": 0.0, "recall": 0.0, "f1-score": 0.0, "support": 0}, "cause-effect": {"precision": 0.0, "recall": 0.0, "f1-score": 0.0, "support": 0}, "compare": {"precision": 0.0, "recall": 0.0, "f1-score": 0.0, "support": 0}, "general-affiliation": {"precision": 0.022222222222222223, "recall": 0.1, "f1-score": 0.03636363636363636, "support": 10}, "named": {"precision": 0.0, "recall": 0.0, "f1-score": 0.0, "support": 4}, "opposite": {"precision": 0.0, "recall": 0.0, "f1-score": 0.0, "support": 39}, "origin": {"precision": 0.0, "recall": 0.0, "f1-score": 0.0, "support": 0}, "part-of": {"precision": 0.3333333333333333, "recall": 0.07142857142857142, "f1-score": 0.11764705882352941, "support": 28}, "physical": {"precision": 0.29411764705882354, "recall": 0.4263565891472868, "f1-score": 0.3481012658227849, "support": 129}, "role": {"precision": 0.37857142857142856, "recall": 0.3680555555555556, "f1-score": 0.3732394366197183, "support": 144}, "social": {"precision": 0.0, "recall": 0.0, "f1-score": 0.0, "support": 0}, "temporal": {"precision": 0.0, "recall": 0.0, "f1-score": 0.0, "support": 1}, "topic": {"precision": 0.0, "recall": 0.0, "f1-score": 0.0, "support": 0}, "type-of": {"precision": 0.0, "recall": 0.0, "f1-score": 0.0, "support": 0}, "usage": {"precision": 0.0, "recall": 0.0, "f1-score": 0.0, "support": 0}, "win-defeat": {"precision": 0.0, "recall": 0.0, "f1-score": 0.0, "support": 35}, "micro avg": {"precision": 0.2803030303030303, "recall": 0.2803030303030303, "f1-score": 0.2803030303030303, "support": 396}, "macro avg": {"precision": 0.0604849783050475, "recall": 0.056814159772436104, "f1-score": 0.05149125868409817, "support": 396}, "weighted avg": {"precision": 0.25760358015259976, "recall": 0.2803030303030303, "f1-score": 0.2583568085229138, "support": 396}, "samples avg": {"precision": 0.2803030303030303, "recall": 0.2803030303030303, "f1-score": 0.2803030303030303, "support": 396}}