{
    "related-to": {
        "precision": 0.125,
        "recall": 0.16666666666666666,
        "f1-score": 0.14285714285714288,
        "support": 6
    },
    "artifact": {
        "precision": 0.0,
        "recall": 0.0,
        "f1-score": 0.0,
        "support": 0
    },
    "cause-effect": {
        "precision": 0.0,
        "recall": 0.0,
        "f1-score": 0.0,
        "support": 0
    },
    "compare": {
        "precision": 0.0,
        "recall": 0.0,
        "f1-score": 0.0,
        "support": 0
    },
    "general-affiliation": {
        "precision": 0.6,
        "recall": 0.3,
        "f1-score": 0.4,
        "support": 10
    },
    "named": {
        "precision": 0.3333333333333333,
        "recall": 0.75,
        "f1-score": 0.46153846153846156,
        "support": 4
    },
    "opposite": {
        "precision": 0.0,
        "recall": 0.0,
        "f1-score": 0.0,
        "support": 39
    },
    "origin": {
        "precision": 0.0,
        "recall": 0.0,
        "f1-score": 0.0,
        "support": 0
    },
    "part-of": {
        "precision": 0.36363636363636365,
        "recall": 0.14285714285714285,
        "f1-score": 0.2051282051282051,
        "support": 28
    },
    "physical": {
        "precision": 0.4866920152091255,
        "recall": 0.9922480620155039,
        "f1-score": 0.653061224489796,
        "support": 129
    },
    "role": {
        "precision": 0.569620253164557,
        "recall": 0.3125,
        "f1-score": 0.40358744394618834,
        "support": 144
    },
    "social": {
        "precision": 0.0,
        "recall": 0.0,
        "f1-score": 0.0,
        "support": 0
    },
    "temporal": {
        "precision": 0.058823529411764705,
        "recall": 1.0,
        "f1-score": 0.1111111111111111,
        "support": 1
    },
    "topic": {
        "precision": 0.0,
        "recall": 0.0,
        "f1-score": 0.0,
        "support": 0
    },
    "type-of": {
        "precision": 0.0,
        "recall": 0.0,
        "f1-score": 0.0,
        "support": 0
    },
    "usage": {
        "precision": 0.0,
        "recall": 0.0,
        "f1-score": 0.0,
        "support": 0
    },
    "win-defeat": {
        "precision": 0.0,
        "recall": 0.0,
        "f1-score": 0.0,
        "support": 35
    },
    "micro avg": {
        "precision": 0.4671717171717172,
        "recall": 0.4671717171717172,
        "f1-score": 0.4671717171717172,
        "support": 396
    },
    "macro avg": {
        "precision": 999999,
        "recall": 999999,
        "f1-score": 0.26414262100787833,
        "support": 396
    },
    "weighted avg": {
        "precision": 0.41195091278342594,
        "recall": 0.4671717171717172,
        "f1-score": 0.3912108268824049,
        "support": 396
    },
    "samples avg": {
        "precision": 0.4671717171717172,
        "recall": 0.4671717171717172,
        "f1-score": 0.4671717171717172,
        "support": 396
    }
}