{"related-to": {"precision": 0.0, "recall": 0.0, "f1-score": 0.0, "support": 6}, "artifact": {"precision": 0.0, "recall": 0.0, "f1-score": 0.0, "support": 0}, "cause-effect": {"precision": 0.0, "recall": 0.0, "f1-score": 0.0, "support": 0}, "compare": {"precision": 0.0, "recall": 0.0, "f1-score": 0.0, "support": 0}, "general-affiliation": {"precision": 0.0, "recall": 0.0, "f1-score": 0.0, "support": 10}, "named": {"precision": 0.0, "recall": 0.0, "f1-score": 0.0, "support": 4}, "opposite": {"precision": 0.0, "recall": 0.0, "f1-score": 0.0, "support": 39}, "origin": {"precision": 0.0, "recall": 0.0, "f1-score": 0.0, "support": 0}, "part-of": {"precision": 0.0, "recall": 0.0, "f1-score": 0.0, "support": 28}, "physical": {"precision": 0.31216931216931215, "recall": 0.4573643410852713, "f1-score": 0.37106918238993714, "support": 129}, "role": {"precision": 0.3120567375886525, "recall": 0.3055555555555556, "f1-score": 0.3087719298245614, "support": 144}, "social": {"precision": 0.0, "recall": 0.0, "f1-score": 0.0, "support": 0}, "temporal": {"precision": 0.0, "recall": 0.0, "f1-score": 0.0, "support": 1}, "topic": {"precision": 0.0, "recall": 0.0, "f1-score": 0.0, "support": 0}, "type-of": {"precision": 0.0, "recall": 0.0, "f1-score": 0.0, "support": 0}, "usage": {"precision": 0.0, "recall": 0.0, "f1-score": 0.0, "support": 0}, "win-defeat": {"precision": 0.0, "recall": 0.0, "f1-score": 0.0, "support": 35}, "micro avg": {"precision": 0.2601010101010101, "recall": 0.2601010101010101, "f1-score": 0.2601010101010101, "support": 396}, "macro avg": {"precision": 0.03671917939752733, "recall": 0.04487764097887217, "f1-score": 0.039990653659676384, "support": 396}, "weighted avg": {"precision": 0.21516669566314955, "recall": 0.2601010101010101, "f1-score": 0.2331592990480776, "support": 396}, "samples avg": {"precision": 0.2601010101010101, "recall": 0.2601010101010101, "f1-score": 0.2601010101010101, "support": 396}}