{
    "related-to": {
        "precision": 0.0,
        "recall": 0.0,
        "f1-score": 0.0,
        "support": 26
    },
    "artifact": {
        "precision": 0.7716049382716049,
        "recall": 0.9652509652509652,
        "f1-score": 0.8576329331046312,
        "support": 259
    },
    "cause-effect": {
        "precision": 0.0,
        "recall": 0.0,
        "f1-score": 0.0,
        "support": 4
    },
    "compare": {
        "precision": 0.0,
        "recall": 0.0,
        "f1-score": 0.0,
        "support": 5
    },
    "general-affiliation": {
        "precision": 0.8097502972651606,
        "recall": 0.943213296398892,
        "f1-score": 0.871401151631478,
        "support": 722
    },
    "named": {
        "precision": 1.0,
        "recall": 0.012048192771084338,
        "f1-score": 0.02380952380952381,
        "support": 83
    },
    "opposite": {
        "precision": 0.0,
        "recall": 0.0,
        "f1-score": 0.0,
        "support": 6
    },
    "origin": {
        "precision": 0.19230769230769232,
        "recall": 0.2631578947368421,
        "f1-score": 0.2222222222222222,
        "support": 19
    },
    "part-of": {
        "precision": 0.4,
        "recall": 0.26136363636363635,
        "f1-score": 0.31615120274914094,
        "support": 176
    },
    "physical": {
        "precision": 0.8743961352657005,
        "recall": 0.86810551558753,
        "f1-score": 0.8712394705174488,
        "support": 417
    },
    "role": {
        "precision": 0.6023809523809524,
        "recall": 0.6675461741424802,
        "f1-score": 0.6332916145181476,
        "support": 379
    },
    "social": {
        "precision": 0.0,
        "recall": 0.0,
        "f1-score": 0.0,
        "support": 22
    },
    "temporal": {
        "precision": 0.30434782608695654,
        "recall": 0.2916666666666667,
        "f1-score": 0.2978723404255319,
        "support": 24
    },
    "topic": {
        "precision": 0.0,
        "recall": 0.0,
        "f1-score": 0.0,
        "support": 8
    },
    "type-of": {
        "precision": 0.9318181818181818,
        "recall": 0.6890756302521008,
        "f1-score": 0.7922705314009661,
        "support": 119
    },
    "usage": {
        "precision": 1.0,
        "recall": 0.17307692307692307,
        "f1-score": 0.29508196721311475,
        "support": 52
    },
    "win-defeat": {
        "precision": 0.7605633802816901,
        "recall": 0.5806451612903226,
        "f1-score": 0.6585365853658537,
        "support": 93
    },
    "micro avg": {
        "precision": 0.7504288164665524,
        "recall": 0.7249378624689312,
        "f1-score": 0.7374631268436578,
        "support": 2414
    },
    "macro avg": {
        "precision": 999999,
        "recall": 999999,
        "f1-score": 0.343500561350474,
        "support": 2414
    },
    "weighted avg": {
        "precision": 0.7354548115072344,
        "recall": 0.7249378624689312,
        "f1-score": 0.7019309282450191,
        "support": 2414
    },
    "samples avg": {
        "precision": 0.7504288164665524,
        "recall": 0.7357061177815895,
        "f1-score": 0.7405660377358491,
        "support": 2414
    }
}