{
    "related-to": {
        "precision": 0.24,
        "recall": 0.5,
        "f1-score": 0.32432432432432434,
        "support": 108
    },
    "artifact": {
        "precision": 0.4393939393939394,
        "recall": 0.7073170731707317,
        "f1-score": 0.5420560747663551,
        "support": 41
    },
    "cause-effect": {
        "precision": 0.0,
        "recall": 0.0,
        "f1-score": 0.0,
        "support": 5
    },
    "compare": {
        "precision": 0.0,
        "recall": 0.0,
        "f1-score": 0.0,
        "support": 24
    },
    "general-affiliation": {
        "precision": 0.16770186335403728,
        "recall": 0.36,
        "f1-score": 0.22881355932203393,
        "support": 75
    },
    "named": {
        "precision": 0.6666666666666666,
        "recall": 0.762589928057554,
        "f1-score": 0.7114093959731543,
        "support": 139
    },
    "opposite": {
        "precision": 0.0,
        "recall": 0.0,
        "f1-score": 0.0,
        "support": 11
    },
    "origin": {
        "precision": 0.46551724137931033,
        "recall": 0.30337078651685395,
        "f1-score": 0.36734693877551017,
        "support": 89
    },
    "part-of": {
        "precision": 0.4386792452830189,
        "recall": 0.43457943925233644,
        "f1-score": 0.43661971830985913,
        "support": 214
    },
    "physical": {
        "precision": 0.8095238095238095,
        "recall": 0.8333333333333334,
        "f1-score": 0.8212560386473431,
        "support": 102
    },
    "role": {
        "precision": 0.6090225563909775,
        "recall": 0.7431192660550459,
        "f1-score": 0.6694214876033058,
        "support": 109
    },
    "social": {
        "precision": 0.0,
        "recall": 0.0,
        "f1-score": 0.0,
        "support": 1
    },
    "temporal": {
        "precision": 0.3333333333333333,
        "recall": 0.047619047619047616,
        "f1-score": 0.08333333333333333,
        "support": 21
    },
    "topic": {
        "precision": 0.0,
        "recall": 0.0,
        "f1-score": 0.0,
        "support": 41
    },
    "type-of": {
        "precision": 0.0,
        "recall": 0.0,
        "f1-score": 0.0,
        "support": 54
    },
    "usage": {
        "precision": 0.0,
        "recall": 0.0,
        "f1-score": 0.0,
        "support": 122
    },
    "win-defeat": {
        "precision": 0.0,
        "recall": 0.0,
        "f1-score": 0.0,
        "support": 7
    },
    "micro avg": {
        "precision": 0.44631765749778174,
        "recall": 0.43250214961306965,
        "f1-score": 0.4393013100436681,
        "support": 1163
    },
    "macro avg": {
        "precision": 999999,
        "recall": 999999,
        "f1-score": 0.24615181594442462,
        "support": 1163
    },
    "weighted avg": {
        "precision": 0.37871258652170314,
        "recall": 0.43250214961306965,
        "f1-score": 0.39373499952019614,
        "support": 1163
    },
    "samples avg": {
        "precision": 0.44631765749778174,
        "recall": 0.4341910677314404,
        "f1-score": 0.43818396923986985,
        "support": 1163
    }
}