{"related-to": {"precision": 0.0, "recall": 0.0, "f1-score": 0.0, "support": 6}, "artifact": {"precision": 0.0, "recall": 0.0, "f1-score": 0.0, "support": 0}, "cause-effect": {"precision": 0.0, "recall": 0.0, "f1-score": 0.0, "support": 0}, "compare": {"precision": 0.0, "recall": 0.0, "f1-score": 0.0, "support": 0}, "general-affiliation": {"precision": 0.0, "recall": 0.0, "f1-score": 0.0, "support": 10}, "named": {"precision": 0.0, "recall": 0.0, "f1-score": 0.0, "support": 4}, "opposite": {"precision": 0.3333333333333333, "recall": 0.02564102564102564, "f1-score": 0.047619047619047616, "support": 39}, "origin": {"precision": 0.0, "recall": 0.0, "f1-score": 0.0, "support": 0}, "part-of": {"precision": 0.0, "recall": 0.0, "f1-score": 0.0, "support": 28}, "physical": {"precision": 0.37349397590361444, "recall": 0.4806201550387597, "f1-score": 0.4203389830508475, "support": 129}, "role": {"precision": 0.3716216216216216, "recall": 0.3819444444444444, "f1-score": 0.37671232876712324, "support": 144}, "social": {"precision": 0.0, "recall": 0.0, "f1-score": 0.0, "support": 0}, "temporal": {"precision": 0.023809523809523808, "recall": 1.0, "f1-score": 0.046511627906976744, "support": 1}, "topic": {"precision": 0.0, "recall": 0.0, "f1-score": 0.0, "support": 0}, "type-of": {"precision": 0.0, "recall": 0.0, "f1-score": 0.0, "support": 0}, "usage": {"precision": 0.0, "recall": 0.0, "f1-score": 0.0, "support": 0}, "win-defeat": {"precision": 0.0, "recall": 0.0, "f1-score": 0.0, "support": 35}, "micro avg": {"precision": 0.3005050505050505, "recall": 0.3005050505050505, "f1-score": 0.3005050505050505, "support": 396}, "macro avg": {"precision": 0.0648387326275349, "recall": 0.11107091912495469, "f1-score": 0.05242246984376442, "support": 396}, "weighted avg": {"precision": 0.28969203517396286, "recall": 0.3005050505050505, "f1-score": 0.27872211778049216, "support": 396}, "samples avg": {"precision": 0.3005050505050505, "recall": 0.3005050505050505, "f1-score": 0.3005050505050505, "support": 396}}