{
    "related-to": {
        "precision": 0.4,
        "recall": 0.3333333333333333,
        "f1-score": 0.3636363636363636,
        "support": 6
    },
    "artifact": {
        "precision": 0.0,
        "recall": 0.0,
        "f1-score": 0.0,
        "support": 0
    },
    "cause-effect": {
        "precision": 0.0,
        "recall": 0.0,
        "f1-score": 0.0,
        "support": 0
    },
    "compare": {
        "precision": 0.0,
        "recall": 0.0,
        "f1-score": 0.0,
        "support": 0
    },
    "general-affiliation": {
        "precision": 0.16666666666666666,
        "recall": 0.1,
        "f1-score": 0.125,
        "support": 10
    },
    "named": {
        "precision": 0.15789473684210525,
        "recall": 0.75,
        "f1-score": 0.2608695652173913,
        "support": 4
    },
    "opposite": {
        "precision": 0.6,
        "recall": 0.15384615384615385,
        "f1-score": 0.2448979591836735,
        "support": 39
    },
    "origin": {
        "precision": 0.0,
        "recall": 0.0,
        "f1-score": 0.0,
        "support": 0
    },
    "part-of": {
        "precision": 0.0,
        "recall": 0.0,
        "f1-score": 0.0,
        "support": 28
    },
    "physical": {
        "precision": 0.6056338028169014,
        "recall": 0.3333333333333333,
        "f1-score": 0.42999999999999994,
        "support": 129
    },
    "role": {
        "precision": 0.43951612903225806,
        "recall": 0.7569444444444444,
        "f1-score": 0.5561224489795918,
        "support": 144
    },
    "social": {
        "precision": 0.0,
        "recall": 0.0,
        "f1-score": 0.0,
        "support": 0
    },
    "temporal": {
        "precision": 0.030303030303030304,
        "recall": 1.0,
        "f1-score": 0.05882352941176471,
        "support": 1
    },
    "topic": {
        "precision": 0.0,
        "recall": 0.0,
        "f1-score": 0.0,
        "support": 0
    },
    "type-of": {
        "precision": 0.0,
        "recall": 0.0,
        "f1-score": 0.0,
        "support": 0
    },
    "usage": {
        "precision": 0.0,
        "recall": 0.0,
        "f1-score": 0.0,
        "support": 0
    },
    "win-defeat": {
        "precision": 1.0,
        "recall": 0.05714285714285714,
        "f1-score": 0.1081081081081081,
        "support": 35
    },
    "micro avg": {
        "precision": 0.4217171717171717,
        "recall": 0.4217171717171717,
        "f1-score": 0.42171717171717177,
        "support": 396
    },
    "macro avg": {
        "precision": 999999,
        "recall": 999999,
        "f1-score": 0.2386064416152103,
        "support": 396
    },
    "weighted avg": {
        "precision": 0.5165293732029382,
        "recall": 0.4217171717171717,
        "f1-score": 0.3874256485280499,
        "support": 396
    },
    "samples avg": {
        "precision": 0.4217171717171717,
        "recall": 0.4217171717171717,
        "f1-score": 0.4217171717171717,
        "support": 396
    }
}