{
    "related-to": {
        "precision": 0.3333333333333333,
        "recall": 0.16666666666666666,
        "f1-score": 0.2222222222222222,
        "support": 6
    },
    "artifact": {
        "precision": 0.0,
        "recall": 0.0,
        "f1-score": 0.0,
        "support": 0
    },
    "cause-effect": {
        "precision": 0.0,
        "recall": 0.0,
        "f1-score": 0.0,
        "support": 0
    },
    "compare": {
        "precision": 0.0,
        "recall": 0.0,
        "f1-score": 0.0,
        "support": 0
    },
    "general-affiliation": {
        "precision": 0.2727272727272727,
        "recall": 0.3,
        "f1-score": 0.28571428571428564,
        "support": 10
    },
    "named": {
        "precision": 0.23076923076923078,
        "recall": 0.75,
        "f1-score": 0.3529411764705882,
        "support": 4
    },
    "opposite": {
        "precision": 0.0,
        "recall": 0.0,
        "f1-score": 0.0,
        "support": 39
    },
    "origin": {
        "precision": 0.0,
        "recall": 0.0,
        "f1-score": 0.0,
        "support": 0
    },
    "part-of": {
        "precision": 0.0,
        "recall": 0.0,
        "f1-score": 0.0,
        "support": 28
    },
    "physical": {
        "precision": 0.7368421052631579,
        "recall": 0.8682170542635659,
        "f1-score": 0.797153024911032,
        "support": 129
    },
    "role": {
        "precision": 0.7018633540372671,
        "recall": 0.7847222222222222,
        "f1-score": 0.740983606557377,
        "support": 144
    },
    "social": {
        "precision": 0.0,
        "recall": 0.0,
        "f1-score": 0.0,
        "support": 0
    },
    "temporal": {
        "precision": 0.02857142857142857,
        "recall": 1.0,
        "f1-score": 0.05555555555555556,
        "support": 1
    },
    "topic": {
        "precision": 0.0,
        "recall": 0.0,
        "f1-score": 0.0,
        "support": 0
    },
    "type-of": {
        "precision": 0.0,
        "recall": 0.0,
        "f1-score": 0.0,
        "support": 0
    },
    "usage": {
        "precision": 0.0,
        "recall": 0.0,
        "f1-score": 0.0,
        "support": 0
    },
    "win-defeat": {
        "precision": 0.0,
        "recall": 0.0,
        "f1-score": 0.0,
        "support": 35
    },
    "micro avg": {
        "precision": 0.5883838383838383,
        "recall": 0.5883838383838383,
        "f1-score": 0.5883838383838383,
        "support": 396
    },
    "macro avg": {
        "precision": 999999,
        "recall": 999999,
        "f1-score": 0.27272998571456225,
        "support": 396
    },
    "weighted avg": {
        "precision": 0.5095956455536236,
        "recall": 0.5883838383838383,
        "f1-score": 0.5434145858830796,
        "support": 396
    },
    "samples avg": {
        "precision": 0.5883838383838383,
        "recall": 0.5883838383838383,
        "f1-score": 0.5883838383838383,
        "support": 396
    }
}