{"related-to": {"precision": 0.0, "recall": 0.0, "f1-score": 0.0, "support": 6}, "artifact": {"precision": 0.0, "recall": 0.0, "f1-score": 0.0, "support": 0}, "cause-effect": {"precision": 0.0, "recall": 0.0, "f1-score": 0.0, "support": 0}, "compare": {"precision": 0.0, "recall": 0.0, "f1-score": 0.0, "support": 0}, "general-affiliation": {"precision": 0.0, "recall": 0.0, "f1-score": 0.0, "support": 10}, "named": {"precision": 0.0, "recall": 0.0, "f1-score": 0.0, "support": 4}, "opposite": {"precision": 0.0, "recall": 0.0, "f1-score": 0.0, "support": 39}, "origin": {"precision": 0.0, "recall": 0.0, "f1-score": 0.0, "support": 0}, "part-of": {"precision": 0.07692307692307693, "recall": 0.03571428571428571, "f1-score": 0.04878048780487805, "support": 28}, "physical": {"precision": 0.3217391304347826, "recall": 0.5736434108527132, "f1-score": 0.4122562674094707, "support": 129}, "role": {"precision": 0.2980769230769231, "recall": 0.2152777777777778, "f1-score": 0.25000000000000006, "support": 144}, "social": {"precision": 0.0, "recall": 0.0, "f1-score": 0.0, "support": 0}, "temporal": {"precision": 0.0, "recall": 0.0, "f1-score": 0.0, "support": 1}, "topic": {"precision": 0.0, "recall": 0.0, "f1-score": 0.0, "support": 0}, "type-of": {"precision": 0.0, "recall": 0.0, "f1-score": 0.0, "support": 0}, "usage": {"precision": 0.0, "recall": 0.0, "f1-score": 0.0, "support": 0}, "win-defeat": {"precision": 0.0, "recall": 0.0, "f1-score": 0.0, "support": 35}, "micro avg": {"precision": 0.2676767676767677, "recall": 0.2676767676767677, "f1-score": 0.2676767676767677, "support": 396}, "macro avg": {"precision": 0.04098465473145779, "recall": 0.04850796907910451, "f1-score": 0.04182569148319699, "support": 396}, "weighted avg": {"precision": 0.21863957298739906, "recall": 0.2676767676767677, "f1-score": 0.2286538185716119, "support": 396}, "samples avg": {"precision": 0.2676767676767677, "recall": 0.2676767676767677, "f1-score": 0.2676767676767677, "support": 396}}