{
    "related-to": {
        "precision": 0.0,
        "recall": 0.0,
        "f1-score": 0.0,
        "support": 6
    },
    "artifact": {
        "precision": 0.0,
        "recall": 0.0,
        "f1-score": 0.0,
        "support": 0
    },
    "cause-effect": {
        "precision": 0.0,
        "recall": 0.0,
        "f1-score": 0.0,
        "support": 0
    },
    "compare": {
        "precision": 0.0,
        "recall": 0.0,
        "f1-score": 0.0,
        "support": 0
    },
    "general-affiliation": {
        "precision": 0.6,
        "recall": 0.3,
        "f1-score": 0.4,
        "support": 10
    },
    "named": {
        "precision": 0.5,
        "recall": 0.75,
        "f1-score": 0.6,
        "support": 4
    },
    "opposite": {
        "precision": 1.0,
        "recall": 0.02564102564102564,
        "f1-score": 0.05,
        "support": 39
    },
    "origin": {
        "precision": 0.0,
        "recall": 0.0,
        "f1-score": 0.0,
        "support": 0
    },
    "part-of": {
        "precision": 0.4,
        "recall": 0.14285714285714285,
        "f1-score": 0.21052631578947364,
        "support": 28
    },
    "physical": {
        "precision": 0.509009009009009,
        "recall": 0.875968992248062,
        "f1-score": 0.6438746438746439,
        "support": 129
    },
    "role": {
        "precision": 0.5961538461538461,
        "recall": 0.4305555555555556,
        "f1-score": 0.5000000000000001,
        "support": 144
    },
    "social": {
        "precision": 0.0,
        "recall": 0.0,
        "f1-score": 0.0,
        "support": 0
    },
    "temporal": {
        "precision": 0.047619047619047616,
        "recall": 1.0,
        "f1-score": 0.0909090909090909,
        "support": 1
    },
    "topic": {
        "precision": 0.0,
        "recall": 0.0,
        "f1-score": 0.0,
        "support": 0
    },
    "type-of": {
        "precision": 0.0,
        "recall": 0.0,
        "f1-score": 0.0,
        "support": 0
    },
    "usage": {
        "precision": 0.0,
        "recall": 0.0,
        "f1-score": 0.0,
        "support": 0
    },
    "win-defeat": {
        "precision": 1.0,
        "recall": 0.02857142857142857,
        "f1-score": 0.05555555555555556,
        "support": 35
    },
    "micro avg": {
        "precision": 0.47474747474747475,
        "recall": 0.47474747474747475,
        "f1-score": 0.47474747474747475,
        "support": 396
    },
    "macro avg": {
        "precision": 999999,
        "recall": 999999,
        "f1-score": 0.28342951179208487,
        "support": 396
    },
    "weighted avg": {
        "precision": 0.618070543070543,
        "recall": 0.47474747474747475,
        "f1-score": 0.43267656423557543,
        "support": 396
    },
    "samples avg": {
        "precision": 0.47474747474747475,
        "recall": 0.47474747474747475,
        "f1-score": 0.47474747474747475,
        "support": 396
    }
}