{"related-to": {"precision": 0.0962962962962963, "recall": 0.12037037037037036, "f1-score": 0.10699588477366255, "support": 108}, "artifact": {"precision": 0.03571428571428571, "recall": 0.024390243902439025, "f1-score": 0.028985507246376812, "support": 41}, "cause-effect": {"precision": 0.0, "recall": 0.0, "f1-score": 0.0, "support": 5}, "compare": {"precision": 0.0, "recall": 0.0, "f1-score": 0.0, "support": 24}, "general-affiliation": {"precision": 0.10526315789473684, "recall": 0.16, "f1-score": 0.12698412698412698, "support": 75}, "named": {"precision": 0.14619883040935672, "recall": 0.17985611510791366, "f1-score": 0.16129032258064516, "support": 139}, "opposite": {"precision": 0.0, "recall": 0.0, "f1-score": 0.0, "support": 11}, "origin": {"precision": 0.07692307692307693, "recall": 0.02247191011235955, "f1-score": 0.034782608695652174, "support": 89}, "part-of": {"precision": 0.2016348773841962, "recall": 0.34579439252336447, "f1-score": 0.2547332185886403, "support": 214}, "physical": {"precision": 0.10377358490566038, "recall": 0.10784313725490197, "f1-score": 0.10576923076923077, "support": 102}, "role": {"precision": 0.08108108108108109, "recall": 0.11009174311926606, "f1-score": 0.0933852140077821, "support": 109}, "social": {"precision": 0.0, "recall": 0.0, "f1-score": 0.0, "support": 1}, "temporal": {"precision": 0.05555555555555555, "recall": 0.047619047619047616, "f1-score": 0.05128205128205128, "support": 21}, "topic": {"precision": 0.0, "recall": 0.0, "f1-score": 0.0, "support": 41}, "type-of": {"precision": 0.0, "recall": 0.0, "f1-score": 0.0, "support": 54}, "usage": {"precision": 0.0, "recall": 0.0, "f1-score": 0.0, "support": 122}, "win-defeat": {"precision": 0.0, "recall": 0.0, "f1-score": 0.0, "support": 7}, "micro avg": {"precision": 0.13398402839396628, "recall": 0.1298366294067068, "f1-score": 0.1318777292576419, "support": 1163}, "macro avg": {"precision": 0.05308474977436739, "recall": 0.06579040941233309, "f1-score": 0.05671812734871578, "support": 1163}, "weighted avg": {"precision": 0.09515570744156944, "recall": 0.1298366294067068, "f1-score": 0.10691320688675075, "support": 1163}, "samples avg": {"precision": 0.13398402839396628, "recall": 0.12984324164448385, "f1-score": 0.13117420881396036, "support": 1163}}