{
    "related-to": {
        "precision": 0.28776978417266186,
        "recall": 0.37037037037037035,
        "f1-score": 0.32388663967611336,
        "support": 108
    },
    "artifact": {
        "precision": 0.3793103448275862,
        "recall": 0.5365853658536586,
        "f1-score": 0.4444444444444444,
        "support": 41
    },
    "cause-effect": {
        "precision": 0.0,
        "recall": 0.0,
        "f1-score": 0.0,
        "support": 5
    },
    "compare": {
        "precision": 0.0,
        "recall": 0.0,
        "f1-score": 0.0,
        "support": 24
    },
    "general-affiliation": {
        "precision": 0.1891891891891892,
        "recall": 0.09333333333333334,
        "f1-score": 0.125,
        "support": 75
    },
    "named": {
        "precision": 0.3639240506329114,
        "recall": 0.8273381294964028,
        "f1-score": 0.5054945054945055,
        "support": 139
    },
    "opposite": {
        "precision": 1.0,
        "recall": 0.18181818181818182,
        "f1-score": 0.3076923076923077,
        "support": 11
    },
    "origin": {
        "precision": 0.4878048780487805,
        "recall": 0.2247191011235955,
        "f1-score": 0.30769230769230765,
        "support": 89
    },
    "part-of": {
        "precision": 0.30859375,
        "recall": 0.3691588785046729,
        "f1-score": 0.33617021276595743,
        "support": 214
    },
    "physical": {
        "precision": 0.8431372549019608,
        "recall": 0.8431372549019608,
        "f1-score": 0.8431372549019607,
        "support": 102
    },
    "role": {
        "precision": 0.5098039215686274,
        "recall": 0.7155963302752294,
        "f1-score": 0.5954198473282442,
        "support": 109
    },
    "social": {
        "precision": 0.0,
        "recall": 0.0,
        "f1-score": 0.0,
        "support": 1
    },
    "temporal": {
        "precision": 0.5,
        "recall": 0.42857142857142855,
        "f1-score": 0.4615384615384615,
        "support": 21
    },
    "topic": {
        "precision": 0.0,
        "recall": 0.0,
        "f1-score": 0.0,
        "support": 41
    },
    "type-of": {
        "precision": 0.0,
        "recall": 0.0,
        "f1-score": 0.0,
        "support": 54
    },
    "usage": {
        "precision": 0.0,
        "recall": 0.0,
        "f1-score": 0.0,
        "support": 122
    },
    "win-defeat": {
        "precision": 0.4,
        "recall": 0.2857142857142857,
        "f1-score": 0.3333333333333333,
        "support": 7
    },
    "micro avg": {
        "precision": 0.40816326530612246,
        "recall": 0.39552880481513325,
        "f1-score": 0.40174672489082963,
        "support": 1163
    },
    "macro avg": {
        "precision": 999999,
        "recall": 999999,
        "f1-score": 0.26963584205103736,
        "support": 1163
    },
    "weighted avg": {
        "precision": 0.3325260680593846,
        "recall": 0.39552880481513325,
        "f1-score": 0.34262835447682205,
        "support": 1163
    },
    "samples avg": {
        "precision": 0.40816326530612246,
        "recall": 0.39559301981662226,
        "f1-score": 0.3997338065661047,
        "support": 1163
    }
}