{
    "related-to": {
        "precision": 0.21818181818181817,
        "recall": 0.2222222222222222,
        "f1-score": 0.2201834862385321,
        "support": 108
    },
    "artifact": {
        "precision": 0.47368421052631576,
        "recall": 0.43902439024390244,
        "f1-score": 0.4556962025316456,
        "support": 41
    },
    "cause-effect": {
        "precision": 0.0,
        "recall": 0.0,
        "f1-score": 0.0,
        "support": 5
    },
    "compare": {
        "precision": 1.0,
        "recall": 0.08333333333333333,
        "f1-score": 0.15384615384615385,
        "support": 24
    },
    "general-affiliation": {
        "precision": 0.0,
        "recall": 0.0,
        "f1-score": 0.0,
        "support": 75
    },
    "named": {
        "precision": 0.6344827586206897,
        "recall": 0.6618705035971223,
        "f1-score": 0.647887323943662,
        "support": 139
    },
    "opposite": {
        "precision": 0.0,
        "recall": 0.0,
        "f1-score": 0.0,
        "support": 11
    },
    "origin": {
        "precision": 0.53125,
        "recall": 0.38202247191011235,
        "f1-score": 0.44444444444444436,
        "support": 89
    },
    "part-of": {
        "precision": 0.31759656652360513,
        "recall": 0.6915887850467289,
        "f1-score": 0.4352941176470588,
        "support": 214
    },
    "physical": {
        "precision": 0.7701149425287356,
        "recall": 0.6568627450980392,
        "f1-score": 0.708994708994709,
        "support": 102
    },
    "role": {
        "precision": 0.5086206896551724,
        "recall": 0.5412844036697247,
        "f1-score": 0.5244444444444445,
        "support": 109
    },
    "social": {
        "precision": 0.0,
        "recall": 0.0,
        "f1-score": 0.0,
        "support": 1
    },
    "temporal": {
        "precision": 0.5,
        "recall": 0.42857142857142855,
        "f1-score": 0.4615384615384615,
        "support": 21
    },
    "topic": {
        "precision": 0.6666666666666666,
        "recall": 0.14634146341463414,
        "f1-score": 0.24,
        "support": 41
    },
    "type-of": {
        "precision": 0.27450980392156865,
        "recall": 0.25925925925925924,
        "f1-score": 0.26666666666666666,
        "support": 54
    },
    "usage": {
        "precision": 0.3888888888888889,
        "recall": 0.05737704918032787,
        "f1-score": 0.09999999999999999,
        "support": 122
    },
    "win-defeat": {
        "precision": 1.0,
        "recall": 0.2857142857142857,
        "f1-score": 0.4444444444444445,
        "support": 7
    },
    "micro avg": {
        "precision": 0.4276841171251109,
        "recall": 0.41444539982803097,
        "f1-score": 0.42096069868995634,
        "support": 1163
    },
    "macro avg": {
        "precision": 999999,
        "recall": 999999,
        "f1-score": 0.3002023796906014,
        "support": 1163
    },
    "weighted avg": {
        "precision": 0.4398257903520464,
        "recall": 0.41444539982803097,
        "f1-score": 0.38490612797539586,
        "support": 1163
    },
    "samples avg": {
        "precision": 0.4276841171251109,
        "recall": 0.4177758059745637,
        "f1-score": 0.4210292812777285,
        "support": 1163
    }
}