{"related-to": {"precision": 0.0, "recall": 0.0, "f1-score": 0.0, "support": 6}, "artifact": {"precision": 0.0, "recall": 0.0, "f1-score": 0.0, "support": 0}, "cause-effect": {"precision": 0.0, "recall": 0.0, "f1-score": 0.0, "support": 0}, "compare": {"precision": 0.0, "recall": 0.0, "f1-score": 0.0, "support": 0}, "general-affiliation": {"precision": 0.0, "recall": 0.0, "f1-score": 0.0, "support": 10}, "named": {"precision": 0.0, "recall": 0.0, "f1-score": 0.0, "support": 4}, "opposite": {"precision": 0.0, "recall": 0.0, "f1-score": 0.0, "support": 39}, "origin": {"precision": 0.0, "recall": 0.0, "f1-score": 0.0, "support": 0}, "part-of": {"precision": 0.1, "recall": 0.07142857142857142, "f1-score": 0.08333333333333333, "support": 28}, "physical": {"precision": 0.3128834355828221, "recall": 0.3953488372093023, "f1-score": 0.3493150684931507, "support": 129}, "role": {"precision": 0.375, "recall": 0.4166666666666667, "f1-score": 0.3947368421052631, "support": 144}, "social": {"precision": 0.0, "recall": 0.0, "f1-score": 0.0, "support": 0}, "temporal": {"precision": 0.0, "recall": 0.0, "f1-score": 0.0, "support": 1}, "topic": {"precision": 0.0, "recall": 0.0, "f1-score": 0.0, "support": 0}, "type-of": {"precision": 0.0, "recall": 0.0, "f1-score": 0.0, "support": 0}, "usage": {"precision": 0.0, "recall": 0.0, "f1-score": 0.0, "support": 0}, "win-defeat": {"precision": 0.0, "recall": 0.0, "f1-score": 0.0, "support": 35}, "micro avg": {"precision": 0.28535353535353536, "recall": 0.28535353535353536, "f1-score": 0.28535353535353536, "support": 396}, "macro avg": {"precision": 0.04634608444604836, "recall": 0.05196729854732591, "f1-score": 0.04866972023127924, "support": 396}, "weighted avg": {"precision": 0.24535849290450518, "recall": 0.28535353535353536, "f1-score": 0.2632249556366355, "support": 396}, "samples avg": {"precision": 0.28535353535353536, "recall": 0.28535353535353536, "f1-score": 0.28535353535353536, "support": 396}}