{"related-to": {"precision": 0.0521978021978022, "recall": 0.04589371980676329, "f1-score": 0.04884318766066838, "support": 414}, "artifact": {"precision": 0.05874499332443257, "recall": 0.06929133858267716, "f1-score": 0.06358381502890174, "support": 635}, "cause-effect": {"precision": 0.0, "recall": 0.0, "f1-score": 0.0, "support": 86}, "compare": {"precision": 0.0, "recall": 0.0, "f1-score": 0.0, "support": 82}, "general-affiliation": {"precision": 0.1476121562952243, "recall": 0.16464891041162227, "f1-score": 0.15566577642121326, "support": 1239}, "named": {"precision": 0.07160804020100503, "recall": 0.10215053763440861, "f1-score": 0.08419497784342689, "support": 558}, "opposite": {"precision": 0.018518518518518517, "recall": 0.0078125, "f1-score": 0.010989010989010988, "support": 128}, "origin": {"precision": 0.01532567049808429, "recall": 0.013157894736842105, "f1-score": 0.01415929203539823, "support": 304}, "part-of": {"precision": 0.07389162561576355, "recall": 0.08321775312066575, "f1-score": 0.07827788649706459, "support": 721}, "physical": {"precision": 0.1583442838370565, "recall": 0.16563573883161511, "f1-score": 0.16190796103459856, "support": 1455}, "role": {"precision": 0.23390694710006374, "recall": 0.18295114656031905, "f1-score": 0.20531468531468533, "support": 2006}, "social": {"precision": 0.0, "recall": 0.0, "f1-score": 0.0, "support": 105}, "temporal": {"precision": 0.04751131221719457, "recall": 0.051470588235294115, "f1-score": 0.04941176470588235, "support": 408}, "topic": {"precision": 0.01818181818181818, "recall": 0.0058823529411764705, "f1-score": 0.008888888888888889, "support": 170}, "type-of": {"precision": 0.029239766081871343, "recall": 0.01488095238095238, "f1-score": 0.01972386587771203, "support": 336}, "usage": {"precision": 0.0, "recall": 0.0, "f1-score": 0.0, "support": 200}, "win-defeat": {"precision": 0.04946996466431095, "recall": 0.04416403785488959, "f1-score": 0.04666666666666667, "support": 317}, "micro avg": {"precision": 0.11975080756806646, "recall": 0.11326931470973374, "f1-score": 0.11641991924629878, "support": 9164}, "macro avg": {"precision": 0.057326641101949745, "recall": 0.05595043947630741, "f1-score": 0.055742810527301054, "support": 9164}, "weighted avg": {"precision": 0.11890629406011209, "recall": 0.11326931470973374, "f1-score": 0.1149198905099387, "support": 9164}, "samples avg": {"precision": 0.11975080756806646, "recall": 0.11269420089217043, "f1-score": 0.11503999384710044, "support": 9164}}