{"related-to": {"precision": 0.061052631578947365, "recall": 0.07004830917874397, "f1-score": 0.06524184476940383, "support": 414}, "artifact": {"precision": 0.07160194174757281, "recall": 0.09291338582677165, "f1-score": 0.08087731322823852, "support": 635}, "cause-effect": {"precision": 0.0, "recall": 0.0, "f1-score": 0.0, "support": 86}, "compare": {"precision": 0.02857142857142857, "recall": 0.012195121951219513, "f1-score": 0.017094017094017096, "support": 82}, "general-affiliation": {"precision": 0.13748191027496381, "recall": 0.15334947538337368, "f1-score": 0.14498283098054177, "support": 1239}, "named": {"precision": 0.06956521739130435, "recall": 0.07168458781362007, "f1-score": 0.0706090026478376, "support": 558}, "opposite": {"precision": 0.024390243902439025, "recall": 0.0078125, "f1-score": 0.011834319526627219, "support": 128}, "origin": {"precision": 0.03349282296650718, "recall": 0.023026315789473683, "f1-score": 0.02729044834307992, "support": 304}, "part-of": {"precision": 0.09633649932157395, "recall": 0.09847434119278779, "f1-score": 0.09739368998628256, "support": 721}, "physical": {"precision": 0.16811414392059554, "recall": 0.18625429553264605, "f1-score": 0.17671992174763612, "support": 1455}, "role": {"precision": 0.23501199040767387, "recall": 0.19541375872382852, "f1-score": 0.21339139902014156, "support": 2006}, "social": {"precision": 0.02040816326530612, "recall": 0.009523809523809525, "f1-score": 0.012987012987012988, "support": 105}, "temporal": {"precision": 0.0533596837944664, "recall": 0.0661764705882353, "f1-score": 0.05908096280087528, "support": 408}, "topic": {"precision": 0.03636363636363636, "recall": 0.011764705882352941, "f1-score": 0.017777777777777778, "support": 170}, "type-of": {"precision": 0.03821656050955414, "recall": 0.017857142857142856, "f1-score": 0.02434077079107505, "support": 336}, "usage": {"precision": 0.017543859649122806, "recall": 0.005, "f1-score": 0.007782101167315174, "support": 200}, "win-defeat": {"precision": 0.04895104895104895, "recall": 0.04416403785488959, "f1-score": 0.04643449419568822, "support": 317}, "micro avg": {"precision": 0.1282879556991232, "recall": 0.12134439109559145, "f1-score": 0.12471960520412742, "support": 9164}, "macro avg": {"precision": 0.0670859872127142, "recall": 0.0626857798881703, "f1-score": 0.06316693570962062, "support": 9164}, "weighted avg": {"precision": 0.12472810131242452, "recall": 0.12134439109559145, "f1-score": 0.12188679568305331, "support": 9164}, "samples avg": {"precision": 0.1282879556991232, "recall": 0.12028918627903398, "f1-score": 0.12294262421165973, "support": 9164}}