{
    "related-to": {
        "precision": 0.2676991150442478,
        "recall": 0.2922705314009662,
        "f1-score": 0.27944572748267904,
        "support": 414
    },
    "artifact": {
        "precision": 0.838150289017341,
        "recall": 0.9133858267716536,
        "f1-score": 0.8741522230595329,
        "support": 635
    },
    "cause-effect": {
        "precision": 0.0,
        "recall": 0.0,
        "f1-score": 0.0,
        "support": 86
    },
    "compare": {
        "precision": 0.7391304347826086,
        "recall": 0.2073170731707317,
        "f1-score": 0.3238095238095238,
        "support": 82
    },
    "general-affiliation": {
        "precision": 0.7781899109792285,
        "recall": 0.8466505246166263,
        "f1-score": 0.8109779667568612,
        "support": 1239
    },
    "named": {
        "precision": 0.7475915221579962,
        "recall": 0.6953405017921147,
        "f1-score": 0.7205199628597958,
        "support": 558
    },
    "opposite": {
        "precision": 0.34523809523809523,
        "recall": 0.2265625,
        "f1-score": 0.27358490566037735,
        "support": 128
    },
    "origin": {
        "precision": 0.5141700404858299,
        "recall": 0.41776315789473684,
        "f1-score": 0.4609800362976406,
        "support": 304
    },
    "part-of": {
        "precision": 0.3138111888111888,
        "recall": 0.49791955617198336,
        "f1-score": 0.38498659517426276,
        "support": 721
    },
    "physical": {
        "precision": 0.7832914572864321,
        "recall": 0.8570446735395189,
        "f1-score": 0.81851000984575,
        "support": 1455
    },
    "role": {
        "precision": 0.7082111436950147,
        "recall": 0.481555333998006,
        "f1-score": 0.573293768545994,
        "support": 2006
    },
    "social": {
        "precision": 0.5775862068965517,
        "recall": 0.638095238095238,
        "f1-score": 0.6063348416289593,
        "support": 105
    },
    "temporal": {
        "precision": 0.766743648960739,
        "recall": 0.8137254901960784,
        "f1-score": 0.7895362663495837,
        "support": 408
    },
    "topic": {
        "precision": 0.6493506493506493,
        "recall": 0.29411764705882354,
        "f1-score": 0.4048582995951417,
        "support": 170
    },
    "type-of": {
        "precision": 0.6549019607843137,
        "recall": 0.49702380952380953,
        "f1-score": 0.5651438240270727,
        "support": 336
    },
    "usage": {
        "precision": 0.1111111111111111,
        "recall": 0.005,
        "f1-score": 0.009569377990430622,
        "support": 200
    },
    "win-defeat": {
        "precision": 0.7699680511182109,
        "recall": 0.7602523659305994,
        "f1-score": 0.7650793650793651,
        "support": 317
    },
    "micro avg": {
        "precision": 0.6623211813567144,
        "recall": 0.6264731558271497,
        "f1-score": 0.6438986092418124,
        "support": 9164
    },
    "macro avg": {
        "precision": 999999,
        "recall": 999999,
        "f1-score": 0.5094578055389983,
        "support": 9164
    },
    "weighted avg": {
        "precision": 0.6593549013802792,
        "recall": 0.6264731558271497,
        "f1-score": 0.6314739346511568,
        "support": 9164
    },
    "samples avg": {
        "precision": 0.6623211813567144,
        "recall": 0.6360367635748346,
        "f1-score": 0.6447661898169512,
        "support": 9164
    }
}