{"related-to": {"precision": 0.10218978102189781, "recall": 0.1111111111111111, "f1-score": 0.1064638783269962, "support": 126}, "artifact": {"precision": 0.0, "recall": 0.0, "f1-score": 0.0, "support": 33}, "cause-effect": {"precision": 0.0, "recall": 0.0, "f1-score": 0.0, "support": 76}, "compare": {"precision": 0.0, "recall": 0.0, "f1-score": 0.0, "support": 39}, "general-affiliation": {"precision": 0.03424657534246575, "recall": 0.0684931506849315, "f1-score": 0.045662100456621, "support": 73}, "named": {"precision": 0.096, "recall": 0.2222222222222222, "f1-score": 0.13407821229050282, "support": 108}, "opposite": {"precision": 0.0, "recall": 0.0, "f1-score": 0.0, "support": 5}, "origin": {"precision": 0.03333333333333333, "recall": 0.02127659574468085, "f1-score": 0.025974025974025972, "support": 94}, "part-of": {"precision": 0.04861111111111111, "recall": 0.15555555555555556, "f1-score": 0.07407407407407407, "support": 90}, "physical": {"precision": 0.18292682926829268, "recall": 0.13392857142857142, "f1-score": 0.15463917525773194, "support": 224}, "role": {"precision": 0.165, "recall": 0.11538461538461539, "f1-score": 0.13580246913580246, "support": 286}, "social": {"precision": 0.0, "recall": 0.0, "f1-score": 0.0, "support": 14}, "temporal": {"precision": 0.03333333333333333, "recall": 0.038461538461538464, "f1-score": 0.03571428571428572, "support": 26}, "topic": {"precision": 0.09090909090909091, "recall": 0.015151515151515152, "f1-score": 0.025974025974025976, "support": 66}, "type-of": {"precision": 0.2727272727272727, "recall": 0.02564102564102564, "f1-score": 0.04687499999999999, "support": 117}, "usage": {"precision": 0.0, "recall": 0.0, "f1-score": 0.0, "support": 24}, "win-defeat": {"precision": 0.0, "recall": 0.0, "f1-score": 0.0, "support": 44}, "micro avg": {"precision": 0.09123563218390805, "recall": 0.08788927335640138, "f1-score": 0.08953119492421573, "support": 1445}, "macro avg": {"precision": 0.062310431002752804, "recall": 0.05336622949328043, "f1-score": 0.04619160277670978, "support": 1445}, "weighted avg": {"precision": 0.11086063188508484, "recall": 0.08788927335640138, "f1-score": 0.08438918173810579, "support": 1445}, "samples avg": {"precision": 0.09123563218390805, "recall": 0.08692528735632184, "f1-score": 0.08836206896551724, "support": 1445}}