{
    "related-to": {
        "precision": 0.20732450463364105,
        "recall": 0.24375084791751458,
        "f1-score": 0.2157433262402836,
        "support": 414
    },
    "artifact": {
        "precision": 0.6161583883952304,
        "recall": 0.824084217254949,
        "f1-score": 0.655678206176719,
        "support": 635
    },
    "cause-effect": {
        "precision": 0.0,
        "recall": 0.0,
        "f1-score": 0.0,
        "support": 86
    },
    "compare": {
        "precision": 0.0,
        "recall": 0.0,
        "f1-score": 0.0,
        "support": 82
    },
    "general-affiliation": {
        "precision": 0.4282775537522357,
        "recall": 0.48992774775956266,
        "f1-score": 0.43465619410908235,
        "support": 1239
    },
    "named": {
        "precision": 0.5414816052410464,
        "recall": 0.7278680937007648,
        "f1-score": 0.6017358188809343,
        "support": 558
    },
    "opposite": {
        "precision": 0.18371212121212122,
        "recall": 0.06658907130605245,
        "f1-score": 0.09331779331779333,
        "support": 128
    },
    "origin": {
        "precision": 0.461717882555321,
        "recall": 0.23768738125495426,
        "f1-score": 0.27977926028773487,
        "support": 304
    },
    "part-of": {
        "precision": 0.2523229579717991,
        "recall": 0.22144143931527108,
        "f1-score": 0.23201708043640942,
        "support": 721
    },
    "physical": {
        "precision": 0.7230784146734961,
        "recall": 0.786254158763496,
        "f1-score": 0.7445672710186457,
        "support": 1455
    },
    "role": {
        "precision": 0.5133825655732946,
        "recall": 0.5958735454222203,
        "f1-score": 0.534939698128482,
        "support": 2006
    },
    "social": {
        "precision": 0.23428571428571426,
        "recall": 0.09264069264069263,
        "f1-score": 0.13214285714285712,
        "support": 105
    },
    "temporal": {
        "precision": 0.4729323726003043,
        "recall": 0.6257309395647597,
        "f1-score": 0.46225988575197285,
        "support": 408
    },
    "topic": {
        "precision": 0.2,
        "recall": 0.0030303030303030303,
        "f1-score": 0.005970149253731344,
        "support": 170
    },
    "type-of": {
        "precision": 0.43615647510384353,
        "recall": 0.3394132011779071,
        "f1-score": 0.3652111857961127,
        "support": 336
    },
    "usage": {
        "precision": 0.0,
        "recall": 0.0,
        "f1-score": 0.0,
        "support": 200
    },
    "win-defeat": {
        "precision": 0.6475391166567638,
        "recall": 0.3672012485654637,
        "f1-score": 0.4332634634960216,
        "support": 317
    },
    "micro avg": {
        "precision": 0.5222209758190157,
        "recall": 0.49718718299273884,
        "f1-score": 0.5090833223661267,
        "support": 9164
    },
    "macro avg": {
        "precision": 999999.0,
        "recall": 999999.0,
        "f1-score": 0.3203530616351481,
        "support": 9164
    },
    "weighted avg": {
        "precision": 0.509899457146845,
        "recall": 0.49718718299273884,
        "f1-score": 0.4808314536554377,
        "support": 9164
    },
    "samples avg": {
        "precision": 0.5222209758190157,
        "recall": 0.5017706657624236,
        "f1-score": 0.5085712788888855,
        "support": 9164
    }
}