{
    "related-to": {
        "precision": 0.5,
        "recall": 0.07692307692307693,
        "f1-score": 0.13333333333333336,
        "support": 26
    },
    "artifact": {
        "precision": 0.7861842105263158,
        "recall": 0.9227799227799228,
        "f1-score": 0.8490230905861457,
        "support": 259
    },
    "cause-effect": {
        "precision": 0.0,
        "recall": 0.0,
        "f1-score": 0.0,
        "support": 4
    },
    "compare": {
        "precision": 0.0,
        "recall": 0.0,
        "f1-score": 0.0,
        "support": 5
    },
    "general-affiliation": {
        "precision": 0.8026960784313726,
        "recall": 0.907202216066482,
        "f1-score": 0.8517555266579975,
        "support": 722
    },
    "named": {
        "precision": 1.0,
        "recall": 0.024096385542168676,
        "f1-score": 0.047058823529411764,
        "support": 83
    },
    "opposite": {
        "precision": 0.0,
        "recall": 0.0,
        "f1-score": 0.0,
        "support": 6
    },
    "origin": {
        "precision": 0.6666666666666666,
        "recall": 0.3157894736842105,
        "f1-score": 0.42857142857142855,
        "support": 19
    },
    "part-of": {
        "precision": 0.4,
        "recall": 0.4090909090909091,
        "f1-score": 0.40449438202247195,
        "support": 176
    },
    "physical": {
        "precision": 0.8702127659574468,
        "recall": 0.9808153477218226,
        "f1-score": 0.9222096956031567,
        "support": 417
    },
    "role": {
        "precision": 0.745928338762215,
        "recall": 0.604221635883905,
        "f1-score": 0.6676384839650147,
        "support": 379
    },
    "social": {
        "precision": 0.0,
        "recall": 0.0,
        "f1-score": 0.0,
        "support": 22
    },
    "temporal": {
        "precision": 0.3111111111111111,
        "recall": 0.5833333333333334,
        "f1-score": 0.4057971014492754,
        "support": 24
    },
    "topic": {
        "precision": 0.0,
        "recall": 0.0,
        "f1-score": 0.0,
        "support": 8
    },
    "type-of": {
        "precision": 0.9550561797752809,
        "recall": 0.7142857142857143,
        "f1-score": 0.8173076923076923,
        "support": 119
    },
    "usage": {
        "precision": 1.0,
        "recall": 0.5384615384615384,
        "f1-score": 0.7000000000000001,
        "support": 52
    },
    "win-defeat": {
        "precision": 0.7948717948717948,
        "recall": 0.6666666666666666,
        "f1-score": 0.7251461988304092,
        "support": 93
    },
    "micro avg": {
        "precision": 0.7731560891938251,
        "recall": 0.7468931234465617,
        "f1-score": 0.7597977243994943,
        "support": 2414
    },
    "macro avg": {
        "precision": 999999,
        "recall": 999999,
        "f1-score": 0.40896092687390223,
        "support": 2414
    },
    "weighted avg": {
        "precision": 0.768376942252929,
        "recall": 0.7468931234465617,
        "f1-score": 0.7332247965647012,
        "support": 2414
    },
    "samples avg": {
        "precision": 0.7731560891938251,
        "recall": 0.7585763293310464,
        "f1-score": 0.7633647798742139,
        "support": 2414
    }
}