{
    "related-to": {
        "precision": 0.21074380165289255,
        "recall": 0.40476190476190477,
        "f1-score": 0.27717391304347827,
        "support": 126
    },
    "artifact": {
        "precision": 0.6176470588235294,
        "recall": 0.6363636363636364,
        "f1-score": 0.6268656716417911,
        "support": 33
    },
    "cause-effect": {
        "precision": 0.0,
        "recall": 0.0,
        "f1-score": 0.0,
        "support": 76
    },
    "compare": {
        "precision": 0.0,
        "recall": 0.0,
        "f1-score": 0.0,
        "support": 39
    },
    "general-affiliation": {
        "precision": 0.2076923076923077,
        "recall": 0.3698630136986301,
        "f1-score": 0.2660098522167488,
        "support": 73
    },
    "named": {
        "precision": 0.44385026737967914,
        "recall": 0.7685185185185185,
        "f1-score": 0.5627118644067796,
        "support": 108
    },
    "opposite": {
        "precision": 0.0,
        "recall": 0.0,
        "f1-score": 0.0,
        "support": 5
    },
    "origin": {
        "precision": 0.3829787234042553,
        "recall": 0.19148936170212766,
        "f1-score": 0.2553191489361702,
        "support": 94
    },
    "part-of": {
        "precision": 0.06882591093117409,
        "recall": 0.18888888888888888,
        "f1-score": 0.10089020771513353,
        "support": 90
    },
    "physical": {
        "precision": 0.8277777777777777,
        "recall": 0.6651785714285714,
        "f1-score": 0.7376237623762375,
        "support": 224
    },
    "role": {
        "precision": 0.5158371040723982,
        "recall": 0.3986013986013986,
        "f1-score": 0.44970414201183434,
        "support": 286
    },
    "social": {
        "precision": 1.0,
        "recall": 0.21428571428571427,
        "f1-score": 0.35294117647058826,
        "support": 14
    },
    "temporal": {
        "precision": 0.6451612903225806,
        "recall": 0.7692307692307693,
        "f1-score": 0.7017543859649122,
        "support": 26
    },
    "topic": {
        "precision": 0.2857142857142857,
        "recall": 0.030303030303030304,
        "f1-score": 0.054794520547945216,
        "support": 66
    },
    "type-of": {
        "precision": 0.9,
        "recall": 0.07692307692307693,
        "f1-score": 0.14173228346456693,
        "support": 117
    },
    "usage": {
        "precision": 0.0,
        "recall": 0.0,
        "f1-score": 0.0,
        "support": 24
    },
    "win-defeat": {
        "precision": 0.7884615384615384,
        "recall": 0.9318181818181818,
        "f1-score": 0.8541666666666667,
        "support": 44
    },
    "micro avg": {
        "precision": 0.39870689655172414,
        "recall": 0.38408304498269896,
        "f1-score": 0.39125837151921045,
        "support": 1445
    },
    "macro avg": {
        "precision": 999999,
        "recall": 999999,
        "f1-score": 0.3165698585566384,
        "support": 1445
    },
    "weighted avg": {
        "precision": 0.46699172965851643,
        "recall": 0.38408304498269896,
        "f1-score": 0.37625920153492326,
        "support": 1445
    },
    "samples avg": {
        "precision": 0.39870689655172414,
        "recall": 0.38254310344827586,
        "f1-score": 0.3879310344827586,
        "support": 1445
    }
}