{"related-to": {"precision": 0.09913793103448276, "recall": 0.21296296296296297, "f1-score": 0.13529411764705884, "support": 108}, "artifact": {"precision": 0.041237113402061855, "recall": 0.0975609756097561, "f1-score": 0.057971014492753624, "support": 41}, "cause-effect": {"precision": 0.0, "recall": 0.0, "f1-score": 0.0, "support": 5}, "compare": {"precision": 0.0, "recall": 0.0, "f1-score": 0.0, "support": 24}, "general-affiliation": {"precision": 0.04975124378109453, "recall": 0.13333333333333333, "f1-score": 0.07246376811594203, "support": 75}, "named": {"precision": 0.1488095238095238, "recall": 0.17985611510791366, "f1-score": 0.16286644951140064, "support": 139}, "opposite": {"precision": 0.0, "recall": 0.0, "f1-score": 0.0, "support": 11}, "origin": {"precision": 0.2, "recall": 0.011235955056179775, "f1-score": 0.02127659574468085, "support": 89}, "part-of": {"precision": 0.1657142857142857, "recall": 0.13551401869158877, "f1-score": 0.14910025706940874, "support": 214}, "physical": {"precision": 0.11956521739130435, "recall": 0.10784313725490197, "f1-score": 0.1134020618556701, "support": 102}, "role": {"precision": 0.09868421052631579, "recall": 0.13761467889908258, "f1-score": 0.11494252873563218, "support": 109}, "social": {"precision": 0.0, "recall": 0.0, "f1-score": 0.0, "support": 1}, "temporal": {"precision": 0.0, "recall": 0.0, "f1-score": 0.0, "support": 21}, "topic": {"precision": 0.0, "recall": 0.0, "f1-score": 0.0, "support": 41}, "type-of": {"precision": 0.0, "recall": 0.0, "f1-score": 0.0, "support": 54}, "usage": {"precision": 0.0, "recall": 0.0, "f1-score": 0.0, "support": 122}, "win-defeat": {"precision": 0.0, "recall": 0.0, "f1-score": 0.0, "support": 7}, "micro avg": {"precision": 0.10470275066548358, "recall": 0.10146173688736028, "f1-score": 0.10305676855895197, "support": 1163}, "macro avg": {"precision": 0.054288207391709926, "recall": 0.05976006923033643, "f1-score": 0.048665693716032174, "support": 1163}, "weighted avg": {"precision": 0.09718707958594426, "recall": 0.10146173688736028, "f1-score": 0.08852847237012719, "support": 1163}, "samples avg": {"precision": 0.10470275066548358, "recall": 0.10204081632653061, "f1-score": 0.10292812777284825, "support": 1163}}