{
    "related-to": {
        "precision": 0.27238805970149255,
        "recall": 0.6759259259259259,
        "f1-score": 0.3882978723404255,
        "support": 108
    },
    "artifact": {
        "precision": 0.484375,
        "recall": 0.7560975609756098,
        "f1-score": 0.5904761904761905,
        "support": 41
    },
    "cause-effect": {
        "precision": 0.0,
        "recall": 0.0,
        "f1-score": 0.0,
        "support": 5
    },
    "compare": {
        "precision": 0.0,
        "recall": 0.0,
        "f1-score": 0.0,
        "support": 24
    },
    "general-affiliation": {
        "precision": 0.13934426229508196,
        "recall": 0.22666666666666666,
        "f1-score": 0.17258883248730963,
        "support": 75
    },
    "named": {
        "precision": 0.7278481012658228,
        "recall": 0.8273381294964028,
        "f1-score": 0.7744107744107743,
        "support": 139
    },
    "opposite": {
        "precision": 0.0,
        "recall": 0.0,
        "f1-score": 0.0,
        "support": 11
    },
    "origin": {
        "precision": 0.631578947368421,
        "recall": 0.1348314606741573,
        "f1-score": 0.2222222222222222,
        "support": 89
    },
    "part-of": {
        "precision": 0.4819277108433735,
        "recall": 0.5607476635514018,
        "f1-score": 0.5183585313174947,
        "support": 214
    },
    "physical": {
        "precision": 0.8130841121495327,
        "recall": 0.8529411764705882,
        "f1-score": 0.832535885167464,
        "support": 102
    },
    "role": {
        "precision": 0.5606060606060606,
        "recall": 0.6788990825688074,
        "f1-score": 0.6141078838174274,
        "support": 109
    },
    "social": {
        "precision": 0.0,
        "recall": 0.0,
        "f1-score": 0.0,
        "support": 1
    },
    "temporal": {
        "precision": 0.25,
        "recall": 0.047619047619047616,
        "f1-score": 0.08,
        "support": 21
    },
    "topic": {
        "precision": 0.0,
        "recall": 0.0,
        "f1-score": 0.0,
        "support": 41
    },
    "type-of": {
        "precision": 0.0,
        "recall": 0.0,
        "f1-score": 0.0,
        "support": 54
    },
    "usage": {
        "precision": 0.0,
        "recall": 0.0,
        "f1-score": 0.0,
        "support": 122
    },
    "win-defeat": {
        "precision": 1.0,
        "recall": 0.14285714285714285,
        "f1-score": 0.25,
        "support": 7
    },
    "micro avg": {
        "precision": 0.47116237799467614,
        "recall": 0.45657781599312125,
        "f1-score": 0.4637554585152839,
        "support": 1163
    },
    "macro avg": {
        "precision": 999999,
        "recall": 999999,
        "f1-score": 0.26135283483760635,
        "support": 1163
    },
    "weighted avg": {
        "precision": 0.4097443574182511,
        "recall": 0.45657781599312125,
        "f1-score": 0.4064710896000328,
        "support": 1163
    },
    "samples avg": {
        "precision": 0.47116237799467614,
        "recall": 0.4599230996746524,
        "f1-score": 0.463620230700976,
        "support": 1163
    }
}