{"related-to": {"precision": 0.007142857142857143, "recall": 0.038461538461538464, "f1-score": 0.012048192771084336, "support": 26}, "artifact": {"precision": 0.09830508474576272, "recall": 0.11196911196911197, "f1-score": 0.10469314079422383, "support": 259}, "cause-effect": {"precision": 0.0, "recall": 0.0, "f1-score": 0.0, "support": 4}, "compare": {"precision": 0.0, "recall": 0.0, "f1-score": 0.0, "support": 5}, "general-affiliation": {"precision": 0.2912280701754386, "recall": 0.1149584487534626, "f1-score": 0.16484607745779542, "support": 722}, "named": {"precision": 0.024691358024691357, "recall": 0.024096385542168676, "f1-score": 0.024390243902439025, "support": 83}, "opposite": {"precision": 0.0, "recall": 0.0, "f1-score": 0.0, "support": 6}, "origin": {"precision": 0.0, "recall": 0.0, "f1-score": 0.0, "support": 19}, "part-of": {"precision": 0.07692307692307693, "recall": 0.06818181818181818, "f1-score": 0.07228915662650602, "support": 176}, "physical": {"precision": 0.15984405458089668, "recall": 0.19664268585131894, "f1-score": 0.1763440860215054, "support": 417}, "role": {"precision": 0.15934959349593497, "recall": 0.25857519788918204, "f1-score": 0.1971830985915493, "support": 379}, "social": {"precision": 0.0, "recall": 0.0, "f1-score": 0.0, "support": 22}, "temporal": {"precision": 0.023255813953488372, "recall": 0.041666666666666664, "f1-score": 0.029850746268656712, "support": 24}, "topic": {"precision": 0.0, "recall": 0.0, "f1-score": 0.0, "support": 8}, "type-of": {"precision": 0.08860759493670886, "recall": 0.058823529411764705, "f1-score": 0.07070707070707072, "support": 119}, "usage": {"precision": 0.0, "recall": 0.0, "f1-score": 0.0, "support": 52}, "win-defeat": {"precision": 0.020833333333333332, "recall": 0.021505376344086023, "f1-score": 0.021164021164021163, "support": 93}, "micro avg": {"precision": 0.13593481989708406, "recall": 0.13131731565865784, "f1-score": 0.13358617783396545, "support": 2414}, "macro avg": {"precision": 0.05589299043012877, "recall": 0.054992985827712844, "f1-score": 0.05138328437087364, "support": 2414}, "weighted avg": {"precision": 0.16221609452509933, "recall": 0.13131731565865784, "f1-score": 0.1327927165461707, "support": 2414}, "samples avg": {"precision": 0.13593481989708406, "recall": 0.131789594053745, "f1-score": 0.133147512864494, "support": 2414}}