{"related-to": {"precision": 0.0, "recall": 0.0, "f1-score": 0.0, "support": 26}, "artifact": {"precision": 0.10461538461538461, "recall": 0.13127413127413126, "f1-score": 0.11643835616438356, "support": 259}, "cause-effect": {"precision": 0.0, "recall": 0.0, "f1-score": 0.0, "support": 4}, "compare": {"precision": 0.0, "recall": 0.0, "f1-score": 0.0, "support": 5}, "general-affiliation": {"precision": 0.31277533039647576, "recall": 0.2950138504155125, "f1-score": 0.3036350677120456, "support": 722}, "named": {"precision": 0.03508771929824561, "recall": 0.024096385542168676, "f1-score": 0.02857142857142857, "support": 83}, "opposite": {"precision": 0.0, "recall": 0.0, "f1-score": 0.0, "support": 6}, "origin": {"precision": 0.0, "recall": 0.0, "f1-score": 0.0, "support": 19}, "part-of": {"precision": 0.07586206896551724, "recall": 0.0625, "f1-score": 0.06853582554517135, "support": 176}, "physical": {"precision": 0.17922077922077922, "recall": 0.16546762589928057, "f1-score": 0.17206982543640897, "support": 417}, "role": {"precision": 0.17611336032388664, "recall": 0.22955145118733508, "f1-score": 0.19931271477663232, "support": 379}, "social": {"precision": 0.0, "recall": 0.0, "f1-score": 0.0, "support": 22}, "temporal": {"precision": 0.0, "recall": 0.0, "f1-score": 0.0, "support": 24}, "topic": {"precision": 0.0, "recall": 0.0, "f1-score": 0.0, "support": 8}, "type-of": {"precision": 0.05970149253731343, "recall": 0.03361344537815126, "f1-score": 0.04301075268817204, "support": 119}, "usage": {"precision": 0.0, "recall": 0.0, "f1-score": 0.0, "support": 52}, "win-defeat": {"precision": 0.028037383177570093, "recall": 0.03225806451612903, "f1-score": 0.029999999999999995, "support": 93}, "micro avg": {"precision": 0.1813893653516295, "recall": 0.1752278376139188, "f1-score": 0.17825537294563842, "support": 2414}, "macro avg": {"precision": 0.057141971678539565, "recall": 0.05728087965957108, "f1-score": 0.05656317475848486, "support": 2414}, "weighted avg": {"precision": 0.1741413259099411, "recall": 0.1752278376139188, "f1-score": 0.17357775587376542, "support": 2414}, "samples avg": {"precision": 0.1813893653516295, "recall": 0.17631503716409375, "f1-score": 0.17795883361921094, "support": 2414}}