{
    "related-to": {
        "precision": 0.0,
        "recall": 0.0,
        "f1-score": 0.0,
        "support": 26
    },
    "artifact": {
        "precision": 0.75625,
        "recall": 0.9343629343629344,
        "f1-score": 0.8359240069084629,
        "support": 259
    },
    "cause-effect": {
        "precision": 0.0,
        "recall": 0.0,
        "f1-score": 0.0,
        "support": 4
    },
    "compare": {
        "precision": 0.0,
        "recall": 0.0,
        "f1-score": 0.0,
        "support": 5
    },
    "general-affiliation": {
        "precision": 0.8695652173913043,
        "recall": 0.8033240997229917,
        "f1-score": 0.8351331893448524,
        "support": 722
    },
    "named": {
        "precision": 0.6304347826086957,
        "recall": 0.6987951807228916,
        "f1-score": 0.6628571428571429,
        "support": 83
    },
    "opposite": {
        "precision": 0.0,
        "recall": 0.0,
        "f1-score": 0.0,
        "support": 6
    },
    "origin": {
        "precision": 0.18181818181818182,
        "recall": 0.21052631578947367,
        "f1-score": 0.1951219512195122,
        "support": 19
    },
    "part-of": {
        "precision": 0.23880597014925373,
        "recall": 0.2727272727272727,
        "f1-score": 0.2546419098143236,
        "support": 176
    },
    "physical": {
        "precision": 0.8647214854111406,
        "recall": 0.7817745803357314,
        "f1-score": 0.8211586901763225,
        "support": 417
    },
    "role": {
        "precision": 0.648989898989899,
        "recall": 0.6781002638522428,
        "f1-score": 0.663225806451613,
        "support": 379
    },
    "social": {
        "precision": 0.0,
        "recall": 0.0,
        "f1-score": 0.0,
        "support": 22
    },
    "temporal": {
        "precision": 0.40384615384615385,
        "recall": 0.875,
        "f1-score": 0.5526315789473685,
        "support": 24
    },
    "topic": {
        "precision": 0.0,
        "recall": 0.0,
        "f1-score": 0.0,
        "support": 8
    },
    "type-of": {
        "precision": 0.9444444444444444,
        "recall": 0.5714285714285714,
        "f1-score": 0.7120418848167539,
        "support": 119
    },
    "usage": {
        "precision": 0.0,
        "recall": 0.0,
        "f1-score": 0.0,
        "support": 52
    },
    "win-defeat": {
        "precision": 0.7345132743362832,
        "recall": 0.8924731182795699,
        "f1-score": 0.8058252427184466,
        "support": 93
    },
    "micro avg": {
        "precision": 0.7234133790737565,
        "recall": 0.6988400994200498,
        "f1-score": 0.7109144542772861,
        "support": 2414
    },
    "macro avg": {
        "precision": 999999,
        "recall": 999999,
        "f1-score": 0.3728565531326352,
        "support": 2414
    },
    "weighted avg": {
        "precision": 0.711869213894758,
        "recall": 0.6988400994200498,
        "f1-score": 0.6999733060328681,
        "support": 2414
    },
    "samples avg": {
        "precision": 0.7234133790737565,
        "recall": 0.7084048027444254,
        "f1-score": 0.7133361921097771,
        "support": 2414
    }
}