{"related-to": {"precision": 0.09146341463414634, "recall": 0.1388888888888889, "f1-score": 0.11029411764705882, "support": 108}, "artifact": {"precision": 0.0, "recall": 0.0, "f1-score": 0.0, "support": 41}, "cause-effect": {"precision": 0.0, "recall": 0.0, "f1-score": 0.0, "support": 4}, "compare": {"precision": 0.0, "recall": 0.0, "f1-score": 0.0, "support": 24}, "general-affiliation": {"precision": 0.04929577464788732, "recall": 0.09333333333333334, "f1-score": 0.06451612903225806, "support": 75}, "named": {"precision": 0.10795454545454546, "recall": 0.1366906474820144, "f1-score": 0.12063492063492065, "support": 139}, "opposite": {"precision": 0.0, "recall": 0.0, "f1-score": 0.0, "support": 11}, "origin": {"precision": 0.03333333333333333, "recall": 0.01098901098901099, "f1-score": 0.01652892561983471, "support": 91}, "part-of": {"precision": 0.21621621621621623, "recall": 0.18691588785046728, "f1-score": 0.20050125313283207, "support": 214}, "physical": {"precision": 0.08196721311475409, "recall": 0.14423076923076922, "f1-score": 0.10452961672473868, "support": 104}, "role": {"precision": 0.07339449541284404, "recall": 0.14814814814814814, "f1-score": 0.098159509202454, "support": 108}, "social": {"precision": 0.0, "recall": 0.0, "f1-score": 0.0, "support": 1}, "temporal": {"precision": 0.14285714285714285, "recall": 0.047619047619047616, "f1-score": 0.07142857142857142, "support": 21}, "topic": {"precision": 0.0, "recall": 0.0, "f1-score": 0.0, "support": 39}, "type-of": {"precision": 0.0, "recall": 0.0, "f1-score": 0.0, "support": 54}, "usage": {"precision": 0.0, "recall": 0.0, "f1-score": 0.0, "support": 122}, "win-defeat": {"precision": 0.0, "recall": 0.0, "f1-score": 0.0, "support": 7}, "micro avg": {"precision": 0.10133333333333333, "recall": 0.09802235597592433, "f1-score": 0.09965034965034965, "support": 1163}, "macro avg": {"precision": 0.04685189033358056, "recall": 0.053342101973039985, "f1-score": 0.04627017902486285, "support": 1163}, "weighted avg": {"precision": 0.0836936482969788, "recall": 0.09802235597592433, "f1-score": 0.08676047797646136, "support": 1163}, "samples avg": {"precision": 0.10133333333333333, "recall": 0.09777777777777778, "f1-score": 0.09896296296296296, "support": 1163}}