{"related-to": {"precision": 0.0, "recall": 0.0, "f1-score": 0.0, "support": 76}, "artifact": {"precision": 0.0, "recall": 0.0, "f1-score": 0.0, "support": 2}, "cause-effect": {"precision": 0.0, "recall": 0.0, "f1-score": 0.0, "support": 0}, "compare": {"precision": 0.0, "recall": 0.0, "f1-score": 0.0, "support": 6}, "general-affiliation": {"precision": 0.0, "recall": 0.0, "f1-score": 0.0, "support": 31}, "named": {"precision": 0.03787878787878788, "recall": 0.038461538461538464, "f1-score": 0.03816793893129772, "support": 130}, "opposite": {"precision": 0.0, "recall": 0.0, "f1-score": 0.0, "support": 53}, "origin": {"precision": 0.030303030303030304, "recall": 0.01818181818181818, "f1-score": 0.022727272727272724, "support": 55}, "part-of": {"precision": 0.04201680672268908, "recall": 0.042735042735042736, "f1-score": 0.0423728813559322, "support": 117}, "physical": {"precision": 0.2138364779874214, "recall": 0.33251833740831294, "f1-score": 0.2602870813397129, "support": 409}, "role": {"precision": 0.4654300168634064, "recall": 0.33053892215568864, "f1-score": 0.3865546218487395, "support": 835}, "social": {"precision": 0.0, "recall": 0.0, "f1-score": 0.0, "support": 21}, "temporal": {"precision": 0.1791044776119403, "recall": 0.11726384364820847, "f1-score": 0.1417322834645669, "support": 307}, "topic": {"precision": 0.0, "recall": 0.0, "f1-score": 0.0, "support": 13}, "type-of": {"precision": 0.0, "recall": 0.0, "f1-score": 0.0, "support": 28}, "usage": {"precision": 0.0, "recall": 0.0, "f1-score": 0.0, "support": 0}, "win-defeat": {"precision": 0.0, "recall": 0.0, "f1-score": 0.0, "support": 41}, "micro avg": {"precision": 0.2506826870562534, "recall": 0.21610169491525424, "f1-score": 0.23211125158027815, "support": 2124}, "macro avg": {"precision": 0.05697468219807503, "recall": 0.0517470295641535, "f1-score": 0.052461298803971886, "support": 2124}, "weighted avg": {"precision": 0.2554543943889497, "recall": 0.21610169491525424, "f1-score": 0.22783041229518594, "support": 2124}, "samples avg": {"precision": 0.2506826870562534, "recall": 0.21409066084107045, "f1-score": 0.2262880029127981, "support": 2124}}