{
    "seeds": [
        4012,
        5096,
        8878,
        8857,
        9908
    ],
    "average": {
        "related-to": {
            "precision": 0.2965110509442275,
            "recall": 0.2956521739130435,
            "f1-score": 0.2937870593290182,
            "support": 2070
        },
        "artifact": {
            "precision": 0.8232041270143295,
            "recall": 0.9291338582677164,
            "f1-score": 0.8723902117855795,
            "support": 3175
        },
        "cause-effect": {
            "precision": 0.0,
            "recall": 0.0,
            "f1-score": 0.0,
            "support": 430
        },
        "compare": {
            "precision": 0.7674185463659148,
            "recall": 0.14390243902439023,
            "f1-score": 0.23195669081471254,
            "support": 410
        },
        "general-affiliation": {
            "precision": 0.725201156488412,
            "recall": 0.8778046811945117,
            "f1-score": 0.7939888109547584,
            "support": 6195
        },
        "named": {
            "precision": 0.7066784245968417,
            "recall": 0.6842293906810035,
            "f1-score": 0.6871962428978651,
            "support": 2790
        },
        "opposite": {
            "precision": 0.22685161190091135,
            "recall": 0.071875,
            "f1-score": 0.10901127798962898,
            "support": 640
        },
        "origin": {
            "precision": 0.4969352090981244,
            "recall": 0.38355263157894737,
            "f1-score": 0.4320069352656981,
            "support": 1520
        },
        "part-of": {
            "precision": 0.3294671359160441,
            "recall": 0.4077669902912621,
            "f1-score": 0.36166688568563254,
            "support": 3605
        },
        "physical": {
            "precision": 0.7818137606940432,
            "recall": 0.8845360824742269,
            "f1-score": 0.8293968396501071,
            "support": 7275
        },
        "role": {
            "precision": 0.6863762998274987,
            "recall": 0.5501495513459621,
            "f1-score": 0.6089405335029766,
            "support": 10030
        },
        "social": {
            "precision": 0.5581945572537457,
            "recall": 0.34285714285714286,
            "f1-score": 0.39990695268489246,
            "support": 525
        },
        "temporal": {
            "precision": 0.738908084097131,
            "recall": 0.8318627450980391,
            "f1-score": 0.7819576740712476,
            "support": 2040
        },
        "topic": {
            "precision": 0.813828414771811,
            "recall": 0.17411764705882354,
            "f1-score": 0.2744448508327332,
            "support": 850
        },
        "type-of": {
            "precision": 0.7351622384218487,
            "recall": 0.30416666666666664,
            "f1-score": 0.42726187532193816,
            "support": 1680
        },
        "usage": {
            "precision": 0.4765705128205129,
            "recall": 0.081,
            "f1-score": 0.13828775410211747,
            "support": 1000
        },
        "win-defeat": {
            "precision": 0.7461379593584795,
            "recall": 0.6763406940063091,
            "f1-score": 0.7078185931954379,
            "support": 1585
        },
        "micro avg": {
            "precision": 0.662413474850023,
            "recall": 0.6265604539502402,
            "f1-score": 0.6439883355764916,
            "support": 45820
        },
        "macro avg": {
            "precision": 999999.0,
            "recall": 999999.0,
            "f1-score": 0.46764818753437315,
            "support": 45820
        },
        "weighted avg": {
            "precision": 0.6558948504620872,
            "recall": 0.6265604539502402,
            "f1-score": 0.621939854326667,
            "support": 45820
        },
        "samples avg": {
            "precision": 0.662413474850023,
            "recall": 0.6362636517458852,
            "f1-score": 0.6449546223657899,
            "support": 45820
        }
    }
}