{
    "related-to": {
        "precision": 0.1566978978818124,
        "recall": 0.17019935879585002,
        "f1-score": 0.14208813788008567,
        "support": 414
    },
    "artifact": {
        "precision": 0.5127772417804441,
        "recall": 0.7386682818390135,
        "f1-score": 0.5913553675816233,
        "support": 635
    },
    "cause-effect": {
        "precision": 0.0,
        "recall": 0.0,
        "f1-score": 0.0,
        "support": 86
    },
    "compare": {
        "precision": 0.0,
        "recall": 0.0,
        "f1-score": 0.0,
        "support": 82
    },
    "general-affiliation": {
        "precision": 0.43741331082234275,
        "recall": 0.5184856571196299,
        "f1-score": 0.4430976317931761,
        "support": 1239
    },
    "named": {
        "precision": 0.4957238070037942,
        "recall": 0.638160886378416,
        "f1-score": 0.4762433472974184,
        "support": 558
    },
    "opposite": {
        "precision": 0.038461538461538464,
        "recall": 0.009433962264150943,
        "f1-score": 0.015151515151515152,
        "support": 128
    },
    "origin": {
        "precision": 0.31234126984126986,
        "recall": 0.2251136578106645,
        "f1-score": 0.23979629673912176,
        "support": 304
    },
    "part-of": {
        "precision": 0.23243375813745012,
        "recall": 0.18535810200529826,
        "f1-score": 0.19589810210393288,
        "support": 721
    },
    "physical": {
        "precision": 0.6792499988190684,
        "recall": 0.8396445274478261,
        "f1-score": 0.7445320901817615,
        "support": 1455
    },
    "role": {
        "precision": 0.5908442925749907,
        "recall": 0.529367125205791,
        "f1-score": 0.5479249981950894,
        "support": 2006
    },
    "social": {
        "precision": 0.22142857142857145,
        "recall": 0.1,
        "f1-score": 0.11942857142857144,
        "support": 105
    },
    "temporal": {
        "precision": 0.4481318290344966,
        "recall": 0.6382904484597735,
        "f1-score": 0.46148789809566576,
        "support": 408
    },
    "topic": {
        "precision": 0.4,
        "recall": 0.037121212121212124,
        "f1-score": 0.0673015873015873,
        "support": 170
    },
    "type-of": {
        "precision": 0.6069191919191919,
        "recall": 0.22195288371758962,
        "f1-score": 0.31217678956514455,
        "support": 336
    },
    "usage": {
        "precision": 0.0,
        "recall": 0.0,
        "f1-score": 0.0,
        "support": 200
    },
    "win-defeat": {
        "precision": 0.46639937146215155,
        "recall": 0.5174849353432659,
        "f1-score": 0.4891036180548258,
        "support": 317
    },
    "micro avg": {
        "precision": 0.5234644966917663,
        "recall": 0.4979026339278037,
        "f1-score": 0.5100474103723158,
        "support": 9164
    },
    "macro avg": {
        "precision": 999999.0,
        "recall": 999999.0,
        "f1-score": 0.2937321025066071,
        "support": 9164
    },
    "weighted avg": {
        "precision": 0.5009935517253572,
        "recall": 0.4979026339278037,
        "f1-score": 0.4728702544413328,
        "support": 9164
    },
    "samples avg": {
        "precision": 0.5234644966917663,
        "recall": 0.5032795570309057,
        "f1-score": 0.5099819194024556,
        "support": 9164
    }
}