{"related-to": {"precision": 0.10526315789473684, "recall": 0.09259259259259259, "f1-score": 0.09852216748768473, "support": 108}, "artifact": {"precision": 0.045454545454545456, "recall": 0.024390243902439025, "f1-score": 0.031746031746031744, "support": 41}, "cause-effect": {"precision": 0.0, "recall": 0.0, "f1-score": 0.0, "support": 5}, "compare": {"precision": 0.0, "recall": 0.0, "f1-score": 0.0, "support": 24}, "general-affiliation": {"precision": 0.08333333333333333, "recall": 0.05333333333333334, "f1-score": 0.06504065040650407, "support": 75}, "named": {"precision": 0.13714285714285715, "recall": 0.17266187050359713, "f1-score": 0.15286624203821658, "support": 139}, "opposite": {"precision": 0.0, "recall": 0.0, "f1-score": 0.0, "support": 11}, "origin": {"precision": 0.09523809523809523, "recall": 0.1348314606741573, "f1-score": 0.11162790697674417, "support": 89}, "part-of": {"precision": 0.20454545454545456, "recall": 0.37850467289719625, "f1-score": 0.2655737704918033, "support": 214}, "physical": {"precision": 0.09090909090909091, "recall": 0.11764705882352941, "f1-score": 0.10256410256410256, "support": 102}, "role": {"precision": 0.10317460317460317, "recall": 0.11926605504587157, "f1-score": 0.11063829787234043, "support": 109}, "social": {"precision": 0.0, "recall": 0.0, "f1-score": 0.0, "support": 1}, "temporal": {"precision": 0.0, "recall": 0.0, "f1-score": 0.0, "support": 21}, "topic": {"precision": 0.0, "recall": 0.0, "f1-score": 0.0, "support": 41}, "type-of": {"precision": 0.0, "recall": 0.0, "f1-score": 0.0, "support": 54}, "usage": {"precision": 0.0, "recall": 0.0, "f1-score": 0.0, "support": 122}, "win-defeat": {"precision": 0.0, "recall": 0.0, "f1-score": 0.0, "support": 7}, "micro avg": {"precision": 0.13930789707187222, "recall": 0.1349957007738607, "f1-score": 0.13711790393013099, "support": 1163}, "macro avg": {"precision": 0.050885949276042154, "recall": 0.06430748751604215, "f1-score": 0.05521053938726045, "support": 1163}, "weighted avg": {"precision": 0.09571160045296807, "recall": 0.1349957007738607, "f1-score": 0.1095074990110549, "support": 1163}, "samples avg": {"precision": 0.13930789707187222, "recall": 0.13516711032238982, "f1-score": 0.1364980774918663, "support": 1163}}