{
    "related-to": {
        "precision": 0.22959183673469388,
        "recall": 0.4166666666666667,
        "f1-score": 0.2960526315789474,
        "support": 108
    },
    "artifact": {
        "precision": 0.48214285714285715,
        "recall": 0.6585365853658537,
        "f1-score": 0.5567010309278351,
        "support": 41
    },
    "cause-effect": {
        "precision": 0.0,
        "recall": 0.0,
        "f1-score": 0.0,
        "support": 5
    },
    "compare": {
        "precision": 0.0,
        "recall": 0.0,
        "f1-score": 0.0,
        "support": 24
    },
    "general-affiliation": {
        "precision": 0.11363636363636363,
        "recall": 0.06666666666666667,
        "f1-score": 0.08403361344537814,
        "support": 75
    },
    "named": {
        "precision": 0.5276595744680851,
        "recall": 0.8920863309352518,
        "f1-score": 0.6631016042780749,
        "support": 139
    },
    "opposite": {
        "precision": 0.0,
        "recall": 0.0,
        "f1-score": 0.0,
        "support": 11
    },
    "origin": {
        "precision": 0.5319148936170213,
        "recall": 0.2808988764044944,
        "f1-score": 0.3676470588235294,
        "support": 89
    },
    "part-of": {
        "precision": 0.3875968992248062,
        "recall": 0.4672897196261682,
        "f1-score": 0.423728813559322,
        "support": 214
    },
    "physical": {
        "precision": 0.8529411764705882,
        "recall": 0.8529411764705882,
        "f1-score": 0.8529411764705882,
        "support": 102
    },
    "role": {
        "precision": 0.4508670520231214,
        "recall": 0.7155963302752294,
        "f1-score": 0.5531914893617021,
        "support": 109
    },
    "social": {
        "precision": 0.0,
        "recall": 0.0,
        "f1-score": 0.0,
        "support": 1
    },
    "temporal": {
        "precision": 0.09090909090909091,
        "recall": 0.047619047619047616,
        "f1-score": 0.0625,
        "support": 21
    },
    "topic": {
        "precision": 0.0,
        "recall": 0.0,
        "f1-score": 0.0,
        "support": 41
    },
    "type-of": {
        "precision": 0.0,
        "recall": 0.0,
        "f1-score": 0.0,
        "support": 54
    },
    "usage": {
        "precision": 0.0,
        "recall": 0.0,
        "f1-score": 0.0,
        "support": 122
    },
    "win-defeat": {
        "precision": 1.0,
        "recall": 0.2857142857142857,
        "f1-score": 0.4444444444444445,
        "support": 7
    },
    "micro avg": {
        "precision": 0.4383318544809228,
        "recall": 0.4247635425623388,
        "f1-score": 0.43144104803493455,
        "support": 1163
    },
    "macro avg": {
        "precision": 999999,
        "recall": 999999,
        "f1-score": 0.2531965801699895,
        "support": 1163
    },
    "weighted avg": {
        "precision": 0.34546082990509863,
        "recall": 0.4247635425623388,
        "f1-score": 0.36835090994853736,
        "support": 1163
    },
    "samples avg": {
        "precision": 0.4383318544809228,
        "recall": 0.4257616089914226,
        "f1-score": 0.429902395740905,
        "support": 1163
    }
}