{"related-to": {"precision": 0.0, "recall": 0.0, "f1-score": 0.0, "support": 26}, "artifact": {"precision": 0.11067193675889328, "recall": 0.10810810810810811, "f1-score": 0.109375, "support": 259}, "cause-effect": {"precision": 0.0, "recall": 0.0, "f1-score": 0.0, "support": 4}, "compare": {"precision": 0.0, "recall": 0.0, "f1-score": 0.0, "support": 5}, "general-affiliation": {"precision": 0.29985855728429983, "recall": 0.29362880886426596, "f1-score": 0.2967109867039888, "support": 722}, "named": {"precision": 0.04477611940298507, "recall": 0.03614457831325301, "f1-score": 0.04, "support": 83}, "opposite": {"precision": 0.0, "recall": 0.0, "f1-score": 0.0, "support": 6}, "origin": {"precision": 0.0, "recall": 0.0, "f1-score": 0.0, "support": 19}, "part-of": {"precision": 0.07142857142857142, "recall": 0.045454545454545456, "f1-score": 0.05555555555555555, "support": 176}, "physical": {"precision": 0.17191977077363896, "recall": 0.14388489208633093, "f1-score": 0.15665796344647517, "support": 417}, "role": {"precision": 0.15769944341372913, "recall": 0.22427440633245382, "f1-score": 0.18518518518518515, "support": 379}, "social": {"precision": 0.0, "recall": 0.0, "f1-score": 0.0, "support": 22}, "temporal": {"precision": 0.0, "recall": 0.0, "f1-score": 0.0, "support": 24}, "topic": {"precision": 0.0, "recall": 0.0, "f1-score": 0.0, "support": 8}, "type-of": {"precision": 0.0641025641025641, "recall": 0.04201680672268908, "f1-score": 0.050761421319796954, "support": 119}, "usage": {"precision": 0.0, "recall": 0.0, "f1-score": 0.0, "support": 52}, "win-defeat": {"precision": 0.0410958904109589, "recall": 0.03225806451612903, "f1-score": 0.03614457831325301, "support": 93}, "micro avg": {"precision": 0.1732418524871355, "recall": 0.16735708367854185, "f1-score": 0.17024863042562158, "support": 2414}, "macro avg": {"precision": 0.05656193256327297, "recall": 0.054457071199869145, "f1-score": 0.05472886414848557, "support": 2414}, "weighted avg": {"precision": 0.1675055977069301, "recall": 0.16735708367854185, "f1-score": 0.16593407043935848, "support": 2414}, "samples avg": {"precision": 0.1732418524871355, "recall": 0.16952544311034876, "f1-score": 0.17074042309891366, "support": 2414}}