{
    "related-to": {
        "precision": 0.011494252873563218,
        "recall": 0.038461538461538464,
        "f1-score": 0.017699115044247787,
        "support": 26
    },
    "artifact": {
        "precision": 0.7230769230769231,
        "recall": 0.7258687258687259,
        "f1-score": 0.7244701348747591,
        "support": 259
    },
    "cause-effect": {
        "precision": 0.0,
        "recall": 0.0,
        "f1-score": 0.0,
        "support": 4
    },
    "compare": {
        "precision": 0.0,
        "recall": 0.0,
        "f1-score": 0.0,
        "support": 5
    },
    "general-affiliation": {
        "precision": 0.7139303482587065,
        "recall": 0.7950138504155124,
        "f1-score": 0.7522935779816513,
        "support": 722
    },
    "named": {
        "precision": 0.5529411764705883,
        "recall": 0.5662650602409639,
        "f1-score": 0.5595238095238094,
        "support": 83
    },
    "opposite": {
        "precision": 0.0,
        "recall": 0.0,
        "f1-score": 0.0,
        "support": 6
    },
    "origin": {
        "precision": 0.0,
        "recall": 0.0,
        "f1-score": 0.0,
        "support": 19
    },
    "part-of": {
        "precision": 0.05333333333333334,
        "recall": 0.022727272727272728,
        "f1-score": 0.03187250996015937,
        "support": 176
    },
    "physical": {
        "precision": 0.8025641025641026,
        "recall": 0.750599520383693,
        "f1-score": 0.7757125154894672,
        "support": 417
    },
    "role": {
        "precision": 0.6547314578005116,
        "recall": 0.6754617414248021,
        "f1-score": 0.664935064935065,
        "support": 379
    },
    "social": {
        "precision": 0.6666666666666666,
        "recall": 0.09090909090909091,
        "f1-score": 0.16,
        "support": 22
    },
    "temporal": {
        "precision": 0.32142857142857145,
        "recall": 0.75,
        "f1-score": 0.45000000000000007,
        "support": 24
    },
    "topic": {
        "precision": 0.0,
        "recall": 0.0,
        "f1-score": 0.0,
        "support": 8
    },
    "type-of": {
        "precision": 0.971830985915493,
        "recall": 0.5798319327731093,
        "f1-score": 0.7263157894736842,
        "support": 119
    },
    "usage": {
        "precision": 0.0,
        "recall": 0.0,
        "f1-score": 0.0,
        "support": 52
    },
    "win-defeat": {
        "precision": 0.7669902912621359,
        "recall": 0.8494623655913979,
        "f1-score": 0.8061224489795918,
        "support": 93
    },
    "micro avg": {
        "precision": 0.6650943396226415,
        "recall": 0.6425020712510356,
        "f1-score": 0.6536030341340077,
        "support": 2414
    },
    "macro avg": {
        "precision": 999999,
        "recall": 999999,
        "f1-score": 0.33346735095661384,
        "support": 2414
    },
    "weighted avg": {
        "precision": 0.642289005582455,
        "recall": 0.6425020712510356,
        "f1-score": 0.6356700159245638,
        "support": 2414
    },
    "samples avg": {
        "precision": 0.6650943396226415,
        "recall": 0.6528730703259005,
        "f1-score": 0.6568753573470555,
        "support": 2414
    }
}