{"related-to": {"precision": 0.1018867924528302, "recall": 0.21428571428571427, "f1-score": 0.13810741687979539, "support": 126}, "artifact": {"precision": 0.030303030303030304, "recall": 0.030303030303030304, "f1-score": 0.030303030303030304, "support": 33}, "cause-effect": {"precision": 0.0, "recall": 0.0, "f1-score": 0.0, "support": 76}, "compare": {"precision": 0.0, "recall": 0.0, "f1-score": 0.0, "support": 39}, "general-affiliation": {"precision": 0.05405405405405406, "recall": 0.1095890410958904, "f1-score": 0.07239819004524888, "support": 73}, "named": {"precision": 0.08536585365853659, "recall": 0.19444444444444445, "f1-score": 0.11864406779661017, "support": 108}, "opposite": {"precision": 0.0, "recall": 0.0, "f1-score": 0.0, "support": 5}, "origin": {"precision": 0.057692307692307696, "recall": 0.031914893617021274, "f1-score": 0.0410958904109589, "support": 94}, "part-of": {"precision": 0.056910569105691054, "recall": 0.07777777777777778, "f1-score": 0.06572769953051642, "support": 90}, "physical": {"precision": 0.15263157894736842, "recall": 0.12946428571428573, "f1-score": 0.1400966183574879, "support": 224}, "role": {"precision": 0.23275862068965517, "recall": 0.1888111888111888, "f1-score": 0.20849420849420847, "support": 286}, "social": {"precision": 0.0, "recall": 0.0, "f1-score": 0.0, "support": 14}, "temporal": {"precision": 0.0625, "recall": 0.07692307692307693, "f1-score": 0.06896551724137931, "support": 26}, "topic": {"precision": 0.3333333333333333, "recall": 0.015151515151515152, "f1-score": 0.028985507246376812, "support": 66}, "type-of": {"precision": 0.0, "recall": 0.0, "f1-score": 0.0, "support": 117}, "usage": {"precision": 0.0, "recall": 0.0, "f1-score": 0.0, "support": 24}, "win-defeat": {"precision": 0.025, "recall": 0.022727272727272728, "f1-score": 0.02380952380952381, "support": 44}, "micro avg": {"precision": 0.11063218390804598, "recall": 0.10657439446366782, "f1-score": 0.10856538597109622, "support": 1445}, "macro avg": {"precision": 0.070143302366871, "recall": 0.0641995435794834, "f1-score": 0.055095745300890384, "support": 1445}, "weighted avg": {"precision": 0.11282467912398998, "recall": 0.10657439446366782, "f1-score": 0.09829994497864677, "support": 1445}, "samples avg": {"precision": 0.11063218390804598, "recall": 0.10596264367816093, "f1-score": 0.1075191570881226, "support": 1445}}