{
    "related-to": {
        "precision": 0.2837209302325581,
        "recall": 0.48412698412698413,
        "f1-score": 0.3577712609970674,
        "support": 126
    },
    "artifact": {
        "precision": 0.9615384615384616,
        "recall": 0.7575757575757576,
        "f1-score": 0.8474576271186441,
        "support": 33
    },
    "cause-effect": {
        "precision": 0.0,
        "recall": 0.0,
        "f1-score": 0.0,
        "support": 76
    },
    "compare": {
        "precision": 0.0,
        "recall": 0.0,
        "f1-score": 0.0,
        "support": 39
    },
    "general-affiliation": {
        "precision": 0.30851063829787234,
        "recall": 0.3972602739726027,
        "f1-score": 0.34730538922155685,
        "support": 73
    },
    "named": {
        "precision": 0.28955223880597014,
        "recall": 0.8981481481481481,
        "f1-score": 0.43792325056433407,
        "support": 108
    },
    "opposite": {
        "precision": 0.0,
        "recall": 0.0,
        "f1-score": 0.0,
        "support": 5
    },
    "origin": {
        "precision": 0.5283018867924528,
        "recall": 0.2978723404255319,
        "f1-score": 0.380952380952381,
        "support": 94
    },
    "part-of": {
        "precision": 0.11612903225806452,
        "recall": 0.2,
        "f1-score": 0.14693877551020407,
        "support": 90
    },
    "physical": {
        "precision": 0.7522522522522522,
        "recall": 0.7455357142857143,
        "f1-score": 0.7488789237668161,
        "support": 224
    },
    "role": {
        "precision": 0.6589861751152074,
        "recall": 0.5,
        "f1-score": 0.5685884691848907,
        "support": 286
    },
    "social": {
        "precision": 0.7142857142857143,
        "recall": 0.35714285714285715,
        "f1-score": 0.4761904761904762,
        "support": 14
    },
    "temporal": {
        "precision": 0.6,
        "recall": 0.6923076923076923,
        "f1-score": 0.6428571428571429,
        "support": 26
    },
    "topic": {
        "precision": 0.0,
        "recall": 0.0,
        "f1-score": 0.0,
        "support": 66
    },
    "type-of": {
        "precision": 0.5,
        "recall": 0.017094017094017096,
        "f1-score": 0.03305785123966942,
        "support": 117
    },
    "usage": {
        "precision": 0.0,
        "recall": 0.0,
        "f1-score": 0.0,
        "support": 24
    },
    "win-defeat": {
        "precision": 0.9705882352941176,
        "recall": 0.75,
        "f1-score": 0.846153846153846,
        "support": 44
    },
    "micro avg": {
        "precision": 0.44971264367816094,
        "recall": 0.43321799307958475,
        "f1-score": 0.44131124427211843,
        "support": 1445
    },
    "macro avg": {
        "precision": 999999,
        "recall": 999999,
        "f1-score": 0.3431809055151193,
        "support": 1445
    },
    "weighted avg": {
        "precision": 0.4603217633418494,
        "recall": 0.43321799307958475,
        "f1-score": 0.40800897576298834,
        "support": 1445
    },
    "samples avg": {
        "precision": 0.44971264367816094,
        "recall": 0.43103448275862066,
        "f1-score": 0.4372605363984674,
        "support": 1445
    }
}