{"related-to": {"precision": 0.0, "recall": 0.0, "f1-score": 0.0, "support": 26}, "artifact": {"precision": 0.10714285714285714, "recall": 0.11583011583011583, "f1-score": 0.11131725417439703, "support": 259}, "cause-effect": {"precision": 0.0, "recall": 0.0, "f1-score": 0.0, "support": 4}, "compare": {"precision": 0.0, "recall": 0.0, "f1-score": 0.0, "support": 5}, "general-affiliation": {"precision": 0.32981927710843373, "recall": 0.3033240997229917, "f1-score": 0.316017316017316, "support": 722}, "named": {"precision": 0.046511627906976744, "recall": 0.04819277108433735, "f1-score": 0.04733727810650888, "support": 83}, "opposite": {"precision": 0.0, "recall": 0.0, "f1-score": 0.0, "support": 6}, "origin": {"precision": 0.0, "recall": 0.0, "f1-score": 0.0, "support": 19}, "part-of": {"precision": 0.1, "recall": 0.07954545454545454, "f1-score": 0.08860759493670886, "support": 176}, "physical": {"precision": 0.1774580335731415, "recall": 0.1774580335731415, "f1-score": 0.1774580335731415, "support": 417}, "role": {"precision": 0.17659574468085107, "recall": 0.21899736147757257, "f1-score": 0.1955241460541814, "support": 379}, "social": {"precision": 0.0, "recall": 0.0, "f1-score": 0.0, "support": 22}, "temporal": {"precision": 0.0, "recall": 0.0, "f1-score": 0.0, "support": 24}, "topic": {"precision": 0.0, "recall": 0.0, "f1-score": 0.0, "support": 8}, "type-of": {"precision": 0.05555555555555555, "recall": 0.03361344537815126, "f1-score": 0.041884816753926704, "support": 119}, "usage": {"precision": 0.0, "recall": 0.0, "f1-score": 0.0, "support": 52}, "win-defeat": {"precision": 0.03, "recall": 0.03225806451612903, "f1-score": 0.0310880829015544, "support": 93}, "micro avg": {"precision": 0.18481989708404803, "recall": 0.17854183927091963, "f1-score": 0.18162663295406659, "support": 2414}, "macro avg": {"precision": 0.0601813585863421, "recall": 0.059365843889876105, "f1-score": 0.05936673661869027, "support": 2414}, "weighted avg": {"precision": 0.18130525332797096, "recall": 0.17854183927091963, "f1-score": 0.17916269181668126, "support": 2414}, "samples avg": {"precision": 0.18481989708404803, "recall": 0.17917381360777587, "f1-score": 0.18103201829616922, "support": 2414}}