{
    "related-to": {
        "precision": 0.02,
        "recall": 0.038461538461538464,
        "f1-score": 0.026315789473684213,
        "support": 26
    },
    "artifact": {
        "precision": 0.805921052631579,
        "recall": 0.9459459459459459,
        "f1-score": 0.8703374777975134,
        "support": 259
    },
    "cause-effect": {
        "precision": 0.0,
        "recall": 0.0,
        "f1-score": 0.0,
        "support": 4
    },
    "compare": {
        "precision": 0.0,
        "recall": 0.0,
        "f1-score": 0.0,
        "support": 5
    },
    "general-affiliation": {
        "precision": 0.8373015873015873,
        "recall": 0.8767313019390581,
        "f1-score": 0.8565629228687415,
        "support": 722
    },
    "named": {
        "precision": 0.7377049180327869,
        "recall": 0.5421686746987951,
        "f1-score": 0.625,
        "support": 83
    },
    "opposite": {
        "precision": 0.0,
        "recall": 0.0,
        "f1-score": 0.0,
        "support": 6
    },
    "origin": {
        "precision": 0.625,
        "recall": 0.2631578947368421,
        "f1-score": 0.37037037037037035,
        "support": 19
    },
    "part-of": {
        "precision": 0.23809523809523808,
        "recall": 0.14204545454545456,
        "f1-score": 0.17793594306049823,
        "support": 176
    },
    "physical": {
        "precision": 0.899103139013453,
        "recall": 0.9616306954436451,
        "f1-score": 0.929316338354577,
        "support": 417
    },
    "role": {
        "precision": 0.6781914893617021,
        "recall": 0.6728232189973615,
        "f1-score": 0.675496688741722,
        "support": 379
    },
    "social": {
        "precision": 0.5,
        "recall": 0.045454545454545456,
        "f1-score": 0.08333333333333334,
        "support": 22
    },
    "temporal": {
        "precision": 0.4222222222222222,
        "recall": 0.7916666666666666,
        "f1-score": 0.5507246376811594,
        "support": 24
    },
    "topic": {
        "precision": 0.14285714285714285,
        "recall": 0.125,
        "f1-score": 0.13333333333333333,
        "support": 8
    },
    "type-of": {
        "precision": 0.971830985915493,
        "recall": 0.5798319327731093,
        "f1-score": 0.7263157894736842,
        "support": 119
    },
    "usage": {
        "precision": 0.0,
        "recall": 0.0,
        "f1-score": 0.0,
        "support": 52
    },
    "win-defeat": {
        "precision": 0.8217821782178217,
        "recall": 0.8924731182795699,
        "f1-score": 0.8556701030927835,
        "support": 93
    },
    "micro avg": {
        "precision": 0.7645797598627787,
        "recall": 0.7386081193040597,
        "f1-score": 0.7513695743784238,
        "support": 2414
    },
    "macro avg": {
        "precision": 999999,
        "recall": 999999,
        "f1-score": 0.4047478075047883,
        "support": 2414
    },
    "weighted avg": {
        "precision": 0.7353376025583657,
        "recall": 0.7386081193040597,
        "f1-score": 0.7292598419921724,
        "support": 2414
    },
    "samples avg": {
        "precision": 0.7645797598627787,
        "recall": 0.75,
        "f1-score": 0.7547884505431675,
        "support": 2414
    }
}