{
    "related-to": {
        "precision": 0.09090909090909091,
        "recall": 0.013888888888888888,
        "f1-score": 0.02409638554216867,
        "support": 72
    },
    "artifact": {
        "precision": 0.7735849056603774,
        "recall": 0.9566666666666667,
        "f1-score": 0.8554396423248883,
        "support": 300
    },
    "cause-effect": {
        "precision": 0.0,
        "recall": 0.0,
        "f1-score": 0.0,
        "support": 1
    },
    "compare": {
        "precision": 0.0,
        "recall": 0.0,
        "f1-score": 0.0,
        "support": 8
    },
    "general-affiliation": {
        "precision": 0.7631578947368421,
        "recall": 0.8841463414634146,
        "f1-score": 0.8192090395480227,
        "support": 328
    },
    "named": {
        "precision": 0.46078431372549017,
        "recall": 0.5,
        "f1-score": 0.4795918367346939,
        "support": 94
    },
    "opposite": {
        "precision": 0.0,
        "recall": 0.0,
        "f1-score": 0.0,
        "support": 14
    },
    "origin": {
        "precision": 0.0,
        "recall": 0.0,
        "f1-score": 0.0,
        "support": 47
    },
    "part-of": {
        "precision": 0.15151515151515152,
        "recall": 0.052083333333333336,
        "f1-score": 0.07751937984496124,
        "support": 96
    },
    "physical": {
        "precision": 0.7159090909090909,
        "recall": 0.7241379310344828,
        "f1-score": 0.72,
        "support": 174
    },
    "role": {
        "precision": 0.5955056179775281,
        "recall": 0.6284584980237155,
        "f1-score": 0.6115384615384616,
        "support": 253
    },
    "social": {
        "precision": 0.4807692307692308,
        "recall": 0.5319148936170213,
        "f1-score": 0.505050505050505,
        "support": 47
    },
    "temporal": {
        "precision": 0.40816326530612246,
        "recall": 0.6896551724137931,
        "f1-score": 0.5128205128205129,
        "support": 29
    },
    "topic": {
        "precision": 0.08333333333333333,
        "recall": 0.023809523809523808,
        "f1-score": 0.037037037037037035,
        "support": 42
    },
    "type-of": {
        "precision": 0.9090909090909091,
        "recall": 0.5555555555555556,
        "f1-score": 0.6896551724137931,
        "support": 18
    },
    "usage": {
        "precision": 0.0,
        "recall": 0.0,
        "f1-score": 0.0,
        "support": 2
    },
    "win-defeat": {
        "precision": 0.696,
        "recall": 0.8969072164948454,
        "f1-score": 0.7837837837837837,
        "support": 97
    },
    "micro avg": {
        "precision": 0.6654088050314465,
        "recall": 0.6522811344019729,
        "f1-score": 0.6587795765877957,
        "support": 1622
    },
    "macro avg": {
        "precision": 999999,
        "recall": 999999,
        "f1-score": 0.3597495150964016,
        "support": 1622
    },
    "weighted avg": {
        "precision": 0.5818961305937527,
        "recall": 0.6522811344019729,
        "f1-score": 0.6092451699203835,
        "support": 1622
    },
    "samples avg": {
        "precision": 0.6654088050314465,
        "recall": 0.6591194968553459,
        "f1-score": 0.6612159329140461,
        "support": 1622
    }
}