{
    "related-to": {
        "precision": 0.33620689655172414,
        "recall": 0.6190476190476191,
        "f1-score": 0.43575418994413406,
        "support": 126
    },
    "artifact": {
        "precision": 0.3,
        "recall": 0.18181818181818182,
        "f1-score": 0.22641509433962265,
        "support": 33
    },
    "cause-effect": {
        "precision": 0.0,
        "recall": 0.0,
        "f1-score": 0.0,
        "support": 76
    },
    "compare": {
        "precision": 0.4117647058823529,
        "recall": 0.358974358974359,
        "f1-score": 0.3835616438356165,
        "support": 39
    },
    "general-affiliation": {
        "precision": 0.47368421052631576,
        "recall": 0.2465753424657534,
        "f1-score": 0.3243243243243243,
        "support": 73
    },
    "named": {
        "precision": 0.43352601156069365,
        "recall": 0.6944444444444444,
        "f1-score": 0.5338078291814947,
        "support": 108
    },
    "opposite": {
        "precision": 0.0,
        "recall": 0.0,
        "f1-score": 0.0,
        "support": 5
    },
    "origin": {
        "precision": 0.33653846153846156,
        "recall": 0.3723404255319149,
        "f1-score": 0.3535353535353536,
        "support": 94
    },
    "part-of": {
        "precision": 0.15544041450777202,
        "recall": 0.3333333333333333,
        "f1-score": 0.21201413427561838,
        "support": 90
    },
    "physical": {
        "precision": 0.6956521739130435,
        "recall": 0.7857142857142857,
        "f1-score": 0.7379454926624738,
        "support": 224
    },
    "role": {
        "precision": 0.39325842696629215,
        "recall": 0.36713286713286714,
        "f1-score": 0.379746835443038,
        "support": 286
    },
    "social": {
        "precision": 0.0,
        "recall": 0.0,
        "f1-score": 0.0,
        "support": 14
    },
    "temporal": {
        "precision": 0.0,
        "recall": 0.0,
        "f1-score": 0.0,
        "support": 26
    },
    "topic": {
        "precision": 1.0,
        "recall": 0.4393939393939394,
        "f1-score": 0.6105263157894737,
        "support": 66
    },
    "type-of": {
        "precision": 0.6666666666666666,
        "recall": 0.017094017094017096,
        "f1-score": 0.03333333333333333,
        "support": 117
    },
    "usage": {
        "precision": 0.1,
        "recall": 0.041666666666666664,
        "f1-score": 0.058823529411764705,
        "support": 24
    },
    "win-defeat": {
        "precision": 0.9166666666666666,
        "recall": 0.75,
        "f1-score": 0.8250000000000001,
        "support": 44
    },
    "micro avg": {
        "precision": 0.4324712643678161,
        "recall": 0.4166089965397924,
        "f1-score": 0.424391963341558,
        "support": 1445
    },
    "macro avg": {
        "precision": 999999,
        "recall": 999999,
        "f1-score": 0.30086988682801463,
        "support": 1445
    },
    "weighted avg": {
        "precision": 0.45008735792694426,
        "recall": 0.4166089965397924,
        "f1-score": 0.3922422377448125,
        "support": 1445
    },
    "samples avg": {
        "precision": 0.4324712643678161,
        "recall": 0.4141522988505747,
        "f1-score": 0.4202586206896552,
        "support": 1445
    }
}