{
    "related-to": {
        "precision": 0.0,
        "recall": 0.0,
        "f1-score": 0.0,
        "support": 76
    },
    "artifact": {
        "precision": 0.0,
        "recall": 0.0,
        "f1-score": 0.0,
        "support": 2
    },
    "cause-effect": {
        "precision": 0.0,
        "recall": 0.0,
        "f1-score": 0.0,
        "support": 0
    },
    "compare": {
        "precision": 0.0,
        "recall": 0.0,
        "f1-score": 0.0,
        "support": 6
    },
    "general-affiliation": {
        "precision": 0.21052631578947367,
        "recall": 0.6451612903225806,
        "f1-score": 0.31746031746031744,
        "support": 31
    },
    "named": {
        "precision": 0.6792452830188679,
        "recall": 0.5538461538461539,
        "f1-score": 0.6101694915254237,
        "support": 130
    },
    "opposite": {
        "precision": 0.0,
        "recall": 0.0,
        "f1-score": 0.0,
        "support": 53
    },
    "origin": {
        "precision": 0.0,
        "recall": 0.0,
        "f1-score": 0.0,
        "support": 55
    },
    "part-of": {
        "precision": 0.2682926829268293,
        "recall": 0.09401709401709402,
        "f1-score": 0.13924050632911392,
        "support": 117
    },
    "physical": {
        "precision": 0.6711798839458414,
        "recall": 0.8484107579462102,
        "f1-score": 0.7494600431965444,
        "support": 409
    },
    "role": {
        "precision": 0.644474034620506,
        "recall": 0.5796407185628742,
        "f1-score": 0.6103404791929382,
        "support": 835
    },
    "social": {
        "precision": 0.0,
        "recall": 0.0,
        "f1-score": 0.0,
        "support": 21
    },
    "temporal": {
        "precision": 0.8779661016949153,
        "recall": 0.8436482084690554,
        "f1-score": 0.8604651162790697,
        "support": 307
    },
    "topic": {
        "precision": 0.0,
        "recall": 0.0,
        "f1-score": 0.0,
        "support": 13
    },
    "type-of": {
        "precision": 0.0,
        "recall": 0.0,
        "f1-score": 0.0,
        "support": 28
    },
    "usage": {
        "precision": 0.0,
        "recall": 0.0,
        "f1-score": 0.0,
        "support": 0
    },
    "win-defeat": {
        "precision": 0.0,
        "recall": 0.0,
        "f1-score": 0.0,
        "support": 41
    },
    "micro avg": {
        "precision": 0.6515565264882578,
        "recall": 0.5616760828625236,
        "f1-score": 0.6032869785082173,
        "support": 2124
    },
    "macro avg": {
        "precision": 999999,
        "recall": 999999,
        "f1-score": 0.21914239693222715,
        "support": 2124
    },
    "weighted avg": {
        "precision": 0.5689276982799792,
        "recall": 0.5616760828625236,
        "f1-score": 0.558277161709626,
        "support": 2124
    },
    "samples avg": {
        "precision": 0.6515565264882578,
        "recall": 0.5745494265428728,
        "f1-score": 0.600218459858001,
        "support": 2124
    }
}