{
    "related-to": {
        "precision": 0.0,
        "recall": 0.0,
        "f1-score": 0.0,
        "support": 76
    },
    "artifact": {
        "precision": 0.0,
        "recall": 0.0,
        "f1-score": 0.0,
        "support": 2
    },
    "cause-effect": {
        "precision": 0.0,
        "recall": 0.0,
        "f1-score": 0.0,
        "support": 0
    },
    "compare": {
        "precision": 0.0,
        "recall": 0.0,
        "f1-score": 0.0,
        "support": 6
    },
    "general-affiliation": {
        "precision": 0.12962962962962962,
        "recall": 0.45161290322580644,
        "f1-score": 0.2014388489208633,
        "support": 31
    },
    "named": {
        "precision": 0.5590551181102362,
        "recall": 0.5461538461538461,
        "f1-score": 0.5525291828793774,
        "support": 130
    },
    "opposite": {
        "precision": 0.034482758620689655,
        "recall": 0.018867924528301886,
        "f1-score": 0.024390243902439025,
        "support": 53
    },
    "origin": {
        "precision": 0.0,
        "recall": 0.0,
        "f1-score": 0.0,
        "support": 55
    },
    "part-of": {
        "precision": 0.08333333333333333,
        "recall": 0.017094017094017096,
        "f1-score": 0.028368794326241134,
        "support": 117
    },
    "physical": {
        "precision": 0.7106481481481481,
        "recall": 0.7506112469437652,
        "f1-score": 0.7300832342449465,
        "support": 409
    },
    "role": {
        "precision": 0.625,
        "recall": 0.6107784431137725,
        "f1-score": 0.6178073894609327,
        "support": 835
    },
    "social": {
        "precision": 0.0,
        "recall": 0.0,
        "f1-score": 0.0,
        "support": 21
    },
    "temporal": {
        "precision": 0.889273356401384,
        "recall": 0.8371335504885994,
        "f1-score": 0.8624161073825504,
        "support": 307
    },
    "topic": {
        "precision": 0.0,
        "recall": 0.0,
        "f1-score": 0.0,
        "support": 13
    },
    "type-of": {
        "precision": 0.0,
        "recall": 0.0,
        "f1-score": 0.0,
        "support": 28
    },
    "usage": {
        "precision": 0.0,
        "recall": 0.0,
        "f1-score": 0.0,
        "support": 0
    },
    "win-defeat": {
        "precision": 0.0,
        "recall": 0.0,
        "f1-score": 0.0,
        "support": 41
    },
    "micro avg": {
        "precision": 0.6346258874931732,
        "recall": 0.5470809792843692,
        "f1-score": 0.5876106194690266,
        "support": 2124
    },
    "macro avg": {
        "precision": 999999,
        "recall": 999999,
        "f1-score": 0.20113558674115672,
        "support": 2124
    },
    "weighted avg": {
        "precision": 0.5526413762182502,
        "recall": 0.5470809792843692,
        "f1-score": 0.547043402978517,
        "support": 2124
    },
    "samples avg": {
        "precision": 0.6346258874931732,
        "recall": 0.5570726379027854,
        "f1-score": 0.5829237210995812,
        "support": 2124
    }
}