{
    "related-to": {
        "precision": 0.2191780821917808,
        "recall": 0.2962962962962963,
        "f1-score": 0.25196850393700787,
        "support": 108
    },
    "artifact": {
        "precision": 0.4727272727272727,
        "recall": 0.6341463414634146,
        "f1-score": 0.5416666666666666,
        "support": 41
    },
    "cause-effect": {
        "precision": 0.0,
        "recall": 0.0,
        "f1-score": 0.0,
        "support": 5
    },
    "compare": {
        "precision": 0.0,
        "recall": 0.0,
        "f1-score": 0.0,
        "support": 24
    },
    "general-affiliation": {
        "precision": 0.25,
        "recall": 0.013333333333333334,
        "f1-score": 0.025316455696202535,
        "support": 75
    },
    "named": {
        "precision": 0.631578947368421,
        "recall": 0.6906474820143885,
        "f1-score": 0.6597938144329897,
        "support": 139
    },
    "opposite": {
        "precision": 0.0,
        "recall": 0.0,
        "f1-score": 0.0,
        "support": 11
    },
    "origin": {
        "precision": 0.53125,
        "recall": 0.38202247191011235,
        "f1-score": 0.44444444444444436,
        "support": 89
    },
    "part-of": {
        "precision": 0.3645083932853717,
        "recall": 0.7102803738317757,
        "f1-score": 0.48177496038034867,
        "support": 214
    },
    "physical": {
        "precision": 0.8588235294117647,
        "recall": 0.7156862745098039,
        "f1-score": 0.7807486631016043,
        "support": 102
    },
    "role": {
        "precision": 0.5725806451612904,
        "recall": 0.6513761467889908,
        "f1-score": 0.6094420600858369,
        "support": 109
    },
    "social": {
        "precision": 0.0,
        "recall": 0.0,
        "f1-score": 0.0,
        "support": 1
    },
    "temporal": {
        "precision": 0.6923076923076923,
        "recall": 0.42857142857142855,
        "f1-score": 0.5294117647058824,
        "support": 21
    },
    "topic": {
        "precision": 1.0,
        "recall": 0.07317073170731707,
        "f1-score": 0.13636363636363635,
        "support": 41
    },
    "type-of": {
        "precision": 0.27450980392156865,
        "recall": 0.25925925925925924,
        "f1-score": 0.26666666666666666,
        "support": 54
    },
    "usage": {
        "precision": 0.2727272727272727,
        "recall": 0.02459016393442623,
        "f1-score": 0.045112781954887216,
        "support": 122
    },
    "win-defeat": {
        "precision": 0.5,
        "recall": 0.14285714285714285,
        "f1-score": 0.22222222222222224,
        "support": 7
    },
    "micro avg": {
        "precision": 0.4569653948535936,
        "recall": 0.44282029234737746,
        "f1-score": 0.4497816593886463,
        "support": 1163
    },
    "macro avg": {
        "precision": 999999,
        "recall": 999999,
        "f1-score": 0.2938195670975527,
        "support": 1163
    },
    "weighted avg": {
        "precision": 0.4574587957449225,
        "recall": 0.44282029234737746,
        "f1-score": 0.4040583168601766,
        "support": 1163
    },
    "samples avg": {
        "precision": 0.4569653948535936,
        "recall": 0.44616977225672877,
        "f1-score": 0.4497190180419994,
        "support": 1163
    }
}