{"related-to": {"precision": 0.0, "recall": 0.0, "f1-score": 0.0, "support": 26}, "artifact": {"precision": 0.10569105691056911, "recall": 0.15057915057915058, "f1-score": 0.12420382165605097, "support": 259}, "cause-effect": {"precision": 0.0, "recall": 0.0, "f1-score": 0.0, "support": 4}, "compare": {"precision": 0.0, "recall": 0.0, "f1-score": 0.0, "support": 5}, "general-affiliation": {"precision": 0.30612244897959184, "recall": 0.31163434903047094, "f1-score": 0.30885380919698013, "support": 722}, "named": {"precision": 0.01639344262295082, "recall": 0.012048192771084338, "f1-score": 0.013888888888888888, "support": 83}, "opposite": {"precision": 0.0, "recall": 0.0, "f1-score": 0.0, "support": 6}, "origin": {"precision": 0.06666666666666667, "recall": 0.05263157894736842, "f1-score": 0.058823529411764705, "support": 19}, "part-of": {"precision": 0.05952380952380952, "recall": 0.028409090909090908, "f1-score": 0.03846153846153846, "support": 176}, "physical": {"precision": 0.17232375979112272, "recall": 0.15827338129496402, "f1-score": 0.165, "support": 417}, "role": {"precision": 0.18518518518518517, "recall": 0.22427440633245382, "f1-score": 0.20286396181384247, "support": 379}, "social": {"precision": 0.0, "recall": 0.0, "f1-score": 0.0, "support": 22}, "temporal": {"precision": 0.029411764705882353, "recall": 0.041666666666666664, "f1-score": 0.034482758620689655, "support": 24}, "topic": {"precision": 0.0, "recall": 0.0, "f1-score": 0.0, "support": 8}, "type-of": {"precision": 0.08, "recall": 0.03361344537815126, "f1-score": 0.047337278106508875, "support": 119}, "usage": {"precision": 0.0, "recall": 0.0, "f1-score": 0.0, "support": 52}, "win-defeat": {"precision": 0.04424778761061947, "recall": 0.053763440860215055, "f1-score": 0.04854368932038835, "support": 93}, "micro avg": {"precision": 0.18524871355060035, "recall": 0.17895608947804473, "f1-score": 0.18204804045512007, "support": 2414}, "macro avg": {"precision": 0.06268034835272929, "recall": 0.06275845310409506, "f1-score": 0.0613211338515678, "support": 2414}, "weighted avg": {"precision": 0.1731081294127908, "recall": 0.17895608947804473, "f1-score": 0.1743440855802744, "support": 2414}, "samples avg": {"precision": 0.18524871355060035, "recall": 0.1794596912521441, "f1-score": 0.18138936535162947, "support": 2414}}