{
    "related-to": {
        "precision": 0.0,
        "recall": 0.0,
        "f1-score": 0.0,
        "support": 26
    },
    "artifact": {
        "precision": 0.7302052785923754,
        "recall": 0.9613899613899614,
        "f1-score": 0.8300000000000001,
        "support": 259
    },
    "cause-effect": {
        "precision": 0.0,
        "recall": 0.0,
        "f1-score": 0.0,
        "support": 4
    },
    "compare": {
        "precision": 0.0,
        "recall": 0.0,
        "f1-score": 0.0,
        "support": 5
    },
    "general-affiliation": {
        "precision": 0.8504672897196262,
        "recall": 0.7562326869806094,
        "f1-score": 0.8005865102639296,
        "support": 722
    },
    "named": {
        "precision": 0.7571428571428571,
        "recall": 0.6385542168674698,
        "f1-score": 0.6928104575163397,
        "support": 83
    },
    "opposite": {
        "precision": 0.0,
        "recall": 0.0,
        "f1-score": 0.0,
        "support": 6
    },
    "origin": {
        "precision": 0.75,
        "recall": 0.15789473684210525,
        "f1-score": 0.2608695652173913,
        "support": 19
    },
    "part-of": {
        "precision": 0.20118343195266272,
        "recall": 0.19318181818181818,
        "f1-score": 0.19710144927536233,
        "support": 176
    },
    "physical": {
        "precision": 0.8419753086419753,
        "recall": 0.8177458033573142,
        "f1-score": 0.829683698296837,
        "support": 417
    },
    "role": {
        "precision": 0.5488565488565489,
        "recall": 0.6965699208443272,
        "f1-score": 0.6139534883720931,
        "support": 379
    },
    "social": {
        "precision": 0.0,
        "recall": 0.0,
        "f1-score": 0.0,
        "support": 22
    },
    "temporal": {
        "precision": 0.40540540540540543,
        "recall": 0.625,
        "f1-score": 0.4918032786885246,
        "support": 24
    },
    "topic": {
        "precision": 0.4444444444444444,
        "recall": 0.5,
        "f1-score": 0.47058823529411764,
        "support": 8
    },
    "type-of": {
        "precision": 0.98,
        "recall": 0.4117647058823529,
        "f1-score": 0.5798816568047338,
        "support": 119
    },
    "usage": {
        "precision": 0.0,
        "recall": 0.0,
        "f1-score": 0.0,
        "support": 52
    },
    "win-defeat": {
        "precision": 0.6019417475728155,
        "recall": 0.6666666666666666,
        "f1-score": 0.6326530612244897,
        "support": 93
    },
    "micro avg": {
        "precision": 0.6946826758147513,
        "recall": 0.6710853355426678,
        "f1-score": 0.6826801517067004,
        "support": 2414
    },
    "macro avg": {
        "precision": 999999,
        "recall": 999999,
        "f1-score": 0.3764665529972835,
        "support": 2414
    },
    "weighted avg": {
        "precision": 0.6879320194819444,
        "recall": 0.6710853355426678,
        "f1-score": 0.6678625583692338,
        "support": 2414
    },
    "samples avg": {
        "precision": 0.6946826758147513,
        "recall": 0.6796740994854202,
        "f1-score": 0.6846054888507719,
        "support": 2414
    }
}