{
    "related-to": {
        "precision": 0.07692307692307693,
        "recall": 0.038461538461538464,
        "f1-score": 0.05128205128205129,
        "support": 26
    },
    "artifact": {
        "precision": 0.7237237237237237,
        "recall": 0.9305019305019305,
        "f1-score": 0.8141891891891891,
        "support": 259
    },
    "cause-effect": {
        "precision": 0.0,
        "recall": 0.0,
        "f1-score": 0.0,
        "support": 4
    },
    "compare": {
        "precision": 0.0,
        "recall": 0.0,
        "f1-score": 0.0,
        "support": 5
    },
    "general-affiliation": {
        "precision": 0.8815028901734104,
        "recall": 0.8448753462603878,
        "f1-score": 0.8628005657708628,
        "support": 722
    },
    "named": {
        "precision": 0.7777777777777778,
        "recall": 0.5903614457831325,
        "f1-score": 0.6712328767123287,
        "support": 83
    },
    "opposite": {
        "precision": 0.0,
        "recall": 0.0,
        "f1-score": 0.0,
        "support": 6
    },
    "origin": {
        "precision": 0.0,
        "recall": 0.0,
        "f1-score": 0.0,
        "support": 19
    },
    "part-of": {
        "precision": 0.3761467889908257,
        "recall": 0.23295454545454544,
        "f1-score": 0.28771929824561404,
        "support": 176
    },
    "physical": {
        "precision": 0.8150537634408602,
        "recall": 0.9088729016786571,
        "f1-score": 0.8594104308390023,
        "support": 417
    },
    "role": {
        "precision": 0.6311881188118812,
        "recall": 0.6728232189973615,
        "f1-score": 0.6513409961685823,
        "support": 379
    },
    "social": {
        "precision": 0.0,
        "recall": 0.0,
        "f1-score": 0.0,
        "support": 22
    },
    "temporal": {
        "precision": 0.42857142857142855,
        "recall": 0.875,
        "f1-score": 0.5753424657534246,
        "support": 24
    },
    "topic": {
        "precision": 0.0,
        "recall": 0.0,
        "f1-score": 0.0,
        "support": 8
    },
    "type-of": {
        "precision": 0.9811320754716981,
        "recall": 0.4369747899159664,
        "f1-score": 0.6046511627906976,
        "support": 119
    },
    "usage": {
        "precision": 0.0,
        "recall": 0.0,
        "f1-score": 0.0,
        "support": 52
    },
    "win-defeat": {
        "precision": 0.6744186046511628,
        "recall": 0.9354838709677419,
        "f1-score": 0.7837837837837838,
        "support": 93
    },
    "micro avg": {
        "precision": 0.7444253859348199,
        "recall": 0.7191383595691798,
        "f1-score": 0.7315634218289085,
        "support": 2414
    },
    "macro avg": {
        "precision": 999999,
        "recall": 999999,
        "f1-score": 0.3624560482667962,
        "support": 2414
    },
    "weighted avg": {
        "precision": 0.7147912176684068,
        "recall": 0.7191383595691798,
        "f1-score": 0.706457023085365,
        "support": 2414
    },
    "samples avg": {
        "precision": 0.7444253859348199,
        "recall": 0.7302744425385935,
        "f1-score": 0.7349199542595769,
        "support": 2414
    }
}