{
    "related-to": {
        "precision": 0.0,
        "recall": 0.0,
        "f1-score": 0.0,
        "support": 76
    },
    "artifact": {
        "precision": 0.0,
        "recall": 0.0,
        "f1-score": 0.0,
        "support": 2
    },
    "cause-effect": {
        "precision": 0.0,
        "recall": 0.0,
        "f1-score": 0.0,
        "support": 0
    },
    "compare": {
        "precision": 0.0,
        "recall": 0.0,
        "f1-score": 0.0,
        "support": 6
    },
    "general-affiliation": {
        "precision": 0.12345679012345678,
        "recall": 0.3225806451612903,
        "f1-score": 0.17857142857142858,
        "support": 31
    },
    "named": {
        "precision": 0.35807860262008734,
        "recall": 0.6307692307692307,
        "f1-score": 0.456824512534819,
        "support": 130
    },
    "opposite": {
        "precision": 0.14634146341463414,
        "recall": 0.22641509433962265,
        "f1-score": 0.17777777777777776,
        "support": 53
    },
    "origin": {
        "precision": 0.0,
        "recall": 0.0,
        "f1-score": 0.0,
        "support": 55
    },
    "part-of": {
        "precision": 0.20689655172413793,
        "recall": 0.05128205128205128,
        "f1-score": 0.0821917808219178,
        "support": 117
    },
    "physical": {
        "precision": 0.627151051625239,
        "recall": 0.8019559902200489,
        "f1-score": 0.7038626609442061,
        "support": 409
    },
    "role": {
        "precision": 0.6468531468531469,
        "recall": 0.4431137724550898,
        "f1-score": 0.5259417199715708,
        "support": 835
    },
    "social": {
        "precision": 1.0,
        "recall": 0.19047619047619047,
        "f1-score": 0.32,
        "support": 21
    },
    "temporal": {
        "precision": 0.8566775244299675,
        "recall": 0.8566775244299675,
        "f1-score": 0.8566775244299675,
        "support": 307
    },
    "topic": {
        "precision": 0.0,
        "recall": 0.0,
        "f1-score": 0.0,
        "support": 13
    },
    "type-of": {
        "precision": 0.0,
        "recall": 0.0,
        "f1-score": 0.0,
        "support": 28
    },
    "usage": {
        "precision": 0.0,
        "recall": 0.0,
        "f1-score": 0.0,
        "support": 0
    },
    "win-defeat": {
        "precision": 0.75,
        "recall": 0.07317073170731707,
        "f1-score": 0.13333333333333333,
        "support": 41
    },
    "micro avg": {
        "precision": 0.5887493173129438,
        "recall": 0.507532956685499,
        "f1-score": 0.5451327433628318,
        "support": 2124
    },
    "macro avg": {
        "precision": 999999,
        "recall": 999999,
        "f1-score": 0.22901204922566804,
        "support": 2124
    },
    "weighted avg": {
        "precision": 0.562013903335329,
        "recall": 0.507532956685499,
        "f1-score": 0.5113886029485575,
        "support": 2124
    },
    "samples avg": {
        "precision": 0.5887493173129438,
        "recall": 0.5139268159475696,
        "f1-score": 0.5388676497360277,
        "support": 2124
    }
}