{
    "related-to": {
        "precision": 0.312280701754386,
        "recall": 0.7063492063492064,
        "f1-score": 0.43309002433090027,
        "support": 126
    },
    "artifact": {
        "precision": 0.16666666666666666,
        "recall": 0.24242424242424243,
        "f1-score": 0.19753086419753085,
        "support": 33
    },
    "cause-effect": {
        "precision": 0.0,
        "recall": 0.0,
        "f1-score": 0.0,
        "support": 76
    },
    "compare": {
        "precision": 0.56,
        "recall": 0.358974358974359,
        "f1-score": 0.4375,
        "support": 39
    },
    "general-affiliation": {
        "precision": 0.35714285714285715,
        "recall": 0.2054794520547945,
        "f1-score": 0.2608695652173913,
        "support": 73
    },
    "named": {
        "precision": 0.5526315789473685,
        "recall": 0.5833333333333334,
        "f1-score": 0.5675675675675677,
        "support": 108
    },
    "opposite": {
        "precision": 0.0,
        "recall": 0.0,
        "f1-score": 0.0,
        "support": 5
    },
    "origin": {
        "precision": 0.23529411764705882,
        "recall": 0.2127659574468085,
        "f1-score": 0.22346368715083798,
        "support": 94
    },
    "part-of": {
        "precision": 0.17297297297297298,
        "recall": 0.35555555555555557,
        "f1-score": 0.23272727272727273,
        "support": 90
    },
    "physical": {
        "precision": 0.6982758620689655,
        "recall": 0.7232142857142857,
        "f1-score": 0.7105263157894737,
        "support": 224
    },
    "role": {
        "precision": 0.3662420382165605,
        "recall": 0.4020979020979021,
        "f1-score": 0.38333333333333325,
        "support": 286
    },
    "social": {
        "precision": 0.0,
        "recall": 0.0,
        "f1-score": 0.0,
        "support": 14
    },
    "temporal": {
        "precision": 0.0,
        "recall": 0.0,
        "f1-score": 0.0,
        "support": 26
    },
    "topic": {
        "precision": 1.0,
        "recall": 0.2878787878787879,
        "f1-score": 0.4470588235294118,
        "support": 66
    },
    "type-of": {
        "precision": 1.0,
        "recall": 0.017094017094017096,
        "f1-score": 0.033613445378151266,
        "support": 117
    },
    "usage": {
        "precision": 0.0,
        "recall": 0.0,
        "f1-score": 0.0,
        "support": 24
    },
    "win-defeat": {
        "precision": 0.5121951219512195,
        "recall": 0.4772727272727273,
        "f1-score": 0.49411764705882355,
        "support": 44
    },
    "micro avg": {
        "precision": 0.40229885057471265,
        "recall": 0.3875432525951557,
        "f1-score": 0.39478322171307717,
        "support": 1445
    },
    "macro avg": {
        "precision": 999999,
        "recall": 999999,
        "f1-score": 0.26008226742827617,
        "support": 1445
    },
    "weighted avg": {
        "precision": 0.45454935885427433,
        "recall": 0.3875432525951557,
        "f1-score": 0.3629157358359589,
        "support": 1445
    },
    "samples avg": {
        "precision": 0.40229885057471265,
        "recall": 0.3854166666666667,
        "f1-score": 0.39104406130268193,
        "support": 1445
    }
}