{"related-to": {"precision": 0.09090909090909091, "recall": 0.027777777777777776, "f1-score": 0.0425531914893617, "support": 72}, "artifact": {"precision": 0.19148936170212766, "recall": 0.21, "f1-score": 0.20031796502384736, "support": 300}, "cause-effect": {"precision": 0.0, "recall": 0.0, "f1-score": 0.0, "support": 1}, "compare": {"precision": 0.0, "recall": 0.0, "f1-score": 0.0, "support": 8}, "general-affiliation": {"precision": 0.1921182266009852, "recall": 0.11890243902439024, "f1-score": 0.14689265536723162, "support": 328}, "named": {"precision": 0.0, "recall": 0.0, "f1-score": 0.0, "support": 94}, "opposite": {"precision": 0.0, "recall": 0.0, "f1-score": 0.0, "support": 14}, "origin": {"precision": 0.011235955056179775, "recall": 0.02127659574468085, "f1-score": 0.014705882352941175, "support": 47}, "part-of": {"precision": 0.0684931506849315, "recall": 0.10416666666666667, "f1-score": 0.08264462809917354, "support": 96}, "physical": {"precision": 0.10344827586206896, "recall": 0.1206896551724138, "f1-score": 0.11140583554376658, "support": 174}, "role": {"precision": 0.15364583333333334, "recall": 0.233201581027668, "f1-score": 0.18524332810047098, "support": 253}, "social": {"precision": 0.0, "recall": 0.0, "f1-score": 0.0, "support": 47}, "temporal": {"precision": 0.0, "recall": 0.0, "f1-score": 0.0, "support": 29}, "topic": {"precision": 0.0, "recall": 0.0, "f1-score": 0.0, "support": 42}, "type-of": {"precision": 0.02564102564102564, "recall": 0.05555555555555555, "f1-score": 0.03508771929824561, "support": 18}, "usage": {"precision": 0.0, "recall": 0.0, "f1-score": 0.0, "support": 2}, "win-defeat": {"precision": 0.07142857142857142, "recall": 0.05154639175257732, "f1-score": 0.05988023952095808, "support": 97}, "micro avg": {"precision": 0.12641509433962264, "recall": 0.12392108508014797, "f1-score": 0.1251556662515567, "support": 1622}, "macro avg": {"precision": 0.05343585242460674, "recall": 0.05547745074833707, "f1-score": 0.051690084987999804, "support": 1622}, "weighted avg": {"precision": 0.12230146699016838, "recall": 0.12392108508014797, "f1-score": 0.1187769485806936, "support": 1622}, "samples avg": {"precision": 0.12641509433962264, "recall": 0.12442348008385742, "f1-score": 0.1250524109014675, "support": 1622}}