{"related-to": {"precision": 0.023809523809523808, "recall": 0.013888888888888888, "f1-score": 0.017543859649122806, "support": 72}, "artifact": {"precision": 0.16929133858267717, "recall": 0.14333333333333334, "f1-score": 0.1552346570397112, "support": 300}, "cause-effect": {"precision": 0.0, "recall": 0.0, "f1-score": 0.0, "support": 1}, "compare": {"precision": 0.0, "recall": 0.0, "f1-score": 0.0, "support": 8}, "general-affiliation": {"precision": 0.18591549295774648, "recall": 0.20121951219512196, "f1-score": 0.19326500732064422, "support": 328}, "named": {"precision": 0.08928571428571429, "recall": 0.05319148936170213, "f1-score": 0.06666666666666667, "support": 94}, "opposite": {"precision": 0.125, "recall": 0.07142857142857142, "f1-score": 0.09090909090909091, "support": 14}, "origin": {"precision": 0.027586206896551724, "recall": 0.0851063829787234, "f1-score": 0.041666666666666664, "support": 47}, "part-of": {"precision": 0.08955223880597014, "recall": 0.0625, "f1-score": 0.0736196319018405, "support": 96}, "physical": {"precision": 0.11864406779661017, "recall": 0.1206896551724138, "f1-score": 0.11965811965811966, "support": 174}, "role": {"precision": 0.17008797653958943, "recall": 0.22924901185770752, "f1-score": 0.1952861952861953, "support": 253}, "social": {"precision": 0.0, "recall": 0.0, "f1-score": 0.0, "support": 47}, "temporal": {"precision": 0.0, "recall": 0.0, "f1-score": 0.0, "support": 29}, "topic": {"precision": 0.0, "recall": 0.0, "f1-score": 0.0, "support": 42}, "type-of": {"precision": 0.0, "recall": 0.0, "f1-score": 0.0, "support": 18}, "usage": {"precision": 0.0, "recall": 0.0, "f1-score": 0.0, "support": 2}, "win-defeat": {"precision": 0.05660377358490566, "recall": 0.061855670103092786, "f1-score": 0.05911330049261084, "support": 97}, "micro avg": {"precision": 0.13270440251572327, "recall": 0.13008631319358815, "f1-score": 0.13138231631382313, "support": 1622}, "macro avg": {"precision": 0.06210449019172287, "recall": 0.061321324430562076, "f1-score": 0.05958607032886287, "support": 1622}, "weighted avg": {"precision": 0.12496010152309499, "recall": 0.13008631319358815, "f1-score": 0.12561750907449382, "support": 1622}, "samples avg": {"precision": 0.13270440251572327, "recall": 0.1291404612159329, "f1-score": 0.13029350104821802, "support": 1622}}