{
    "related-to": {
        "precision": 0.24,
        "recall": 0.08333333333333333,
        "f1-score": 0.12371134020618556,
        "support": 72
    },
    "artifact": {
        "precision": 0.7950310559006211,
        "recall": 0.8533333333333334,
        "f1-score": 0.8231511254019293,
        "support": 300
    },
    "cause-effect": {
        "precision": 0.0,
        "recall": 0.0,
        "f1-score": 0.0,
        "support": 1
    },
    "compare": {
        "precision": 0.0,
        "recall": 0.0,
        "f1-score": 0.0,
        "support": 8
    },
    "general-affiliation": {
        "precision": 0.8308605341246291,
        "recall": 0.8536585365853658,
        "f1-score": 0.8421052631578947,
        "support": 328
    },
    "named": {
        "precision": 0.8103448275862069,
        "recall": 0.5,
        "f1-score": 0.618421052631579,
        "support": 94
    },
    "opposite": {
        "precision": 0.4444444444444444,
        "recall": 0.2857142857142857,
        "f1-score": 0.34782608695652173,
        "support": 14
    },
    "origin": {
        "precision": 0.23333333333333334,
        "recall": 0.2978723404255319,
        "f1-score": 0.2616822429906542,
        "support": 47
    },
    "part-of": {
        "precision": 0.24705882352941178,
        "recall": 0.21875,
        "f1-score": 0.23204419889502764,
        "support": 96
    },
    "physical": {
        "precision": 0.7448979591836735,
        "recall": 0.8390804597701149,
        "f1-score": 0.7891891891891891,
        "support": 174
    },
    "role": {
        "precision": 0.5222551928783383,
        "recall": 0.6956521739130435,
        "f1-score": 0.5966101694915255,
        "support": 253
    },
    "social": {
        "precision": 1.0,
        "recall": 0.02127659574468085,
        "f1-score": 0.04166666666666667,
        "support": 47
    },
    "temporal": {
        "precision": 0.6896551724137931,
        "recall": 0.6896551724137931,
        "f1-score": 0.6896551724137931,
        "support": 29
    },
    "topic": {
        "precision": 0.0,
        "recall": 0.0,
        "f1-score": 0.0,
        "support": 42
    },
    "type-of": {
        "precision": 0.5769230769230769,
        "recall": 0.8333333333333334,
        "f1-score": 0.6818181818181818,
        "support": 18
    },
    "usage": {
        "precision": 0.0,
        "recall": 0.0,
        "f1-score": 0.0,
        "support": 2
    },
    "win-defeat": {
        "precision": 0.7083333333333334,
        "recall": 0.7010309278350515,
        "f1-score": 0.7046632124352332,
        "support": 97
    },
    "micro avg": {
        "precision": 0.6628930817610063,
        "recall": 0.6498150431565968,
        "f1-score": 0.6562889165628891,
        "support": 1622
    },
    "macro avg": {
        "precision": 999999,
        "recall": 999999,
        "f1-score": 0.39720846483849304,
        "support": 1622
    },
    "weighted avg": {
        "precision": 0.6493380265832356,
        "recall": 0.6498150431565968,
        "f1-score": 0.629151798472879,
        "support": 1622
    },
    "samples avg": {
        "precision": 0.6628930817610063,
        "recall": 0.6569182389937107,
        "f1-score": 0.6589098532494758,
        "support": 1622
    }
}