{
    "related-to": {
        "precision": 0.0,
        "recall": 0.0,
        "f1-score": 0.0,
        "support": 76
    },
    "artifact": {
        "precision": 0.0,
        "recall": 0.0,
        "f1-score": 0.0,
        "support": 2
    },
    "cause-effect": {
        "precision": 0.0,
        "recall": 0.0,
        "f1-score": 0.0,
        "support": 0
    },
    "compare": {
        "precision": 0.0,
        "recall": 0.0,
        "f1-score": 0.0,
        "support": 6
    },
    "general-affiliation": {
        "precision": 0.24175824175824176,
        "recall": 0.7096774193548387,
        "f1-score": 0.36065573770491804,
        "support": 31
    },
    "named": {
        "precision": 0.851063829787234,
        "recall": 0.6153846153846154,
        "f1-score": 0.7142857142857144,
        "support": 130
    },
    "opposite": {
        "precision": 0.15384615384615385,
        "recall": 0.11320754716981132,
        "f1-score": 0.13043478260869568,
        "support": 53
    },
    "origin": {
        "precision": 0.0,
        "recall": 0.0,
        "f1-score": 0.0,
        "support": 55
    },
    "part-of": {
        "precision": 0.2826086956521739,
        "recall": 0.1111111111111111,
        "f1-score": 0.1595092024539877,
        "support": 117
    },
    "physical": {
        "precision": 0.6646586345381527,
        "recall": 0.8092909535452323,
        "f1-score": 0.7298787210584344,
        "support": 409
    },
    "role": {
        "precision": 0.633112582781457,
        "recall": 0.5724550898203593,
        "f1-score": 0.6012578616352202,
        "support": 835
    },
    "social": {
        "precision": 0.0,
        "recall": 0.0,
        "f1-score": 0.0,
        "support": 21
    },
    "temporal": {
        "precision": 0.8496732026143791,
        "recall": 0.8469055374592834,
        "f1-score": 0.8482871125611745,
        "support": 307
    },
    "topic": {
        "precision": 0.0,
        "recall": 0.0,
        "f1-score": 0.0,
        "support": 13
    },
    "type-of": {
        "precision": 0.0,
        "recall": 0.0,
        "f1-score": 0.0,
        "support": 28
    },
    "usage": {
        "precision": 0.0,
        "recall": 0.0,
        "f1-score": 0.0,
        "support": 0
    },
    "win-defeat": {
        "precision": 0.0,
        "recall": 0.0,
        "f1-score": 0.0,
        "support": 41
    },
    "micro avg": {
        "precision": 0.6499180775532496,
        "recall": 0.5602636534839924,
        "f1-score": 0.6017699115044247,
        "support": 2124
    },
    "macro avg": {
        "precision": 999999,
        "recall": 999999,
        "f1-score": 0.23628727548720968,
        "support": 2124
    },
    "weighted avg": {
        "precision": 0.5747155971107495,
        "recall": 0.5602636534839924,
        "f1-score": 0.5605498803323737,
        "support": 2124
    },
    "samples avg": {
        "precision": 0.6499180775532496,
        "recall": 0.5729109776078646,
        "f1-score": 0.598580010922993,
        "support": 2124
    }
}