{
    "related-to": {
        "precision": 0.42857142857142855,
        "recall": 0.11538461538461539,
        "f1-score": 0.18181818181818182,
        "support": 26
    },
    "artifact": {
        "precision": 0.7210682492581603,
        "recall": 0.9382239382239382,
        "f1-score": 0.8154362416107382,
        "support": 259
    },
    "cause-effect": {
        "precision": 0.0,
        "recall": 0.0,
        "f1-score": 0.0,
        "support": 4
    },
    "compare": {
        "precision": 0.0,
        "recall": 0.0,
        "f1-score": 0.0,
        "support": 5
    },
    "general-affiliation": {
        "precision": 0.8238095238095238,
        "recall": 0.9584487534626038,
        "f1-score": 0.8860435339308578,
        "support": 722
    },
    "named": {
        "precision": 1.0,
        "recall": 0.060240963855421686,
        "f1-score": 0.11363636363636363,
        "support": 83
    },
    "opposite": {
        "precision": 0.0,
        "recall": 0.0,
        "f1-score": 0.0,
        "support": 6
    },
    "origin": {
        "precision": 0.3157894736842105,
        "recall": 0.3157894736842105,
        "f1-score": 0.3157894736842105,
        "support": 19
    },
    "part-of": {
        "precision": 0.4594594594594595,
        "recall": 0.38636363636363635,
        "f1-score": 0.41975308641975306,
        "support": 176
    },
    "physical": {
        "precision": 0.8100436681222707,
        "recall": 0.8896882494004796,
        "f1-score": 0.848,
        "support": 417
    },
    "role": {
        "precision": 0.7352941176470589,
        "recall": 0.5277044854881267,
        "f1-score": 0.6144393241167435,
        "support": 379
    },
    "social": {
        "precision": 0.0,
        "recall": 0.0,
        "f1-score": 0.0,
        "support": 22
    },
    "temporal": {
        "precision": 0.30303030303030304,
        "recall": 0.4166666666666667,
        "f1-score": 0.3508771929824562,
        "support": 24
    },
    "topic": {
        "precision": 0.0,
        "recall": 0.0,
        "f1-score": 0.0,
        "support": 8
    },
    "type-of": {
        "precision": 0.9333333333333333,
        "recall": 0.7058823529411765,
        "f1-score": 0.8038277511961724,
        "support": 119
    },
    "usage": {
        "precision": 1.0,
        "recall": 0.46153846153846156,
        "f1-score": 0.631578947368421,
        "support": 52
    },
    "win-defeat": {
        "precision": 0.7653061224489796,
        "recall": 0.8064516129032258,
        "f1-score": 0.7853403141361257,
        "support": 93
    },
    "micro avg": {
        "precision": 0.7637221269296741,
        "recall": 0.7377796188898095,
        "f1-score": 0.7505267593763169,
        "support": 2414
    },
    "macro avg": {
        "precision": 999999,
        "recall": 999999,
        "f1-score": 0.39803178887647195,
        "support": 2414
    },
    "weighted avg": {
        "precision": 0.7541559313498065,
        "recall": 0.7377796188898095,
        "f1-score": 0.7213756692362115,
        "support": 2414
    },
    "samples avg": {
        "precision": 0.7637221269296741,
        "recall": 0.7489994282447112,
        "f1-score": 0.7538593481989708,
        "support": 2414
    }
}