{"related-to": {"precision": 0.0, "recall": 0.0, "f1-score": 0.0, "support": 6}, "artifact": {"precision": 0.0, "recall": 0.0, "f1-score": 0.0, "support": 0}, "cause-effect": {"precision": 0.0, "recall": 0.0, "f1-score": 0.0, "support": 0}, "compare": {"precision": 0.0, "recall": 0.0, "f1-score": 0.0, "support": 0}, "general-affiliation": {"precision": 0.0, "recall": 0.0, "f1-score": 0.0, "support": 10}, "named": {"precision": 0.0, "recall": 0.0, "f1-score": 0.0, "support": 4}, "opposite": {"precision": 0.0, "recall": 0.0, "f1-score": 0.0, "support": 39}, "origin": {"precision": 0.0, "recall": 0.0, "f1-score": 0.0, "support": 0}, "part-of": {"precision": 0.5, "recall": 0.10714285714285714, "f1-score": 0.17647058823529413, "support": 28}, "physical": {"precision": 0.4065934065934066, "recall": 0.2868217054263566, "f1-score": 0.3363636363636364, "support": 129}, "role": {"precision": 0.3776824034334764, "recall": 0.6111111111111112, "f1-score": 0.46684350132625996, "support": 144}, "social": {"precision": 0.0, "recall": 0.0, "f1-score": 0.0, "support": 0}, "temporal": {"precision": 0.0, "recall": 0.0, "f1-score": 0.0, "support": 1}, "topic": {"precision": 0.0, "recall": 0.0, "f1-score": 0.0, "support": 0}, "type-of": {"precision": 0.0, "recall": 0.0, "f1-score": 0.0, "support": 0}, "usage": {"precision": 0.0, "recall": 0.0, "f1-score": 0.0, "support": 0}, "win-defeat": {"precision": 0.1111111111111111, "recall": 0.02857142857142857, "f1-score": 0.04545454545454545, "support": 35}, "micro avg": {"precision": 0.32575757575757575, "recall": 0.32575757575757575, "f1-score": 0.32575757575757575, "support": 396}, "macro avg": {"precision": 0.08208158359635259, "recall": 0.06080277072069138, "f1-score": 0.060301898316455056, "support": 396}, "weighted avg": {"precision": 0.3149639000855024, "recall": 0.32575757575757575, "f1-score": 0.2958294415237067, "support": 396}, "samples avg": {"precision": 0.32575757575757575, "recall": 0.32575757575757575, "f1-score": 0.32575757575757575, "support": 396}}