{
    "related-to": {
        "precision": 0.5714285714285714,
        "recall": 0.15384615384615385,
        "f1-score": 0.24242424242424246,
        "support": 26
    },
    "artifact": {
        "precision": 0.6612466124661247,
        "recall": 0.9420849420849421,
        "f1-score": 0.7770700636942677,
        "support": 259
    },
    "cause-effect": {
        "precision": 0.0,
        "recall": 0.0,
        "f1-score": 0.0,
        "support": 4
    },
    "compare": {
        "precision": 0.0,
        "recall": 0.0,
        "f1-score": 0.0,
        "support": 5
    },
    "general-affiliation": {
        "precision": 0.7714285714285715,
        "recall": 0.9349030470914127,
        "f1-score": 0.8453350031308703,
        "support": 722
    },
    "named": {
        "precision": 0.6666666666666666,
        "recall": 0.024096385542168676,
        "f1-score": 0.046511627906976744,
        "support": 83
    },
    "opposite": {
        "precision": 0.0,
        "recall": 0.0,
        "f1-score": 0.0,
        "support": 6
    },
    "origin": {
        "precision": 0.29411764705882354,
        "recall": 0.2631578947368421,
        "f1-score": 0.27777777777777773,
        "support": 19
    },
    "part-of": {
        "precision": 0.41007194244604317,
        "recall": 0.32386363636363635,
        "f1-score": 0.3619047619047619,
        "support": 176
    },
    "physical": {
        "precision": 0.787746170678337,
        "recall": 0.8633093525179856,
        "f1-score": 0.8237986270022883,
        "support": 417
    },
    "role": {
        "precision": 0.6991525423728814,
        "recall": 0.43535620052770446,
        "f1-score": 0.5365853658536586,
        "support": 379
    },
    "social": {
        "precision": 0.0,
        "recall": 0.0,
        "f1-score": 0.0,
        "support": 22
    },
    "temporal": {
        "precision": 0.2727272727272727,
        "recall": 0.25,
        "f1-score": 0.2608695652173913,
        "support": 24
    },
    "topic": {
        "precision": 0.0,
        "recall": 0.0,
        "f1-score": 0.0,
        "support": 8
    },
    "type-of": {
        "precision": 0.9166666666666666,
        "recall": 0.6470588235294118,
        "f1-score": 0.7586206896551724,
        "support": 119
    },
    "usage": {
        "precision": 1.0,
        "recall": 0.36538461538461536,
        "f1-score": 0.5352112676056338,
        "support": 52
    },
    "win-defeat": {
        "precision": 0.7211538461538461,
        "recall": 0.8064516129032258,
        "f1-score": 0.7614213197969544,
        "support": 93
    },
    "micro avg": {
        "precision": 0.7242710120068611,
        "recall": 0.6996685998343,
        "f1-score": 0.7117572692793931,
        "support": 2414
    },
    "macro avg": {
        "precision": 999999,
        "recall": 999999,
        "f1-score": 0.3663253124688233,
        "support": 2414
    },
    "weighted avg": {
        "precision": 0.7060276457574716,
        "recall": 0.6996685998343,
        "f1-score": 0.6763874529655809,
        "support": 2414
    },
    "samples avg": {
        "precision": 0.7242710120068611,
        "recall": 0.7089050886220698,
        "f1-score": 0.7139794168096055,
        "support": 2414
    }
}