{"related-to": {"precision": 0.0, "recall": 0.0, "f1-score": 0.0, "support": 6}, "artifact": {"precision": 0.0, "recall": 0.0, "f1-score": 0.0, "support": 0}, "cause-effect": {"precision": 0.0, "recall": 0.0, "f1-score": 0.0, "support": 0}, "compare": {"precision": 0.0, "recall": 0.0, "f1-score": 0.0, "support": 0}, "general-affiliation": {"precision": 0.1111111111111111, "recall": 0.1, "f1-score": 0.10526315789473685, "support": 10}, "named": {"precision": 0.0, "recall": 0.0, "f1-score": 0.0, "support": 4}, "opposite": {"precision": 0.0, "recall": 0.0, "f1-score": 0.0, "support": 39}, "origin": {"precision": 0.0, "recall": 0.0, "f1-score": 0.0, "support": 0}, "part-of": {"precision": 0.14285714285714285, "recall": 0.03571428571428571, "f1-score": 0.05714285714285715, "support": 28}, "physical": {"precision": 0.2976190476190476, "recall": 0.3875968992248062, "f1-score": 0.33670033670033667, "support": 129}, "role": {"precision": 0.3, "recall": 0.2916666666666667, "f1-score": 0.295774647887324, "support": 144}, "social": {"precision": 0.0, "recall": 0.0, "f1-score": 0.0, "support": 0}, "temporal": {"precision": 0.0, "recall": 0.0, "f1-score": 0.0, "support": 1}, "topic": {"precision": 0.0, "recall": 0.0, "f1-score": 0.0, "support": 0}, "type-of": {"precision": 0.0, "recall": 0.0, "f1-score": 0.0, "support": 0}, "usage": {"precision": 0.0, "recall": 0.0, "f1-score": 0.0, "support": 0}, "win-defeat": {"precision": 0.0, "recall": 0.0, "f1-score": 0.0, "support": 35}, "micro avg": {"precision": 0.23737373737373738, "recall": 0.23737373737373738, "f1-score": 0.23737373737373738, "support": 396}, "macro avg": {"precision": 0.05009337068160598, "recall": 0.047939873623868146, "f1-score": 0.0467577058603091, "support": 396}, "weighted avg": {"precision": 0.21894941478274813, "recall": 0.23737373737373738, "f1-score": 0.22393566744713503, "support": 396}, "samples avg": {"precision": 0.23737373737373738, "recall": 0.23737373737373738, "f1-score": 0.23737373737373738, "support": 396}}