{
    "related-to": {
        "precision": 0.0,
        "recall": 0.0,
        "f1-score": 0.0,
        "support": 6
    },
    "artifact": {
        "precision": 0.0,
        "recall": 0.0,
        "f1-score": 0.0,
        "support": 0
    },
    "cause-effect": {
        "precision": 0.0,
        "recall": 0.0,
        "f1-score": 0.0,
        "support": 0
    },
    "compare": {
        "precision": 0.0,
        "recall": 0.0,
        "f1-score": 0.0,
        "support": 0
    },
    "general-affiliation": {
        "precision": 0.6666666666666666,
        "recall": 0.2,
        "f1-score": 0.30769230769230765,
        "support": 10
    },
    "named": {
        "precision": 0.42857142857142855,
        "recall": 0.75,
        "f1-score": 0.5454545454545454,
        "support": 4
    },
    "opposite": {
        "precision": 0.0,
        "recall": 0.0,
        "f1-score": 0.0,
        "support": 39
    },
    "origin": {
        "precision": 0.0,
        "recall": 0.0,
        "f1-score": 0.0,
        "support": 0
    },
    "part-of": {
        "precision": 0.375,
        "recall": 0.21428571428571427,
        "f1-score": 0.2727272727272727,
        "support": 28
    },
    "physical": {
        "precision": 0.5060728744939271,
        "recall": 0.9689922480620154,
        "f1-score": 0.6648936170212766,
        "support": 129
    },
    "role": {
        "precision": 0.5638297872340425,
        "recall": 0.3680555555555556,
        "f1-score": 0.44537815126050423,
        "support": 144
    },
    "social": {
        "precision": 0.0,
        "recall": 0.0,
        "f1-score": 0.0,
        "support": 0
    },
    "temporal": {
        "precision": 0.038461538461538464,
        "recall": 1.0,
        "f1-score": 0.07407407407407407,
        "support": 1
    },
    "topic": {
        "precision": 0.0,
        "recall": 0.0,
        "f1-score": 0.0,
        "support": 0
    },
    "type-of": {
        "precision": 0.0,
        "recall": 0.0,
        "f1-score": 0.0,
        "support": 0
    },
    "usage": {
        "precision": 0.0,
        "recall": 0.0,
        "f1-score": 0.0,
        "support": 0
    },
    "win-defeat": {
        "precision": 0.0,
        "recall": 0.0,
        "f1-score": 0.0,
        "support": 35
    },
    "micro avg": {
        "precision": 0.4797979797979798,
        "recall": 0.4797979797979798,
        "f1-score": 0.4797979797979798,
        "support": 396
    },
    "macro avg": {
        "precision": 999999,
        "recall": 999999,
        "f1-score": 0.25669110758110897,
        "support": 396
    },
    "weighted avg": {
        "precision": 0.41766238406775924,
        "recall": 0.4797979797979798,
        "f1-score": 0.4113002761273643,
        "support": 396
    },
    "samples avg": {
        "precision": 0.4797979797979798,
        "recall": 0.4797979797979798,
        "f1-score": 0.4797979797979798,
        "support": 396
    }
}