{
    "related-to": {
        "precision": 0.10526315789473684,
        "recall": 0.027777777777777776,
        "f1-score": 0.04395604395604395,
        "support": 72
    },
    "artifact": {
        "precision": 0.8347826086956521,
        "recall": 0.96,
        "f1-score": 0.8930232558139534,
        "support": 300
    },
    "cause-effect": {
        "precision": 0.0,
        "recall": 0.0,
        "f1-score": 0.0,
        "support": 1
    },
    "compare": {
        "precision": 0.0,
        "recall": 0.0,
        "f1-score": 0.0,
        "support": 8
    },
    "general-affiliation": {
        "precision": 0.7751322751322751,
        "recall": 0.8932926829268293,
        "f1-score": 0.830028328611898,
        "support": 328
    },
    "named": {
        "precision": 0.3925925925925926,
        "recall": 0.5638297872340425,
        "f1-score": 0.46288209606986896,
        "support": 94
    },
    "opposite": {
        "precision": 0.5,
        "recall": 0.07142857142857142,
        "f1-score": 0.125,
        "support": 14
    },
    "origin": {
        "precision": 0.0,
        "recall": 0.0,
        "f1-score": 0.0,
        "support": 47
    },
    "part-of": {
        "precision": 0.16666666666666666,
        "recall": 0.03125,
        "f1-score": 0.05263157894736842,
        "support": 96
    },
    "physical": {
        "precision": 0.7272727272727273,
        "recall": 0.735632183908046,
        "f1-score": 0.7314285714285715,
        "support": 174
    },
    "role": {
        "precision": 0.6245353159851301,
        "recall": 0.6640316205533597,
        "f1-score": 0.6436781609195403,
        "support": 253
    },
    "social": {
        "precision": 0.40384615384615385,
        "recall": 0.44680851063829785,
        "f1-score": 0.42424242424242425,
        "support": 47
    },
    "temporal": {
        "precision": 0.5102040816326531,
        "recall": 0.8620689655172413,
        "f1-score": 0.641025641025641,
        "support": 29
    },
    "topic": {
        "precision": 0.2222222222222222,
        "recall": 0.047619047619047616,
        "f1-score": 0.0784313725490196,
        "support": 42
    },
    "type-of": {
        "precision": 0.6875,
        "recall": 0.6111111111111112,
        "f1-score": 0.6470588235294118,
        "support": 18
    },
    "usage": {
        "precision": 0.0,
        "recall": 0.0,
        "f1-score": 0.0,
        "support": 2
    },
    "win-defeat": {
        "precision": 0.6967213114754098,
        "recall": 0.8762886597938144,
        "f1-score": 0.776255707762557,
        "support": 97
    },
    "micro avg": {
        "precision": 0.6792452830188679,
        "recall": 0.6658446362515413,
        "f1-score": 0.672478206724782,
        "support": 1622
    },
    "macro avg": {
        "precision": 999999,
        "recall": 999999,
        "f1-score": 0.3735083532268411,
        "support": 1622
    },
    "weighted avg": {
        "precision": 0.6040571501593486,
        "recall": 0.6658446362515413,
        "f1-score": 0.6242422417368357,
        "support": 1622
    },
    "samples avg": {
        "precision": 0.6792452830188679,
        "recall": 0.6720125786163522,
        "f1-score": 0.6744234800838574,
        "support": 1622
    }
}