{"related-to": {"precision": 0.0, "recall": 0.0, "f1-score": 0.0, "support": 72}, "artifact": {"precision": 0.17884130982367757, "recall": 0.23666666666666666, "f1-score": 0.20373027259684362, "support": 300}, "cause-effect": {"precision": 0.0, "recall": 0.0, "f1-score": 0.0, "support": 1}, "compare": {"precision": 0.0, "recall": 0.0, "f1-score": 0.0, "support": 8}, "general-affiliation": {"precision": 0.2193877551020408, "recall": 0.13109756097560976, "f1-score": 0.16412213740458018, "support": 328}, "named": {"precision": 0.06666666666666667, "recall": 0.0425531914893617, "f1-score": 0.051948051948051945, "support": 94}, "opposite": {"precision": 0.0, "recall": 0.0, "f1-score": 0.0, "support": 14}, "origin": {"precision": 0.04411764705882353, "recall": 0.06382978723404255, "f1-score": 0.052173913043478265, "support": 47}, "part-of": {"precision": 0.08163265306122448, "recall": 0.125, "f1-score": 0.09876543209876544, "support": 96}, "physical": {"precision": 0.15789473684210525, "recall": 0.1724137931034483, "f1-score": 0.16483516483516483, "support": 174}, "role": {"precision": 0.18624641833810887, "recall": 0.25691699604743085, "f1-score": 0.2159468438538206, "support": 253}, "social": {"precision": 0.1, "recall": 0.02127659574468085, "f1-score": 0.03508771929824561, "support": 47}, "temporal": {"precision": 0.0, "recall": 0.0, "f1-score": 0.0, "support": 29}, "topic": {"precision": 0.0, "recall": 0.0, "f1-score": 0.0, "support": 42}, "type-of": {"precision": 0.0, "recall": 0.0, "f1-score": 0.0, "support": 18}, "usage": {"precision": 0.0, "recall": 0.0, "f1-score": 0.0, "support": 2}, "win-defeat": {"precision": 0.0, "recall": 0.0, "f1-score": 0.0, "support": 97}, "micro avg": {"precision": 0.1440251572327044, "recall": 0.14118372379778052, "f1-score": 0.14259028642590285, "support": 1622}, "macro avg": {"precision": 0.0608698345230969, "recall": 0.06175027007419063, "f1-score": 0.058035855004644143, "support": 1622}, "weighted avg": {"precision": 0.13630242629035108, "recall": 0.14118372379778052, "f1-score": 0.13362078181797168, "support": 1622}, "samples avg": {"precision": 0.1440251572327044, "recall": 0.13983228511530396, "f1-score": 0.1411949685534591, "support": 1622}}