{
    "related-to": {
        "precision": 0.0,
        "recall": 0.0,
        "f1-score": 0.0,
        "support": 76
    },
    "artifact": {
        "precision": 0.0,
        "recall": 0.0,
        "f1-score": 0.0,
        "support": 2
    },
    "cause-effect": {
        "precision": 0.0,
        "recall": 0.0,
        "f1-score": 0.0,
        "support": 0
    },
    "compare": {
        "precision": 0.0,
        "recall": 0.0,
        "f1-score": 0.0,
        "support": 6
    },
    "general-affiliation": {
        "precision": 0.20388349514563106,
        "recall": 0.6774193548387096,
        "f1-score": 0.3134328358208955,
        "support": 31
    },
    "named": {
        "precision": 0.39893617021276595,
        "recall": 0.5769230769230769,
        "f1-score": 0.4716981132075472,
        "support": 130
    },
    "opposite": {
        "precision": 0.6666666666666666,
        "recall": 0.07547169811320754,
        "f1-score": 0.13559322033898305,
        "support": 53
    },
    "origin": {
        "precision": 0.0,
        "recall": 0.0,
        "f1-score": 0.0,
        "support": 55
    },
    "part-of": {
        "precision": 0.0,
        "recall": 0.0,
        "f1-score": 0.0,
        "support": 117
    },
    "physical": {
        "precision": 0.6563146997929606,
        "recall": 0.7750611246943765,
        "f1-score": 0.710762331838565,
        "support": 409
    },
    "role": {
        "precision": 0.5875331564986738,
        "recall": 0.5305389221556887,
        "f1-score": 0.5575833857772184,
        "support": 835
    },
    "social": {
        "precision": 0.0,
        "recall": 0.0,
        "f1-score": 0.0,
        "support": 21
    },
    "temporal": {
        "precision": 0.9047619047619048,
        "recall": 0.8664495114006515,
        "f1-score": 0.8851913477537438,
        "support": 307
    },
    "topic": {
        "precision": 0.0,
        "recall": 0.0,
        "f1-score": 0.0,
        "support": 13
    },
    "type-of": {
        "precision": 0.0,
        "recall": 0.0,
        "f1-score": 0.0,
        "support": 28
    },
    "usage": {
        "precision": 0.0,
        "recall": 0.0,
        "f1-score": 0.0,
        "support": 0
    },
    "win-defeat": {
        "precision": 0.0,
        "recall": 0.0,
        "f1-score": 0.0,
        "support": 41
    },
    "micro avg": {
        "precision": 0.6149645002730748,
        "recall": 0.5301318267419962,
        "f1-score": 0.5694058154235145,
        "support": 2124
    },
    "macro avg": {
        "precision": 999999,
        "recall": 999999,
        "f1-score": 0.20495074898246352,
        "support": 2124
    },
    "weighted avg": {
        "precision": 0.5321564154727522,
        "recall": 0.5301318267419962,
        "f1-score": 0.5208386430846257,
        "support": 2124
    },
    "samples avg": {
        "precision": 0.6149645002730748,
        "recall": 0.5360458765701802,
        "f1-score": 0.562352084471145,
        "support": 2124
    }
}