{"related-to": {"precision": 0.04363636363636364, "recall": 0.057971014492753624, "f1-score": 0.04979253112033195, "support": 414}, "artifact": {"precision": 0.07482993197278912, "recall": 0.08661417322834646, "f1-score": 0.08029197080291972, "support": 635}, "cause-effect": {"precision": 0.0, "recall": 0.0, "f1-score": 0.0, "support": 86}, "compare": {"precision": 0.0, "recall": 0.0, "f1-score": 0.0, "support": 82}, "general-affiliation": {"precision": 0.14085447263017356, "recall": 0.17029862792574657, "f1-score": 0.15418341249543294, "support": 1239}, "named": {"precision": 0.0622568093385214, "recall": 0.05734767025089606, "f1-score": 0.05970149253731343, "support": 558}, "opposite": {"precision": 0.047619047619047616, "recall": 0.015625, "f1-score": 0.023529411764705882, "support": 128}, "origin": {"precision": 0.05521472392638037, "recall": 0.029605263157894735, "f1-score": 0.03854389721627409, "support": 304}, "part-of": {"precision": 0.08294930875576037, "recall": 0.07489597780859916, "f1-score": 0.07871720116618076, "support": 721}, "physical": {"precision": 0.16686602870813397, "recall": 0.19175257731958764, "f1-score": 0.1784457946913975, "support": 1455}, "role": {"precision": 0.23337222870478413, "recall": 0.19940179461615154, "f1-score": 0.21505376344086022, "support": 2006}, "social": {"precision": 0.037037037037037035, "recall": 0.01904761904761905, "f1-score": 0.025157232704402517, "support": 105}, "temporal": {"precision": 0.0548885077186964, "recall": 0.0784313725490196, "f1-score": 0.06458123107971746, "support": 408}, "topic": {"precision": 0.0, "recall": 0.0, "f1-score": 0.0, "support": 170}, "type-of": {"precision": 0.05202312138728324, "recall": 0.026785714285714284, "f1-score": 0.03536345776031434, "support": 336}, "usage": {"precision": 0.07692307692307693, "recall": 0.005, "f1-score": 0.009389671361502348, "support": 200}, "win-defeat": {"precision": 0.03272727272727273, "recall": 0.028391167192429023, "f1-score": 0.030405405405405404, "support": 317}, "micro avg": {"precision": 0.12909552376557454, "recall": 0.12210824967263204, "f1-score": 0.12550471063257065, "support": 9164}, "macro avg": {"precision": 0.06830576065207768, "recall": 0.06124517481616222, "f1-score": 0.06136214550275051, "support": 9164}, "weighted avg": {"precision": 0.12417988984560821, "recall": 0.12210824967263204, "f1-score": 0.12121956610736527, "support": 9164}, "samples avg": {"precision": 0.12909552376557454, "recall": 0.12126980464543914, "f1-score": 0.12386555914474696, "support": 9164}}