{
    "related-to": {
        "precision": 0.32293986636971045,
        "recall": 0.3502415458937198,
        "f1-score": 0.33603707995365006,
        "support": 414
    },
    "artifact": {
        "precision": 0.875,
        "recall": 0.9039370078740158,
        "f1-score": 0.8892331525948877,
        "support": 635
    },
    "cause-effect": {
        "precision": 0.0,
        "recall": 0.0,
        "f1-score": 0.0,
        "support": 86
    },
    "compare": {
        "precision": 0.7272727272727273,
        "recall": 0.0975609756097561,
        "f1-score": 0.17204301075268819,
        "support": 82
    },
    "general-affiliation": {
        "precision": 0.787360594795539,
        "recall": 0.8547215496368039,
        "f1-score": 0.8196594427244582,
        "support": 1239
    },
    "named": {
        "precision": 0.7777777777777778,
        "recall": 0.6899641577060932,
        "f1-score": 0.731244064577398,
        "support": 558
    },
    "opposite": {
        "precision": 0.24705882352941178,
        "recall": 0.1640625,
        "f1-score": 0.1971830985915493,
        "support": 128
    },
    "origin": {
        "precision": 0.6793893129770993,
        "recall": 0.29276315789473684,
        "f1-score": 0.40919540229885054,
        "support": 304
    },
    "part-of": {
        "precision": 0.31935176358436607,
        "recall": 0.4646324549237171,
        "f1-score": 0.3785310734463277,
        "support": 721
    },
    "physical": {
        "precision": 0.7791959157626037,
        "recall": 0.8391752577319588,
        "f1-score": 0.8080741230972867,
        "support": 1455
    },
    "role": {
        "precision": 0.6356955380577428,
        "recall": 0.6036889332003988,
        "f1-score": 0.6192789567885452,
        "support": 2006
    },
    "social": {
        "precision": 0.5538461538461539,
        "recall": 0.34285714285714286,
        "f1-score": 0.4235294117647059,
        "support": 105
    },
    "temporal": {
        "precision": 0.6505576208178439,
        "recall": 0.8578431372549019,
        "f1-score": 0.7399577167019027,
        "support": 408
    },
    "topic": {
        "precision": 0.90625,
        "recall": 0.17058823529411765,
        "f1-score": 0.2871287128712871,
        "support": 170
    },
    "type-of": {
        "precision": 0.9347826086956522,
        "recall": 0.25595238095238093,
        "f1-score": 0.4018691588785046,
        "support": 336
    },
    "usage": {
        "precision": 0.25,
        "recall": 0.01,
        "f1-score": 0.019230769230769232,
        "support": 200
    },
    "win-defeat": {
        "precision": 0.8041666666666667,
        "recall": 0.6088328075709779,
        "f1-score": 0.6929982046678635,
        "support": 317
    },
    "micro avg": {
        "precision": 0.6626672819566221,
        "recall": 0.6268005237887385,
        "f1-score": 0.6442350829968596,
        "support": 9164
    },
    "macro avg": {
        "precision": 999999,
        "recall": 999999,
        "f1-score": 0.46618784582003975,
        "support": 9164
    },
    "weighted avg": {
        "precision": 0.669194205526762,
        "recall": 0.6268005237887385,
        "f1-score": 0.6259056292770249,
        "support": 9164
    },
    "samples avg": {
        "precision": 0.6626672819566221,
        "recall": 0.6364597754191662,
        "f1-score": 0.6451699738501768,
        "support": 9164
    }
}