{
    "related-to": {
        "precision": 0.0,
        "recall": 0.0,
        "f1-score": 0.0,
        "support": 26
    },
    "artifact": {
        "precision": 0.7735849056603774,
        "recall": 0.9498069498069498,
        "f1-score": 0.8526863084922011,
        "support": 259
    },
    "cause-effect": {
        "precision": 0.0,
        "recall": 0.0,
        "f1-score": 0.0,
        "support": 4
    },
    "compare": {
        "precision": 0.0,
        "recall": 0.0,
        "f1-score": 0.0,
        "support": 5
    },
    "general-affiliation": {
        "precision": 0.7748502994011977,
        "recall": 0.8961218836565097,
        "f1-score": 0.8310854206807965,
        "support": 722
    },
    "named": {
        "precision": 1.0,
        "recall": 0.012048192771084338,
        "f1-score": 0.02380952380952381,
        "support": 83
    },
    "opposite": {
        "precision": 0.0,
        "recall": 0.0,
        "f1-score": 0.0,
        "support": 6
    },
    "origin": {
        "precision": 0.16666666666666666,
        "recall": 0.10526315789473684,
        "f1-score": 0.12903225806451615,
        "support": 19
    },
    "part-of": {
        "precision": 0.4473684210526316,
        "recall": 0.2897727272727273,
        "f1-score": 0.3517241379310345,
        "support": 176
    },
    "physical": {
        "precision": 0.8487394957983193,
        "recall": 0.9688249400479616,
        "f1-score": 0.9048152295632699,
        "support": 417
    },
    "role": {
        "precision": 0.6824925816023739,
        "recall": 0.6068601583113457,
        "f1-score": 0.6424581005586593,
        "support": 379
    },
    "social": {
        "precision": 0.0,
        "recall": 0.0,
        "f1-score": 0.0,
        "support": 22
    },
    "temporal": {
        "precision": 0.13333333333333333,
        "recall": 0.08333333333333333,
        "f1-score": 0.10256410256410255,
        "support": 24
    },
    "topic": {
        "precision": 0.0,
        "recall": 0.0,
        "f1-score": 0.0,
        "support": 8
    },
    "type-of": {
        "precision": 0.9836065573770492,
        "recall": 0.5042016806722689,
        "f1-score": 0.6666666666666666,
        "support": 119
    },
    "usage": {
        "precision": 0.9130434782608695,
        "recall": 0.40384615384615385,
        "f1-score": 0.5599999999999999,
        "support": 52
    },
    "win-defeat": {
        "precision": 0.5571428571428572,
        "recall": 0.8387096774193549,
        "f1-score": 0.6695278969957082,
        "support": 93
    },
    "micro avg": {
        "precision": 0.7469982847341338,
        "recall": 0.7216238608119304,
        "f1-score": 0.7340918668352296,
        "support": 2414
    },
    "macro avg": {
        "precision": 999999,
        "recall": 999999,
        "f1-score": 0.33731586148979287,
        "support": 2414
    },
    "weighted avg": {
        "precision": 0.7277691386050336,
        "recall": 0.7216238608119304,
        "f1-score": 0.6964379520883933,
        "support": 2414
    },
    "samples avg": {
        "precision": 0.7469982847341338,
        "recall": 0.7322041166380789,
        "f1-score": 0.7370640365923385,
        "support": 2414
    }
}