{"related-to": {"precision": 0.0, "recall": 0.0, "f1-score": 0.0, "support": 6}, "artifact": {"precision": 0.0, "recall": 0.0, "f1-score": 0.0, "support": 0}, "cause-effect": {"precision": 0.0, "recall": 0.0, "f1-score": 0.0, "support": 0}, "compare": {"precision": 0.0, "recall": 0.0, "f1-score": 0.0, "support": 0}, "general-affiliation": {"precision": 0.0, "recall": 0.0, "f1-score": 0.0, "support": 10}, "named": {"precision": 0.0, "recall": 0.0, "f1-score": 0.0, "support": 4}, "opposite": {"precision": 0.0, "recall": 0.0, "f1-score": 0.0, "support": 39}, "origin": {"precision": 0.0, "recall": 0.0, "f1-score": 0.0, "support": 0}, "part-of": {"precision": 0.0, "recall": 0.0, "f1-score": 0.0, "support": 28}, "physical": {"precision": 0.3423076923076923, "recall": 0.689922480620155, "f1-score": 0.45758354755784064, "support": 129}, "role": {"precision": 0.34615384615384615, "recall": 0.1875, "f1-score": 0.24324324324324323, "support": 144}, "social": {"precision": 0.0, "recall": 0.0, "f1-score": 0.0, "support": 0}, "temporal": {"precision": 0.0, "recall": 0.0, "f1-score": 0.0, "support": 1}, "topic": {"precision": 0.0, "recall": 0.0, "f1-score": 0.0, "support": 0}, "type-of": {"precision": 0.0, "recall": 0.0, "f1-score": 0.0, "support": 0}, "usage": {"precision": 0.0, "recall": 0.0, "f1-score": 0.0, "support": 0}, "win-defeat": {"precision": 0.0, "recall": 0.0, "f1-score": 0.0, "support": 35}, "micro avg": {"precision": 0.29292929292929293, "recall": 0.29292929292929293, "f1-score": 0.29292929292929293, "support": 396}, "macro avg": {"precision": 0.04049773755656109, "recall": 0.05161308709530324, "f1-score": 0.04122510534124023, "support": 396}, "weighted avg": {"precision": 0.2373834498834499, "recall": 0.29292929292929293, "f1-score": 0.23751339561108198, "support": 396}, "samples avg": {"precision": 0.29292929292929293, "recall": 0.29292929292929293, "f1-score": 0.29292929292929293, "support": 396}}