{
    "related-to": {
        "precision": 0.0,
        "recall": 0.0,
        "f1-score": 0.0,
        "support": 6
    },
    "artifact": {
        "precision": 0.0,
        "recall": 0.0,
        "f1-score": 0.0,
        "support": 0
    },
    "cause-effect": {
        "precision": 0.0,
        "recall": 0.0,
        "f1-score": 0.0,
        "support": 0
    },
    "compare": {
        "precision": 0.0,
        "recall": 0.0,
        "f1-score": 0.0,
        "support": 0
    },
    "general-affiliation": {
        "precision": 0.19047619047619047,
        "recall": 0.4,
        "f1-score": 0.25806451612903225,
        "support": 10
    },
    "named": {
        "precision": 0.6,
        "recall": 0.75,
        "f1-score": 0.6666666666666665,
        "support": 4
    },
    "opposite": {
        "precision": 0.0,
        "recall": 0.0,
        "f1-score": 0.0,
        "support": 39
    },
    "origin": {
        "precision": 0.0,
        "recall": 0.0,
        "f1-score": 0.0,
        "support": 0
    },
    "part-of": {
        "precision": 0.5,
        "recall": 0.03571428571428571,
        "f1-score": 0.06666666666666667,
        "support": 28
    },
    "physical": {
        "precision": 0.47307692307692306,
        "recall": 0.9534883720930233,
        "f1-score": 0.6323907455012853,
        "support": 129
    },
    "role": {
        "precision": 0.5476190476190477,
        "recall": 0.3194444444444444,
        "f1-score": 0.40350877192982454,
        "support": 144
    },
    "social": {
        "precision": 0.0,
        "recall": 0.0,
        "f1-score": 0.0,
        "support": 0
    },
    "temporal": {
        "precision": 0.0625,
        "recall": 1.0,
        "f1-score": 0.11764705882352941,
        "support": 1
    },
    "topic": {
        "precision": 0.0,
        "recall": 0.0,
        "f1-score": 0.0,
        "support": 0
    },
    "type-of": {
        "precision": 0.0,
        "recall": 0.0,
        "f1-score": 0.0,
        "support": 0
    },
    "usage": {
        "precision": 0.0,
        "recall": 0.0,
        "f1-score": 0.0,
        "support": 0
    },
    "win-defeat": {
        "precision": 0.0,
        "recall": 0.0,
        "f1-score": 0.0,
        "support": 35
    },
    "micro avg": {
        "precision": 0.4494949494949495,
        "recall": 0.4494949494949495,
        "f1-score": 0.4494949494949495,
        "support": 396
    },
    "macro avg": {
        "precision": 999999,
        "recall": 999999,
        "f1-score": 0.2383271584130005,
        "support": 396
    },
    "weighted avg": {
        "precision": 0.3996245652495653,
        "recall": 0.4494949494949495,
        "f1-score": 0.37099821939648414,
        "support": 396
    },
    "samples avg": {
        "precision": 0.4494949494949495,
        "recall": 0.4494949494949495,
        "f1-score": 0.4494949494949495,
        "support": 396
    }
}