{"related-to": {"precision": 0.0, "recall": 0.0, "f1-score": 0.0, "support": 76}, "artifact": {"precision": 0.0, "recall": 0.0, "f1-score": 0.0, "support": 2}, "cause-effect": {"precision": 0.0, "recall": 0.0, "f1-score": 0.0, "support": 0}, "compare": {"precision": 0.0, "recall": 0.0, "f1-score": 0.0, "support": 6}, "general-affiliation": {"precision": 0.02631578947368421, "recall": 0.06451612903225806, "f1-score": 0.037383177570093455, "support": 31}, "named": {"precision": 0.09090909090909091, "recall": 0.23076923076923078, "f1-score": 0.13043478260869568, "support": 130}, "opposite": {"precision": 0.0, "recall": 0.0, "f1-score": 0.0, "support": 53}, "origin": {"precision": 0.1, "recall": 0.03636363636363636, "f1-score": 0.05333333333333334, "support": 55}, "part-of": {"precision": 0.02040816326530612, "recall": 0.008547008547008548, "f1-score": 0.012048192771084338, "support": 117}, "physical": {"precision": 0.21164021164021163, "recall": 0.293398533007335, "f1-score": 0.24590163934426232, "support": 409}, "role": {"precision": 0.48068669527896996, "recall": 0.2682634730538922, "f1-score": 0.34435049961568026, "support": 835}, "social": {"precision": 0.0, "recall": 0.0, "f1-score": 0.0, "support": 21}, "temporal": {"precision": 0.1856060606060606, "recall": 0.15960912052117263, "f1-score": 0.17162872154115585, "support": 307}, "topic": {"precision": 0.0, "recall": 0.0, "f1-score": 0.0, "support": 13}, "type-of": {"precision": 0.0, "recall": 0.0, "f1-score": 0.0, "support": 28}, "usage": {"precision": 0.0, "recall": 0.0, "f1-score": 0.0, "support": 0}, "win-defeat": {"precision": 0.0, "recall": 0.0, "f1-score": 0.0, "support": 41}, "micro avg": {"precision": 0.23375204806116875, "recall": 0.2015065913370998, "f1-score": 0.2164348925410872, "support": 2124}, "macro avg": {"precision": 0.06562153006901902, "recall": 0.062439243017325494, "f1-score": 0.0585341380461356, "support": 2124}, "weighted avg": {"precision": 0.26621328819150375, "recall": 0.2015065913370998, "f1-score": 0.2181049092821962, "support": 2124}, "samples avg": {"precision": 0.23375204806116875, "recall": 0.19989077007099945, "f1-score": 0.2111778627343892, "support": 2124}}