{
    "related-to": {
        "precision": 0.16666666666666666,
        "recall": 0.013157894736842105,
        "f1-score": 0.024390243902439022,
        "support": 76
    },
    "artifact": {
        "precision": 0.16666666666666666,
        "recall": 0.5,
        "f1-score": 0.25,
        "support": 2
    },
    "cause-effect": {
        "precision": 0.0,
        "recall": 0.0,
        "f1-score": 0.0,
        "support": 0
    },
    "compare": {
        "precision": 0.0,
        "recall": 0.0,
        "f1-score": 0.0,
        "support": 6
    },
    "general-affiliation": {
        "precision": 0.29333333333333333,
        "recall": 0.7096774193548387,
        "f1-score": 0.4150943396226416,
        "support": 31
    },
    "named": {
        "precision": 0.4032258064516129,
        "recall": 0.7692307692307693,
        "f1-score": 0.5291005291005291,
        "support": 130
    },
    "opposite": {
        "precision": 0.4,
        "recall": 0.03773584905660377,
        "f1-score": 0.06896551724137931,
        "support": 53
    },
    "origin": {
        "precision": 0.23076923076923078,
        "recall": 0.16363636363636364,
        "f1-score": 0.19148936170212766,
        "support": 55
    },
    "part-of": {
        "precision": 0.35135135135135137,
        "recall": 0.2222222222222222,
        "f1-score": 0.2722513089005235,
        "support": 117
    },
    "physical": {
        "precision": 0.5930930930930931,
        "recall": 0.9657701711491442,
        "f1-score": 0.7348837209302326,
        "support": 409
    },
    "role": {
        "precision": 0.7454873646209387,
        "recall": 0.4946107784431138,
        "f1-score": 0.5946724262059034,
        "support": 835
    },
    "social": {
        "precision": 0.09090909090909091,
        "recall": 0.047619047619047616,
        "f1-score": 0.0625,
        "support": 21
    },
    "temporal": {
        "precision": 0.891156462585034,
        "recall": 0.42671009771986973,
        "f1-score": 0.5770925110132159,
        "support": 307
    },
    "topic": {
        "precision": 0.0,
        "recall": 0.0,
        "f1-score": 0.0,
        "support": 13
    },
    "type-of": {
        "precision": 0.0,
        "recall": 0.0,
        "f1-score": 0.0,
        "support": 28
    },
    "usage": {
        "precision": 0.0,
        "recall": 0.0,
        "f1-score": 0.0,
        "support": 0
    },
    "win-defeat": {
        "precision": 0.0,
        "recall": 0.0,
        "f1-score": 0.0,
        "support": 41
    },
    "micro avg": {
        "precision": 0.6013107591480066,
        "recall": 0.518361581920904,
        "f1-score": 0.556763590391909,
        "support": 2124
    },
    "macro avg": {
        "precision": 999999,
        "recall": 999999,
        "f1-score": 0.24802933057459947,
        "support": 2124
    },
    "weighted avg": {
        "precision": 0.6073748839118239,
        "recall": 0.518361581920904,
        "f1-score": 0.5205480041997078,
        "support": 2124
    },
    "samples avg": {
        "precision": 0.6013107591480066,
        "recall": 0.5338612779901694,
        "f1-score": 0.5563444383761151,
        "support": 2124
    }
}