{"related-to": {"precision": 0.10714285714285714, "recall": 0.041666666666666664, "f1-score": 0.06, "support": 72}, "artifact": {"precision": 0.23170731707317074, "recall": 0.18874172185430463, "f1-score": 0.20802919708029197, "support": 302}, "cause-effect": {"precision": 0.0, "recall": 0.0, "f1-score": 0.0, "support": 1}, "compare": {"precision": 0.0, "recall": 0.0, "f1-score": 0.0, "support": 8}, "general-affiliation": {"precision": 0.26548672566371684, "recall": 0.09090909090909091, "f1-score": 0.13544018058690746, "support": 330}, "named": {"precision": 0.018867924528301886, "recall": 0.010752688172043012, "f1-score": 0.013698630136986302, "support": 93}, "opposite": {"precision": 0.0, "recall": 0.0, "f1-score": 0.0, "support": 14}, "origin": {"precision": 0.02666666666666667, "recall": 0.0425531914893617, "f1-score": 0.03278688524590164, "support": 47}, "part-of": {"precision": 0.0684931506849315, "recall": 0.10309278350515463, "f1-score": 0.0823045267489712, "support": 97}, "physical": {"precision": 0.0855614973262032, "recall": 0.09248554913294797, "f1-score": 0.08888888888888889, "support": 173}, "role": {"precision": 0.17006802721088435, "recall": 0.4, "f1-score": 0.23866348448687352, "support": 250}, "social": {"precision": 0.0, "recall": 0.0, "f1-score": 0.0, "support": 47}, "temporal": {"precision": 0.045454545454545456, "recall": 0.03333333333333333, "f1-score": 0.03846153846153846, "support": 30}, "topic": {"precision": 0.0, "recall": 0.0, "f1-score": 0.0, "support": 43}, "type-of": {"precision": 0.043478260869565216, "recall": 0.05555555555555555, "f1-score": 0.04878048780487805, "support": 18}, "usage": {"precision": 0.0, "recall": 0.0, "f1-score": 0.0, "support": 3}, "win-defeat": {"precision": 0.09259259259259259, "recall": 0.10309278350515463, "f1-score": 0.09756097560975609, "support": 97}, "micro avg": {"precision": 0.14510050251256282, "recall": 0.14215384615384616, "f1-score": 0.1436120609263289, "support": 1625}, "macro avg": {"precision": 0.06797173913020209, "recall": 0.06836372730138901, "f1-score": 0.061447929120646685, "support": 1625}, "weighted avg": {"precision": 0.1497841681546079, "recall": 0.14215384615384616, "f1-score": 0.1287246343900624, "support": 1625}, "samples avg": {"precision": 0.14510050251256282, "recall": 0.14185510887772193, "f1-score": 0.14290201005025124, "support": 1625}}