{
    "related-to": {
        "precision": 0.0,
        "recall": 0.0,
        "f1-score": 0.0,
        "support": 72
    },
    "artifact": {
        "precision": 0.48466257668711654,
        "recall": 0.26158940397350994,
        "f1-score": 0.3397849462365591,
        "support": 302
    },
    "cause-effect": {
        "precision": 0.0,
        "recall": 0.0,
        "f1-score": 0.0,
        "support": 1
    },
    "compare": {
        "precision": 0.0,
        "recall": 0.0,
        "f1-score": 0.0,
        "support": 8
    },
    "general-affiliation": {
        "precision": 0.7433628318584071,
        "recall": 0.2545454545454545,
        "f1-score": 0.3792325056433409,
        "support": 330
    },
    "named": {
        "precision": 0.8235294117647058,
        "recall": 0.3010752688172043,
        "f1-score": 0.44094488188976383,
        "support": 93
    },
    "opposite": {
        "precision": 0.0,
        "recall": 0.0,
        "f1-score": 0.0,
        "support": 14
    },
    "origin": {
        "precision": 0.14285714285714285,
        "recall": 0.2765957446808511,
        "f1-score": 0.18840579710144928,
        "support": 47
    },
    "part-of": {
        "precision": 0.1511111111111111,
        "recall": 0.35051546391752575,
        "f1-score": 0.21118012422360247,
        "support": 97
    },
    "physical": {
        "precision": 0.6896551724137931,
        "recall": 0.8092485549132948,
        "f1-score": 0.7446808510638299,
        "support": 173
    },
    "role": {
        "precision": 0.2916666666666667,
        "recall": 0.7,
        "f1-score": 0.4117647058823529,
        "support": 250
    },
    "social": {
        "precision": 0.0,
        "recall": 0.0,
        "f1-score": 0.0,
        "support": 47
    },
    "temporal": {
        "precision": 0.6,
        "recall": 0.5,
        "f1-score": 0.5454545454545454,
        "support": 30
    },
    "topic": {
        "precision": 0.0,
        "recall": 0.0,
        "f1-score": 0.0,
        "support": 43
    },
    "type-of": {
        "precision": 0.7692307692307693,
        "recall": 0.5555555555555556,
        "f1-score": 0.6451612903225806,
        "support": 18
    },
    "usage": {
        "precision": 0.0,
        "recall": 0.0,
        "f1-score": 0.0,
        "support": 3
    },
    "win-defeat": {
        "precision": 0.6320754716981132,
        "recall": 0.6907216494845361,
        "f1-score": 0.6600985221674877,
        "support": 97
    },
    "micro avg": {
        "precision": 0.40515075376884424,
        "recall": 0.39692307692307693,
        "f1-score": 0.4009947155735157,
        "support": 1625
    },
    "macro avg": {
        "precision": 999999,
        "recall": 999999,
        "f1-score": 0.26862989235208895,
        "support": 1625
    },
    "weighted avg": {
        "precision": 0.4769369954179006,
        "recall": 0.39692307692307693,
        "f1-score": 0.3826992363687808,
        "support": 1625
    },
    "samples avg": {
        "precision": 0.40515075376884424,
        "recall": 0.397822445561139,
        "f1-score": 0.4002303182579564,
        "support": 1625
    }
}