{
    "related-to": {
        "precision": 0.29069767441860467,
        "recall": 0.23148148148148148,
        "f1-score": 0.25773195876288657,
        "support": 108
    },
    "artifact": {
        "precision": 0.6190476190476191,
        "recall": 0.6341463414634146,
        "f1-score": 0.6265060240963854,
        "support": 41
    },
    "cause-effect": {
        "precision": 0.0,
        "recall": 0.0,
        "f1-score": 0.0,
        "support": 5
    },
    "compare": {
        "precision": 0.0,
        "recall": 0.0,
        "f1-score": 0.0,
        "support": 24
    },
    "general-affiliation": {
        "precision": 0.6,
        "recall": 0.04,
        "f1-score": 0.075,
        "support": 75
    },
    "named": {
        "precision": 0.6762589928057554,
        "recall": 0.6762589928057554,
        "f1-score": 0.6762589928057554,
        "support": 139
    },
    "opposite": {
        "precision": 0.0,
        "recall": 0.0,
        "f1-score": 0.0,
        "support": 11
    },
    "origin": {
        "precision": 0.45977011494252873,
        "recall": 0.449438202247191,
        "f1-score": 0.45454545454545453,
        "support": 89
    },
    "part-of": {
        "precision": 0.3477272727272727,
        "recall": 0.7149532710280374,
        "f1-score": 0.4678899082568807,
        "support": 214
    },
    "physical": {
        "precision": 0.8020833333333334,
        "recall": 0.7549019607843137,
        "f1-score": 0.7777777777777777,
        "support": 102
    },
    "role": {
        "precision": 0.5725806451612904,
        "recall": 0.6513761467889908,
        "f1-score": 0.6094420600858369,
        "support": 109
    },
    "social": {
        "precision": 0.0,
        "recall": 0.0,
        "f1-score": 0.0,
        "support": 1
    },
    "temporal": {
        "precision": 0.6666666666666666,
        "recall": 0.38095238095238093,
        "f1-score": 0.4848484848484849,
        "support": 21
    },
    "topic": {
        "precision": 1.0,
        "recall": 0.12195121951219512,
        "f1-score": 0.21739130434782605,
        "support": 41
    },
    "type-of": {
        "precision": 0.2857142857142857,
        "recall": 0.25925925925925924,
        "f1-score": 0.2718446601941748,
        "support": 54
    },
    "usage": {
        "precision": 0.225,
        "recall": 0.07377049180327869,
        "f1-score": 0.11111111111111112,
        "support": 122
    },
    "win-defeat": {
        "precision": 1.0,
        "recall": 0.2857142857142857,
        "f1-score": 0.4444444444444445,
        "support": 7
    },
    "micro avg": {
        "precision": 0.4676131322094055,
        "recall": 0.4531384350816853,
        "f1-score": 0.4602620087336244,
        "support": 1163
    },
    "macro avg": {
        "precision": 999999,
        "recall": 999999,
        "f1-score": 0.3220465988986481,
        "support": 1163
    },
    "weighted avg": {
        "precision": 0.48169547683820735,
        "recall": 0.4531384350816853,
        "f1-score": 0.4212669322577663,
        "support": 1163
    },
    "samples avg": {
        "precision": 0.4676131322094055,
        "recall": 0.4568175096125406,
        "f1-score": 0.46036675539781124,
        "support": 1163
    }
}