{"related-to": {"precision": 0.08208955223880597, "recall": 0.1746031746031746, "f1-score": 0.11167512690355329, "support": 126}, "artifact": {"precision": 0.0, "recall": 0.0, "f1-score": 0.0, "support": 33}, "cause-effect": {"precision": 0.0, "recall": 0.0, "f1-score": 0.0, "support": 76}, "compare": {"precision": 0.0, "recall": 0.0, "f1-score": 0.0, "support": 39}, "general-affiliation": {"precision": 0.05, "recall": 0.0958904109589041, "f1-score": 0.06572769953051644, "support": 73}, "named": {"precision": 0.09407665505226481, "recall": 0.25, "f1-score": 0.13670886075949368, "support": 108}, "opposite": {"precision": 0.0, "recall": 0.0, "f1-score": 0.0, "support": 5}, "origin": {"precision": 0.07142857142857142, "recall": 0.031914893617021274, "f1-score": 0.04411764705882353, "support": 94}, "part-of": {"precision": 0.043478260869565216, "recall": 0.044444444444444446, "f1-score": 0.04395604395604395, "support": 90}, "physical": {"precision": 0.1388888888888889, "recall": 0.11160714285714286, "f1-score": 0.12376237623762378, "support": 224}, "role": {"precision": 0.21524663677130046, "recall": 0.16783216783216784, "f1-score": 0.18860510805500982, "support": 286}, "social": {"precision": 0.0, "recall": 0.0, "f1-score": 0.0, "support": 14}, "temporal": {"precision": 0.0, "recall": 0.0, "f1-score": 0.0, "support": 26}, "topic": {"precision": 0.0, "recall": 0.0, "f1-score": 0.0, "support": 66}, "type-of": {"precision": 0.0, "recall": 0.0, "f1-score": 0.0, "support": 117}, "usage": {"precision": 0.0, "recall": 0.0, "f1-score": 0.0, "support": 24}, "win-defeat": {"precision": 0.0, "recall": 0.0, "f1-score": 0.0, "support": 44}, "micro avg": {"precision": 0.09770114942528736, "recall": 0.09411764705882353, "f1-score": 0.0958759252731759, "support": 1445}, "macro avg": {"precision": 0.04089462148525863, "recall": 0.05154660201840325, "f1-score": 0.042032521323592024, "support": 1445}, "weighted avg": {"precision": 0.08820245034462545, "recall": 0.09411764705882353, "f1-score": 0.0853983951405776, "support": 1445}, "samples avg": {"precision": 0.09770114942528736, "recall": 0.09123563218390805, "f1-score": 0.09339080459770115, "support": 1445}}