{
    "related-to": {
        "precision": 0.2931937172774869,
        "recall": 0.4444444444444444,
        "f1-score": 0.3533123028391167,
        "support": 126
    },
    "artifact": {
        "precision": 0.7333333333333333,
        "recall": 0.6666666666666666,
        "f1-score": 0.6984126984126984,
        "support": 33
    },
    "cause-effect": {
        "precision": 0.0,
        "recall": 0.0,
        "f1-score": 0.0,
        "support": 76
    },
    "compare": {
        "precision": 0.0,
        "recall": 0.0,
        "f1-score": 0.0,
        "support": 39
    },
    "general-affiliation": {
        "precision": 0.32231404958677684,
        "recall": 0.5342465753424658,
        "f1-score": 0.40206185567010316,
        "support": 73
    },
    "named": {
        "precision": 0.27873563218390807,
        "recall": 0.8981481481481481,
        "f1-score": 0.4254385964912281,
        "support": 108
    },
    "opposite": {
        "precision": 0.0,
        "recall": 0.0,
        "f1-score": 0.0,
        "support": 5
    },
    "origin": {
        "precision": 0.5116279069767442,
        "recall": 0.23404255319148937,
        "f1-score": 0.32116788321167883,
        "support": 94
    },
    "part-of": {
        "precision": 0.14814814814814814,
        "recall": 0.2222222222222222,
        "f1-score": 0.17777777777777776,
        "support": 90
    },
    "physical": {
        "precision": 0.9379310344827586,
        "recall": 0.6071428571428571,
        "f1-score": 0.7371273712737128,
        "support": 224
    },
    "role": {
        "precision": 0.5866666666666667,
        "recall": 0.6153846153846154,
        "f1-score": 0.6006825938566553,
        "support": 286
    },
    "social": {
        "precision": 0.7,
        "recall": 0.5,
        "f1-score": 0.5833333333333334,
        "support": 14
    },
    "temporal": {
        "precision": 0.6,
        "recall": 0.6923076923076923,
        "f1-score": 0.6428571428571429,
        "support": 26
    },
    "topic": {
        "precision": 1.0,
        "recall": 0.015151515151515152,
        "f1-score": 0.02985074626865672,
        "support": 66
    },
    "type-of": {
        "precision": 1.0,
        "recall": 0.017094017094017096,
        "f1-score": 0.033613445378151266,
        "support": 117
    },
    "usage": {
        "precision": 0.0,
        "recall": 0.0,
        "f1-score": 0.0,
        "support": 24
    },
    "win-defeat": {
        "precision": 0.8181818181818182,
        "recall": 0.6136363636363636,
        "f1-score": 0.7012987012987013,
        "support": 44
    },
    "micro avg": {
        "precision": 0.4475574712643678,
        "recall": 0.4311418685121107,
        "f1-score": 0.4391963341557984,
        "support": 1445
    },
    "macro avg": {
        "precision": 999999,
        "recall": 999999,
        "f1-score": 0.3357020263922916,
        "support": 1445
    },
    "weighted avg": {
        "precision": 0.5525843302786242,
        "recall": 0.4311418685121107,
        "f1-score": 0.4066473389076824,
        "support": 1445
    },
    "samples avg": {
        "precision": 0.4475574712643678,
        "recall": 0.42923850574712646,
        "f1-score": 0.4353448275862069,
        "support": 1445
    }
}