{
    "related-to": {
        "precision": 0.3333333333333333,
        "recall": 0.3333333333333333,
        "f1-score": 0.3333333333333333,
        "support": 108
    },
    "artifact": {
        "precision": 0.4,
        "recall": 0.3902439024390244,
        "f1-score": 0.39506172839506176,
        "support": 41
    },
    "cause-effect": {
        "precision": 0.0,
        "recall": 0.0,
        "f1-score": 0.0,
        "support": 5
    },
    "compare": {
        "precision": 0.0,
        "recall": 0.0,
        "f1-score": 0.0,
        "support": 24
    },
    "general-affiliation": {
        "precision": 0.4,
        "recall": 0.02666666666666667,
        "f1-score": 0.05,
        "support": 75
    },
    "named": {
        "precision": 0.6176470588235294,
        "recall": 0.7553956834532374,
        "f1-score": 0.6796116504854369,
        "support": 139
    },
    "opposite": {
        "precision": 0.0,
        "recall": 0.0,
        "f1-score": 0.0,
        "support": 11
    },
    "origin": {
        "precision": 0.5555555555555556,
        "recall": 0.39325842696629215,
        "f1-score": 0.4605263157894737,
        "support": 89
    },
    "part-of": {
        "precision": 0.3799019607843137,
        "recall": 0.7242990654205608,
        "f1-score": 0.4983922829581993,
        "support": 214
    },
    "physical": {
        "precision": 0.9,
        "recall": 0.7058823529411765,
        "f1-score": 0.7912087912087913,
        "support": 102
    },
    "role": {
        "precision": 0.5757575757575758,
        "recall": 0.6972477064220184,
        "f1-score": 0.6307053941908713,
        "support": 109
    },
    "social": {
        "precision": 0.0,
        "recall": 0.0,
        "f1-score": 0.0,
        "support": 1
    },
    "temporal": {
        "precision": 0.45,
        "recall": 0.42857142857142855,
        "f1-score": 0.4390243902439024,
        "support": 21
    },
    "topic": {
        "precision": 1.0,
        "recall": 0.17073170731707318,
        "f1-score": 0.2916666666666667,
        "support": 41
    },
    "type-of": {
        "precision": 0.25,
        "recall": 0.3148148148148148,
        "f1-score": 0.2786885245901639,
        "support": 54
    },
    "usage": {
        "precision": 0.17391304347826086,
        "recall": 0.03278688524590164,
        "f1-score": 0.05517241379310345,
        "support": 122
    },
    "win-defeat": {
        "precision": 0.0,
        "recall": 0.0,
        "f1-score": 0.0,
        "support": 7
    },
    "micro avg": {
        "precision": 0.4738243123336291,
        "recall": 0.4591573516766982,
        "f1-score": 0.4663755458515284,
        "support": 1163
    },
    "macro avg": {
        "precision": 999999,
        "recall": 999999,
        "f1-score": 0.288434793626765,
        "support": 1163
    },
    "weighted avg": {
        "precision": 0.46321700110978653,
        "recall": 0.4591573516766982,
        "f1-score": 0.42172363366223176,
        "support": 1163
    },
    "samples avg": {
        "precision": 0.4738243123336291,
        "recall": 0.46391600118308185,
        "f1-score": 0.4671694764862467,
        "support": 1163
    }
}