{"related-to": {"precision": 0.038461538461538464, "recall": 0.013888888888888888, "f1-score": 0.020408163265306124, "support": 72}, "artifact": {"precision": 0.18055555555555555, "recall": 0.21666666666666667, "f1-score": 0.19696969696969693, "support": 300}, "cause-effect": {"precision": 0.0, "recall": 0.0, "f1-score": 0.0, "support": 1}, "compare": {"precision": 0.0, "recall": 0.0, "f1-score": 0.0, "support": 8}, "general-affiliation": {"precision": 0.19402985074626866, "recall": 0.11890243902439024, "f1-score": 0.14744801512287334, "support": 328}, "named": {"precision": 0.09375, "recall": 0.06382978723404255, "f1-score": 0.0759493670886076, "support": 94}, "opposite": {"precision": 0.1, "recall": 0.07142857142857142, "f1-score": 0.08333333333333333, "support": 14}, "origin": {"precision": 0.016666666666666666, "recall": 0.02127659574468085, "f1-score": 0.018691588785046728, "support": 47}, "part-of": {"precision": 0.0546875, "recall": 0.07291666666666667, "f1-score": 0.0625, "support": 96}, "physical": {"precision": 0.11707317073170732, "recall": 0.13793103448275862, "f1-score": 0.1266490765171504, "support": 174}, "role": {"precision": 0.1707920792079208, "recall": 0.2727272727272727, "f1-score": 0.2100456621004566, "support": 253}, "social": {"precision": 0.0, "recall": 0.0, "f1-score": 0.0, "support": 47}, "temporal": {"precision": 0.0, "recall": 0.0, "f1-score": 0.0, "support": 29}, "topic": {"precision": 0.0, "recall": 0.0, "f1-score": 0.0, "support": 42}, "type-of": {"precision": 0.0, "recall": 0.0, "f1-score": 0.0, "support": 18}, "usage": {"precision": 0.0, "recall": 0.0, "f1-score": 0.0, "support": 2}, "win-defeat": {"precision": 0.060240963855421686, "recall": 0.05154639175257732, "f1-score": 0.05555555555555555, "support": 97}, "micro avg": {"precision": 0.1371069182389937, "recall": 0.1344019728729963, "f1-score": 0.1357409713574097, "support": 1622}, "macro avg": {"precision": 0.06036807795441643, "recall": 0.061242018506853874, "f1-score": 0.05867943874929568, "support": 1622}, "weighted avg": {"precision": 0.12715661100795547, "recall": 0.1344019728729963, "f1-score": 0.12618683006565667, "support": 1622}, "samples avg": {"precision": 0.1371069182389937, "recall": 0.13354297693920333, "f1-score": 0.13469601677148846, "support": 1622}}