{
    "related-to": {
        "precision": 0.22727272727272727,
        "recall": 0.1388888888888889,
        "f1-score": 0.1724137931034483,
        "support": 72
    },
    "artifact": {
        "precision": 0.5581947743467933,
        "recall": 0.7833333333333333,
        "f1-score": 0.651872399445215,
        "support": 300
    },
    "cause-effect": {
        "precision": 0.0,
        "recall": 0.0,
        "f1-score": 0.0,
        "support": 1
    },
    "compare": {
        "precision": 0.0,
        "recall": 0.0,
        "f1-score": 0.0,
        "support": 8
    },
    "general-affiliation": {
        "precision": 0.7029702970297029,
        "recall": 0.21646341463414634,
        "f1-score": 0.331002331002331,
        "support": 328
    },
    "named": {
        "precision": 0.6233766233766234,
        "recall": 0.5106382978723404,
        "f1-score": 0.5614035087719297,
        "support": 94
    },
    "opposite": {
        "precision": 0.3,
        "recall": 0.21428571428571427,
        "f1-score": 0.25,
        "support": 14
    },
    "origin": {
        "precision": 0.140625,
        "recall": 0.19148936170212766,
        "f1-score": 0.16216216216216214,
        "support": 47
    },
    "part-of": {
        "precision": 0.12598425196850394,
        "recall": 0.16666666666666666,
        "f1-score": 0.14349775784753366,
        "support": 96
    },
    "physical": {
        "precision": 0.7790055248618785,
        "recall": 0.8103448275862069,
        "f1-score": 0.7943661971830985,
        "support": 174
    },
    "role": {
        "precision": 0.4584450402144772,
        "recall": 0.6758893280632411,
        "f1-score": 0.5463258785942491,
        "support": 253
    },
    "social": {
        "precision": 0.0,
        "recall": 0.0,
        "f1-score": 0.0,
        "support": 47
    },
    "temporal": {
        "precision": 0.6764705882352942,
        "recall": 0.7931034482758621,
        "f1-score": 0.7301587301587301,
        "support": 29
    },
    "topic": {
        "precision": 0.08,
        "recall": 0.047619047619047616,
        "f1-score": 0.059701492537313425,
        "support": 42
    },
    "type-of": {
        "precision": 0.7,
        "recall": 0.3888888888888889,
        "f1-score": 0.5,
        "support": 18
    },
    "usage": {
        "precision": 0.0,
        "recall": 0.0,
        "f1-score": 0.0,
        "support": 2
    },
    "win-defeat": {
        "precision": 0.6260162601626016,
        "recall": 0.7938144329896907,
        "f1-score": 0.7000000000000001,
        "support": 97
    },
    "micro avg": {
        "precision": 0.5113207547169811,
        "recall": 0.501233045622688,
        "f1-score": 0.5062266500622664,
        "support": 1622
    },
    "macro avg": {
        "precision": 999999,
        "recall": 999999,
        "f1-score": 0.3295826029885889,
        "support": 1622
    },
    "weighted avg": {
        "precision": 0.5201802544233177,
        "recall": 0.501233045622688,
        "f1-score": 0.4754844914677547,
        "support": 1622
    },
    "samples avg": {
        "precision": 0.5113207547169811,
        "recall": 0.5056603773584906,
        "f1-score": 0.5075471698113208,
        "support": 1622
    }
}