{"related-to": {"precision": 0.06436781609195402, "recall": 0.06763285024154589, "f1-score": 0.06595995288574794, "support": 414}, "artifact": {"precision": 0.0749665327978581, "recall": 0.08818897637795275, "f1-score": 0.08104196816208394, "support": 635}, "cause-effect": {"precision": 0.0, "recall": 0.0, "f1-score": 0.0, "support": 86}, "compare": {"precision": 0.0, "recall": 0.0, "f1-score": 0.0, "support": 82}, "general-affiliation": {"precision": 0.136275146009085, "recall": 0.1694915254237288, "f1-score": 0.1510791366906475, "support": 1239}, "named": {"precision": 0.058823529411764705, "recall": 0.06989247311827956, "f1-score": 0.06388206388206388, "support": 558}, "opposite": {"precision": 0.023255813953488372, "recall": 0.0078125, "f1-score": 0.011695906432748537, "support": 128}, "origin": {"precision": 0.0430622009569378, "recall": 0.029605263157894735, "f1-score": 0.03508771929824561, "support": 304}, "part-of": {"precision": 0.08603491271820449, "recall": 0.0957004160887656, "f1-score": 0.0906106369008536, "support": 721}, "physical": {"precision": 0.1736414740787008, "recall": 0.19106529209621992, "f1-score": 0.18193717277486912, "support": 1455}, "role": {"precision": 0.22780373831775702, "recall": 0.19441674975074777, "f1-score": 0.20979020979020982, "support": 2006}, "social": {"precision": 0.014084507042253521, "recall": 0.009523809523809525, "f1-score": 0.011363636363636364, "support": 105}, "temporal": {"precision": 0.054502369668246446, "recall": 0.056372549019607844, "f1-score": 0.05542168674698795, "support": 408}, "topic": {"precision": 0.0, "recall": 0.0, "f1-score": 0.0, "support": 170}, "type-of": {"precision": 0.023622047244094488, "recall": 0.008928571428571428, "f1-score": 0.012958963282937367, "support": 336}, "usage": {"precision": 0.0, "recall": 0.0, "f1-score": 0.0, "support": 200}, "win-defeat": {"precision": 0.0641025641025641, "recall": 0.0473186119873817, "f1-score": 0.0544464609800363, "support": 317}, "micro avg": {"precision": 0.12944162436548223, "recall": 0.12243561763422087, "f1-score": 0.12584118438761777, "support": 9164}, "macro avg": {"precision": 0.06144368543487699, "recall": 0.06093821107144149, "f1-score": 0.06031032436418046, "support": 9164}, "weighted avg": {"precision": 0.12173890107606404, "recall": 0.12243561763422087, "f1-score": 0.12113411623858442, "support": 9164}, "samples avg": {"precision": 0.12944162436548223, "recall": 0.12165436086755883, "f1-score": 0.12423088755576064, "support": 9164}}