{"related-to": {"precision": 0.12363636363636364, "recall": 0.3148148148148148, "f1-score": 0.17754569190600525, "support": 108}, "artifact": {"precision": 0.017543859649122806, "recall": 0.024390243902439025, "f1-score": 0.020408163265306124, "support": 41}, "cause-effect": {"precision": 0.0, "recall": 0.0, "f1-score": 0.0, "support": 5}, "compare": {"precision": 0.0, "recall": 0.0, "f1-score": 0.0, "support": 24}, "general-affiliation": {"precision": 0.05454545454545454, "recall": 0.08, "f1-score": 0.06486486486486487, "support": 75}, "named": {"precision": 0.12598425196850394, "recall": 0.11510791366906475, "f1-score": 0.12030075187969926, "support": 139}, "opposite": {"precision": 0.0, "recall": 0.0, "f1-score": 0.0, "support": 11}, "origin": {"precision": 0.08, "recall": 0.02247191011235955, "f1-score": 0.03508771929824561, "support": 89}, "part-of": {"precision": 0.1934156378600823, "recall": 0.21962616822429906, "f1-score": 0.20568927789934358, "support": 214}, "physical": {"precision": 0.1368421052631579, "recall": 0.12745098039215685, "f1-score": 0.1319796954314721, "support": 102}, "role": {"precision": 0.1320754716981132, "recall": 0.1926605504587156, "f1-score": 0.15671641791044774, "support": 109}, "social": {"precision": 0.0, "recall": 0.0, "f1-score": 0.0, "support": 1}, "temporal": {"precision": 0.043478260869565216, "recall": 0.047619047619047616, "f1-score": 0.04545454545454545, "support": 21}, "topic": {"precision": 0.0, "recall": 0.0, "f1-score": 0.0, "support": 41}, "type-of": {"precision": 0.0, "recall": 0.0, "f1-score": 0.0, "support": 54}, "usage": {"precision": 0.0, "recall": 0.0, "f1-score": 0.0, "support": 122}, "win-defeat": {"precision": 0.0, "recall": 0.0, "f1-score": 0.0, "support": 7}, "micro avg": {"precision": 0.1251109139307897, "recall": 0.12123817712811694, "f1-score": 0.12314410480349344, "support": 1163}, "macro avg": {"precision": 0.053383612087668446, "recall": 0.06730244877605278, "f1-score": 0.05635571340646647, "support": 1163}, "weighted avg": {"precision": 0.0975518974764638, "recall": 0.12123817712811694, "f1-score": 0.10338539572198363, "support": 1163}, "samples avg": {"precision": 0.1251109139307897, "recall": 0.12289263531499556, "f1-score": 0.12363206152026028, "support": 1163}}