{"related-to": {"precision": 0.0, "recall": 0.0, "f1-score": 0.0, "support": 6}, "artifact": {"precision": 0.0, "recall": 0.0, "f1-score": 0.0, "support": 0}, "cause-effect": {"precision": 0.0, "recall": 0.0, "f1-score": 0.0, "support": 0}, "compare": {"precision": 0.0, "recall": 0.0, "f1-score": 0.0, "support": 0}, "general-affiliation": {"precision": 0.0, "recall": 0.0, "f1-score": 0.0, "support": 10}, "named": {"precision": 0.0, "recall": 0.0, "f1-score": 0.0, "support": 4}, "opposite": {"precision": 0.0, "recall": 0.0, "f1-score": 0.0, "support": 39}, "origin": {"precision": 0.0, "recall": 0.0, "f1-score": 0.0, "support": 0}, "part-of": {"precision": 0.16666666666666666, "recall": 0.03571428571428571, "f1-score": 0.058823529411764705, "support": 28}, "physical": {"precision": 0.36082474226804123, "recall": 0.5426356589147286, "f1-score": 0.43343653250773995, "support": 129}, "role": {"precision": 0.38064516129032255, "recall": 0.4097222222222222, "f1-score": 0.39464882943143814, "support": 144}, "social": {"precision": 0.0, "recall": 0.0, "f1-score": 0.0, "support": 0}, "temporal": {"precision": 0.0, "recall": 0.0, "f1-score": 0.0, "support": 1}, "topic": {"precision": 0.0, "recall": 0.0, "f1-score": 0.0, "support": 0}, "type-of": {"precision": 0.0, "recall": 0.0, "f1-score": 0.0, "support": 0}, "usage": {"precision": 0.0, "recall": 0.0, "f1-score": 0.0, "support": 0}, "win-defeat": {"precision": 0.0, "recall": 0.0, "f1-score": 0.0, "support": 35}, "micro avg": {"precision": 0.3282828282828283, "recall": 0.3282828282828283, "f1-score": 0.3282828282828283, "support": 396}, "macro avg": {"precision": 0.05341979824853121, "recall": 0.0581218921677198, "f1-score": 0.05217111125593782, "support": 396}, "weighted avg": {"precision": 0.267742327386491, "recall": 0.3282828282828283, "f1-score": 0.28886313877564385, "support": 396}, "samples avg": {"precision": 0.3282828282828283, "recall": 0.3282828282828283, "f1-score": 0.3282828282828283, "support": 396}}