{
    "related-to": {
        "precision": 0.0,
        "recall": 0.0,
        "f1-score": 0.0,
        "support": 6
    },
    "artifact": {
        "precision": 0.0,
        "recall": 0.0,
        "f1-score": 0.0,
        "support": 0
    },
    "cause-effect": {
        "precision": 0.0,
        "recall": 0.0,
        "f1-score": 0.0,
        "support": 0
    },
    "compare": {
        "precision": 0.0,
        "recall": 0.0,
        "f1-score": 0.0,
        "support": 0
    },
    "general-affiliation": {
        "precision": 0.2631578947368421,
        "recall": 0.5,
        "f1-score": 0.3448275862068966,
        "support": 10
    },
    "named": {
        "precision": 0.1,
        "recall": 0.25,
        "f1-score": 0.14285714285714288,
        "support": 4
    },
    "opposite": {
        "precision": 0.0,
        "recall": 0.0,
        "f1-score": 0.0,
        "support": 39
    },
    "origin": {
        "precision": 0.0,
        "recall": 0.0,
        "f1-score": 0.0,
        "support": 0
    },
    "part-of": {
        "precision": 0.35714285714285715,
        "recall": 0.17857142857142858,
        "f1-score": 0.2380952380952381,
        "support": 28
    },
    "physical": {
        "precision": 0.4834123222748815,
        "recall": 0.7906976744186046,
        "f1-score": 0.6,
        "support": 129
    },
    "role": {
        "precision": 0.5078125,
        "recall": 0.4513888888888889,
        "f1-score": 0.47794117647058826,
        "support": 144
    },
    "social": {
        "precision": 0.0,
        "recall": 0.0,
        "f1-score": 0.0,
        "support": 0
    },
    "temporal": {
        "precision": 0.07142857142857142,
        "recall": 1.0,
        "f1-score": 0.13333333333333333,
        "support": 1
    },
    "topic": {
        "precision": 0.0,
        "recall": 0.0,
        "f1-score": 0.0,
        "support": 0
    },
    "type-of": {
        "precision": 0.0,
        "recall": 0.0,
        "f1-score": 0.0,
        "support": 0
    },
    "usage": {
        "precision": 0.0,
        "recall": 0.0,
        "f1-score": 0.0,
        "support": 0
    },
    "win-defeat": {
        "precision": 0.0,
        "recall": 0.0,
        "f1-score": 0.0,
        "support": 35
    },
    "micro avg": {
        "precision": 0.45202020202020204,
        "recall": 0.45202020202020204,
        "f1-score": 0.45202020202020204,
        "support": 396
    },
    "macro avg": {
        "precision": 999999,
        "recall": 999999,
        "f1-score": 0.21522827521813326,
        "support": 396
    },
    "weighted avg": {
        "precision": 0.37522271992994116,
        "recall": 0.45202020202020204,
        "f1-score": 0.3965738228415713,
        "support": 396
    },
    "samples avg": {
        "precision": 0.45202020202020204,
        "recall": 0.45202020202020204,
        "f1-score": 0.45202020202020204,
        "support": 396
    }
}