{"related-to": {"precision": 0.11737089201877934, "recall": 0.23148148148148148, "f1-score": 0.15576323987538943, "support": 108}, "artifact": {"precision": 0.046875, "recall": 0.07317073170731707, "f1-score": 0.05714285714285714, "support": 41}, "cause-effect": {"precision": 0.0, "recall": 0.0, "f1-score": 0.0, "support": 5}, "compare": {"precision": 0.0, "recall": 0.0, "f1-score": 0.0, "support": 24}, "general-affiliation": {"precision": 0.06896551724137931, "recall": 0.16, "f1-score": 0.0963855421686747, "support": 75}, "named": {"precision": 0.08148148148148149, "recall": 0.07913669064748201, "f1-score": 0.0802919708029197, "support": 139}, "opposite": {"precision": 0.0, "recall": 0.0, "f1-score": 0.0, "support": 11}, "origin": {"precision": 0.05128205128205128, "recall": 0.02247191011235955, "f1-score": 0.03125, "support": 89}, "part-of": {"precision": 0.14859437751004015, "recall": 0.17289719626168223, "f1-score": 0.15982721382289417, "support": 214}, "physical": {"precision": 0.08411214953271028, "recall": 0.08823529411764706, "f1-score": 0.0861244019138756, "support": 102}, "role": {"precision": 0.10294117647058823, "recall": 0.12844036697247707, "f1-score": 0.11428571428571428, "support": 109}, "social": {"precision": 0.0, "recall": 0.0, "f1-score": 0.0, "support": 1}, "temporal": {"precision": 0.0, "recall": 0.0, "f1-score": 0.0, "support": 21}, "topic": {"precision": 0.0, "recall": 0.0, "f1-score": 0.0, "support": 41}, "type-of": {"precision": 0.0, "recall": 0.0, "f1-score": 0.0, "support": 54}, "usage": {"precision": 0.0, "recall": 0.0, "f1-score": 0.0, "support": 122}, "win-defeat": {"precision": 0.0, "recall": 0.0, "f1-score": 0.0, "support": 7}, "micro avg": {"precision": 0.1002661934338953, "recall": 0.09716251074806535, "f1-score": 0.09868995633187773, "support": 1163}, "macro avg": {"precision": 0.041271920325707645, "recall": 0.05622551007649685, "f1-score": 0.045945349412489705, "support": 1163}, "weighted avg": {"precision": 0.07502974883571734, "recall": 0.09716251074806535, "f1-score": 0.08235674313337331, "support": 1163}, "samples avg": {"precision": 0.1002661934338953, "recall": 0.09745637385388937, "f1-score": 0.09834368530020704, "support": 1163}}