{"related-to": {"precision": 0.07142857142857142, "recall": 0.07004830917874397, "f1-score": 0.07073170731707318, "support": 414}, "artifact": {"precision": 0.07772020725388601, "recall": 0.09448818897637795, "f1-score": 0.08528784648187633, "support": 635}, "cause-effect": {"precision": 0.0, "recall": 0.0, "f1-score": 0.0, "support": 86}, "compare": {"precision": 0.0, "recall": 0.0, "f1-score": 0.0, "support": 82}, "general-affiliation": {"precision": 0.13495720868992758, "recall": 0.16545601291364004, "f1-score": 0.14865844815083393, "support": 1239}, "named": {"precision": 0.061224489795918366, "recall": 0.04838709677419355, "f1-score": 0.05405405405405405, "support": 558}, "opposite": {"precision": 0.0, "recall": 0.0, "f1-score": 0.0, "support": 128}, "origin": {"precision": 0.04090909090909091, "recall": 0.029605263157894735, "f1-score": 0.03435114503816794, "support": 304}, "part-of": {"precision": 0.09611650485436893, "recall": 0.13730929264909847, "f1-score": 0.11307824100513991, "support": 721}, "physical": {"precision": 0.16249153689911983, "recall": 0.16494845360824742, "f1-score": 0.16371077762619368, "support": 1455}, "role": {"precision": 0.2282793867120954, "recall": 0.20039880358923232, "f1-score": 0.21343243960711444, "support": 2006}, "social": {"precision": 0.0, "recall": 0.0, "f1-score": 0.0, "support": 105}, "temporal": {"precision": 0.037122969837587005, "recall": 0.0392156862745098, "f1-score": 0.03814064362336114, "support": 408}, "topic": {"precision": 0.0, "recall": 0.0, "f1-score": 0.0, "support": 170}, "type-of": {"precision": 0.05970149253731343, "recall": 0.023809523809523808, "f1-score": 0.03404255319148936, "support": 336}, "usage": {"precision": 0.0, "recall": 0.0, "f1-score": 0.0, "support": 200}, "win-defeat": {"precision": 0.05384615384615385, "recall": 0.04416403785488959, "f1-score": 0.04852686308492202, "support": 317}, "micro avg": {"precision": 0.12794185509921552, "recall": 0.12101702313400262, "f1-score": 0.12438313144908031, "support": 9164}, "macro avg": {"precision": 0.06022338898611957, "recall": 0.0598723922815501, "f1-score": 0.05905968936354271, "support": 9164}, "weighted avg": {"precision": 0.12098036998855725, "recall": 0.12101702313400262, "f1-score": 0.1198701658652542, "support": 9164}, "samples avg": {"precision": 0.12794185509921552, "recall": 0.11886632825719119, "f1-score": 0.12188509460083063, "support": 9164}}