{
    "related-to": {
        "precision": 0.2946236559139785,
        "recall": 0.3309178743961353,
        "f1-score": 0.3117178612059158,
        "support": 414
    },
    "artifact": {
        "precision": 0.7620286085825748,
        "recall": 0.9228346456692913,
        "f1-score": 0.8347578347578347,
        "support": 635
    },
    "cause-effect": {
        "precision": 0.0,
        "recall": 0.0,
        "f1-score": 0.0,
        "support": 86
    },
    "compare": {
        "precision": 0.8461538461538461,
        "recall": 0.13414634146341464,
        "f1-score": 0.23157894736842108,
        "support": 82
    },
    "general-affiliation": {
        "precision": 0.7246376811594203,
        "recall": 0.8878127522195319,
        "f1-score": 0.7979688066739209,
        "support": 1239
    },
    "named": {
        "precision": 0.8258575197889182,
        "recall": 0.5609318996415771,
        "f1-score": 0.6680896478121665,
        "support": 558
    },
    "opposite": {
        "precision": 0.2692307692307692,
        "recall": 0.109375,
        "f1-score": 0.15555555555555556,
        "support": 128
    },
    "origin": {
        "precision": 0.4340659340659341,
        "recall": 0.2598684210526316,
        "f1-score": 0.3251028806584362,
        "support": 304
    },
    "part-of": {
        "precision": 0.3437849944008959,
        "recall": 0.42579750346740636,
        "f1-score": 0.38042131350681535,
        "support": 721
    },
    "physical": {
        "precision": 0.8044184535412605,
        "recall": 0.8508591065292096,
        "f1-score": 0.8269873079492318,
        "support": 1455
    },
    "role": {
        "precision": 0.6336185203824861,
        "recall": 0.627617148554337,
        "f1-score": 0.6306035562233909,
        "support": 2006
    },
    "social": {
        "precision": 0.5483870967741935,
        "recall": 0.1619047619047619,
        "f1-score": 0.25,
        "support": 105
    },
    "temporal": {
        "precision": 0.7780429594272077,
        "recall": 0.7990196078431373,
        "f1-score": 0.788391777509069,
        "support": 408
    },
    "topic": {
        "precision": 0.4,
        "recall": 0.023529411764705882,
        "f1-score": 0.044444444444444446,
        "support": 170
    },
    "type-of": {
        "precision": 0.7161290322580646,
        "recall": 0.33035714285714285,
        "f1-score": 0.4521384928716904,
        "support": 336
    },
    "usage": {
        "precision": 0.8620689655172413,
        "recall": 0.125,
        "f1-score": 0.2183406113537118,
        "support": 200
    },
    "win-defeat": {
        "precision": 0.7929515418502202,
        "recall": 0.5678233438485805,
        "f1-score": 0.6617647058823529,
        "support": 317
    },
    "micro avg": {
        "precision": 0.6583987078910937,
        "recall": 0.6227629855958097,
        "f1-score": 0.6400852400179452,
        "support": 9164
    },
    "macro avg": {
        "precision": 999999,
        "recall": 999999,
        "f1-score": 0.445756690810174,
        "support": 9164
    },
    "weighted avg": {
        "precision": 0.6544169230541657,
        "recall": 0.6227629855958097,
        "f1-score": 0.6178206195310343,
        "support": 9164
    },
    "samples avg": {
        "precision": 0.6583987078910937,
        "recall": 0.6327680356868174,
        "f1-score": 0.6412859560067681,
        "support": 9164
    }
}