{"related-to": {"precision": 0.08870967741935484, "recall": 0.2037037037037037, "f1-score": 0.12359550561797752, "support": 108}, "artifact": {"precision": 0.03787878787878788, "recall": 0.12195121951219512, "f1-score": 0.05780346820809249, "support": 41}, "cause-effect": {"precision": 0.0, "recall": 0.0, "f1-score": 0.0, "support": 5}, "compare": {"precision": 0.0, "recall": 0.0, "f1-score": 0.0, "support": 24}, "general-affiliation": {"precision": 0.07142857142857142, "recall": 0.21333333333333335, "f1-score": 0.10702341137123746, "support": 75}, "named": {"precision": 0.112, "recall": 0.10071942446043165, "f1-score": 0.10606060606060606, "support": 139}, "opposite": {"precision": 0.0, "recall": 0.0, "f1-score": 0.0, "support": 11}, "origin": {"precision": 0.19230769230769232, "recall": 0.056179775280898875, "f1-score": 0.08695652173913043, "support": 89}, "part-of": {"precision": 0.1386861313868613, "recall": 0.08878504672897196, "f1-score": 0.10826210826210825, "support": 214}, "physical": {"precision": 0.047619047619047616, "recall": 0.049019607843137254, "f1-score": 0.04830917874396136, "support": 102}, "role": {"precision": 0.058823529411764705, "recall": 0.06422018348623854, "f1-score": 0.06140350877192982, "support": 109}, "social": {"precision": 0.0, "recall": 0.0, "f1-score": 0.0, "support": 1}, "temporal": {"precision": 0.0, "recall": 0.0, "f1-score": 0.0, "support": 21}, "topic": {"precision": 0.0, "recall": 0.0, "f1-score": 0.0, "support": 41}, "type-of": {"precision": 0.0, "recall": 0.0, "f1-score": 0.0, "support": 54}, "usage": {"precision": 0.0, "recall": 0.0, "f1-score": 0.0, "support": 122}, "win-defeat": {"precision": 0.0, "recall": 0.0, "f1-score": 0.0, "support": 7}, "micro avg": {"precision": 0.08251996450754215, "recall": 0.07996560619088564, "f1-score": 0.08122270742358079, "support": 1163}, "macro avg": {"precision": 0.04396784926188707, "recall": 0.05281837025581826, "f1-score": 0.04114201816323785, "support": 1163}, "weighted avg": {"precision": 0.07749092228431784, "recall": 0.07996560619088564, "f1-score": 0.0696605134904889, "support": 1163}, "samples avg": {"precision": 0.08251996450754215, "recall": 0.08163265306122448, "f1-score": 0.08192842354333037, "support": 1163}}