{
    "related-to": {
        "precision": 0.2925531914893617,
        "recall": 0.5092592592592593,
        "f1-score": 0.3716216216216216,
        "support": 108
    },
    "artifact": {
        "precision": 0.5853658536585366,
        "recall": 0.5853658536585366,
        "f1-score": 0.5853658536585366,
        "support": 41
    },
    "cause-effect": {
        "precision": 0.0,
        "recall": 0.0,
        "f1-score": 0.0,
        "support": 5
    },
    "compare": {
        "precision": 0.0,
        "recall": 0.0,
        "f1-score": 0.0,
        "support": 24
    },
    "general-affiliation": {
        "precision": 0.10714285714285714,
        "recall": 0.4,
        "f1-score": 0.16901408450704225,
        "support": 75
    },
    "named": {
        "precision": 0.6285714285714286,
        "recall": 0.6330935251798561,
        "f1-score": 0.6308243727598566,
        "support": 139
    },
    "opposite": {
        "precision": 0.0,
        "recall": 0.0,
        "f1-score": 0.0,
        "support": 11
    },
    "origin": {
        "precision": 0.6363636363636364,
        "recall": 0.07865168539325842,
        "f1-score": 0.13999999999999999,
        "support": 89
    },
    "part-of": {
        "precision": 0.24864864864864866,
        "recall": 0.21495327102803738,
        "f1-score": 0.23057644110275688,
        "support": 214
    },
    "physical": {
        "precision": 0.8272727272727273,
        "recall": 0.8921568627450981,
        "f1-score": 0.8584905660377359,
        "support": 102
    },
    "role": {
        "precision": 0.48125,
        "recall": 0.7064220183486238,
        "f1-score": 0.5724907063197027,
        "support": 109
    },
    "social": {
        "precision": 0.0,
        "recall": 0.0,
        "f1-score": 0.0,
        "support": 1
    },
    "temporal": {
        "precision": 0.4,
        "recall": 0.09523809523809523,
        "f1-score": 0.15384615384615385,
        "support": 21
    },
    "topic": {
        "precision": 0.0,
        "recall": 0.0,
        "f1-score": 0.0,
        "support": 41
    },
    "type-of": {
        "precision": 0.0,
        "recall": 0.0,
        "f1-score": 0.0,
        "support": 54
    },
    "usage": {
        "precision": 0.0,
        "recall": 0.0,
        "f1-score": 0.0,
        "support": 122
    },
    "win-defeat": {
        "precision": 0.3333333333333333,
        "recall": 0.2857142857142857,
        "f1-score": 0.30769230769230765,
        "support": 7
    },
    "micro avg": {
        "precision": 0.3744454303460515,
        "recall": 0.36285468615649186,
        "f1-score": 0.3685589519650655,
        "support": 1163
    },
    "macro avg": {
        "precision": 999999,
        "recall": 999999,
        "f1-score": 0.23646600632621848,
        "support": 1163
    },
    "weighted avg": {
        "precision": 0.3511792463459328,
        "recall": 0.36285468615649186,
        "f1-score": 0.32816102991580853,
        "support": 1163
    },
    "samples avg": {
        "precision": 0.3744454303460515,
        "recall": 0.36364980774918665,
        "f1-score": 0.36719905353445725,
        "support": 1163
    }
}