{
    "related-to": {
        "precision": 0.2740740740740741,
        "recall": 0.6851851851851852,
        "f1-score": 0.39153439153439157,
        "support": 108
    },
    "artifact": {
        "precision": 0.4090909090909091,
        "recall": 0.6585365853658537,
        "f1-score": 0.5046728971962617,
        "support": 41
    },
    "cause-effect": {
        "precision": 0.0,
        "recall": 0.0,
        "f1-score": 0.0,
        "support": 5
    },
    "compare": {
        "precision": 0.0,
        "recall": 0.0,
        "f1-score": 0.0,
        "support": 24
    },
    "general-affiliation": {
        "precision": 0.13471502590673576,
        "recall": 0.3466666666666667,
        "f1-score": 0.19402985074626866,
        "support": 75
    },
    "named": {
        "precision": 0.7737226277372263,
        "recall": 0.762589928057554,
        "f1-score": 0.7681159420289855,
        "support": 139
    },
    "opposite": {
        "precision": 0.0,
        "recall": 0.0,
        "f1-score": 0.0,
        "support": 11
    },
    "origin": {
        "precision": 0.5882352941176471,
        "recall": 0.2247191011235955,
        "f1-score": 0.3252032520325203,
        "support": 89
    },
    "part-of": {
        "precision": 0.4357142857142857,
        "recall": 0.2850467289719626,
        "f1-score": 0.3446327683615819,
        "support": 214
    },
    "physical": {
        "precision": 0.8252427184466019,
        "recall": 0.8333333333333334,
        "f1-score": 0.8292682926829268,
        "support": 102
    },
    "role": {
        "precision": 0.44571428571428573,
        "recall": 0.7155963302752294,
        "f1-score": 0.5492957746478874,
        "support": 109
    },
    "social": {
        "precision": 0.0,
        "recall": 0.0,
        "f1-score": 0.0,
        "support": 1
    },
    "temporal": {
        "precision": 0.3333333333333333,
        "recall": 0.09523809523809523,
        "f1-score": 0.14814814814814814,
        "support": 21
    },
    "topic": {
        "precision": 0.0,
        "recall": 0.0,
        "f1-score": 0.0,
        "support": 41
    },
    "type-of": {
        "precision": 0.0,
        "recall": 0.0,
        "f1-score": 0.0,
        "support": 54
    },
    "usage": {
        "precision": 0.0,
        "recall": 0.0,
        "f1-score": 0.0,
        "support": 122
    },
    "win-defeat": {
        "precision": 1.0,
        "recall": 0.2857142857142857,
        "f1-score": 0.4444444444444445,
        "support": 7
    },
    "micro avg": {
        "precision": 0.42679680567879325,
        "recall": 0.413585554600172,
        "f1-score": 0.4200873362445415,
        "support": 1163
    },
    "macro avg": {
        "precision": 999999,
        "recall": 999999,
        "f1-score": 0.26466739775431863,
        "support": 1163
    },
    "weighted avg": {
        "precision": 0.39241376802660805,
        "recall": 0.413585554600172,
        "f1-score": 0.3763310293994269,
        "support": 1163
    },
    "samples avg": {
        "precision": 0.42679680567879325,
        "recall": 0.4160011830819284,
        "f1-score": 0.419550428867199,
        "support": 1163
    }
}