{
    "related-to": {
        "precision": 0.17499357499573379,
        "recall": 0.19914949410563446,
        "f1-score": 0.15787598436658046,
        "support": 414
    },
    "artifact": {
        "precision": 0.5355957855176869,
        "recall": 0.6676905204222278,
        "f1-score": 0.5626674120387634,
        "support": 635
    },
    "cause-effect": {
        "precision": 0.0,
        "recall": 0.0,
        "f1-score": 0.0,
        "support": 86
    },
    "compare": {
        "precision": 0.0,
        "recall": 0.0,
        "f1-score": 0.0,
        "support": 82
    },
    "general-affiliation": {
        "precision": 0.46569734606723107,
        "recall": 0.5274804163825543,
        "f1-score": 0.4637921071613071,
        "support": 1239
    },
    "named": {
        "precision": 0.638878042003042,
        "recall": 0.6977985606571894,
        "f1-score": 0.6496511592446369,
        "support": 558
    },
    "opposite": {
        "precision": 0.23095238095238094,
        "recall": 0.10259740259740259,
        "f1-score": 0.1253968253968254,
        "support": 128
    },
    "origin": {
        "precision": 0.3046998189287186,
        "recall": 0.2086536413622237,
        "f1-score": 0.24023884349465746,
        "support": 304
    },
    "part-of": {
        "precision": 0.3192635184659763,
        "recall": 0.27286192844019946,
        "f1-score": 0.2644128000751286,
        "support": 721
    },
    "physical": {
        "precision": 0.7422430537248363,
        "recall": 0.8951993934615284,
        "f1-score": 0.7963751876826404,
        "support": 1455
    },
    "role": {
        "precision": 0.6168318553103287,
        "recall": 0.574069066907632,
        "f1-score": 0.577915269095242,
        "support": 2006
    },
    "social": {
        "precision": 0.19467787114845936,
        "recall": 0.08528138528138528,
        "f1-score": 0.0960573476702509,
        "support": 105
    },
    "temporal": {
        "precision": 0.5052282446897708,
        "recall": 0.6869688548687201,
        "f1-score": 0.5201457706192835,
        "support": 408
    },
    "topic": {
        "precision": 0.2166666666666667,
        "recall": 0.030536130536130534,
        "f1-score": 0.05130718954248366,
        "support": 170
    },
    "type-of": {
        "precision": 0.49534161490683226,
        "recall": 0.2485455720749838,
        "f1-score": 0.3111151515151515,
        "support": 336
    },
    "usage": {
        "precision": 0.0,
        "recall": 0.0,
        "f1-score": 0.0,
        "support": 200
    },
    "win-defeat": {
        "precision": 0.4987262135596351,
        "recall": 0.4872008617932763,
        "f1-score": 0.4618895078299275,
        "support": 317
    },
    "micro avg": {
        "precision": 0.5525194923328748,
        "recall": 0.5264526807170307,
        "f1-score": 0.5388405000557701,
        "support": 9164
    },
    "macro avg": {
        "precision": 999999.0,
        "recall": 999999.0,
        "f1-score": 0.32861252458198564,
        "support": 9164
    },
    "weighted avg": {
        "precision": 0.5359873022069944,
        "recall": 0.5264526807170307,
        "f1-score": 0.5020925475064457,
        "support": 9164
    },
    "samples avg": {
        "precision": 0.5525194923328748,
        "recall": 0.5310878210068467,
        "f1-score": 0.5382057606001192,
        "support": 9164
    }
}