{"related-to": {"precision": 0.0, "recall": 0.0, "f1-score": 0.0, "support": 72}, "artifact": {"precision": 0.19675925925925927, "recall": 0.2833333333333333, "f1-score": 0.23224043715846995, "support": 300}, "cause-effect": {"precision": 0.0, "recall": 0.0, "f1-score": 0.0, "support": 1}, "compare": {"precision": 0.0, "recall": 0.0, "f1-score": 0.0, "support": 8}, "general-affiliation": {"precision": 0.23651452282157676, "recall": 0.17378048780487804, "f1-score": 0.20035149384885761, "support": 328}, "named": {"precision": 0.08163265306122448, "recall": 0.0425531914893617, "f1-score": 0.055944055944055944, "support": 94}, "opposite": {"precision": 0.0, "recall": 0.0, "f1-score": 0.0, "support": 14}, "origin": {"precision": 0.02127659574468085, "recall": 0.02127659574468085, "f1-score": 0.02127659574468085, "support": 47}, "part-of": {"precision": 0.08641975308641975, "recall": 0.07291666666666667, "f1-score": 0.0790960451977401, "support": 96}, "physical": {"precision": 0.08542713567839195, "recall": 0.09770114942528736, "f1-score": 0.09115281501340483, "support": 174}, "role": {"precision": 0.18156424581005587, "recall": 0.25691699604743085, "f1-score": 0.2127659574468085, "support": 253}, "social": {"precision": 0.0, "recall": 0.0, "f1-score": 0.0, "support": 47}, "temporal": {"precision": 0.02702702702702703, "recall": 0.034482758620689655, "f1-score": 0.030303030303030304, "support": 29}, "topic": {"precision": 0.0, "recall": 0.0, "f1-score": 0.0, "support": 42}, "type-of": {"precision": 0.07692307692307693, "recall": 0.05555555555555555, "f1-score": 0.06451612903225808, "support": 18}, "usage": {"precision": 0.0, "recall": 0.0, "f1-score": 0.0, "support": 2}, "win-defeat": {"precision": 0.04807692307692308, "recall": 0.05154639175257732, "f1-score": 0.04975124378109452, "support": 97}, "micro avg": {"precision": 0.15283018867924528, "recall": 0.1498150431565968, "f1-score": 0.15130759651307596, "support": 1622}, "macro avg": {"precision": 0.06127183485227271, "recall": 0.06412136037885066, "f1-score": 0.06102340020414122, "support": 1622}, "weighted avg": {"precision": 0.13637869509997003, "recall": 0.1498150431565968, "f1-score": 0.139208205069174, "support": 1622}, "samples avg": {"precision": 0.15283018867924528, "recall": 0.15125786163522012, "f1-score": 0.15178197064989515, "support": 1622}}