{"related-to": {"precision": 0.11764705882352941, "recall": 0.027777777777777776, "f1-score": 0.0449438202247191, "support": 72}, "artifact": {"precision": 0.20446096654275092, "recall": 0.18456375838926176, "f1-score": 0.19400352733686066, "support": 298}, "cause-effect": {"precision": 0.0, "recall": 0.0, "f1-score": 0.0, "support": 1}, "compare": {"precision": 0.0, "recall": 0.0, "f1-score": 0.0, "support": 8}, "general-affiliation": {"precision": 0.1935483870967742, "recall": 0.036036036036036036, "f1-score": 0.060759493670886074, "support": 333}, "named": {"precision": 0.06666666666666667, "recall": 0.043010752688172046, "f1-score": 0.05228758169934641, "support": 93}, "opposite": {"precision": 0.0, "recall": 0.0, "f1-score": 0.0, "support": 14}, "origin": {"precision": 0.014705882352941176, "recall": 0.02127659574468085, "f1-score": 0.017391304347826087, "support": 47}, "part-of": {"precision": 0.07829181494661921, "recall": 0.23404255319148937, "f1-score": 0.11733333333333335, "support": 94}, "physical": {"precision": 0.1016949152542373, "recall": 0.10344827586206896, "f1-score": 0.10256410256410257, "support": 174}, "role": {"precision": 0.15229357798165138, "recall": 0.332, "f1-score": 0.2088050314465409, "support": 250}, "social": {"precision": 0.0, "recall": 0.0, "f1-score": 0.0, "support": 47}, "temporal": {"precision": 0.02857142857142857, "recall": 0.034482758620689655, "f1-score": 0.03125, "support": 29}, "topic": {"precision": 0.0, "recall": 0.0, "f1-score": 0.0, "support": 43}, "type-of": {"precision": 0.0625, "recall": 0.05555555555555555, "f1-score": 0.058823529411764705, "support": 18}, "usage": {"precision": 0.0, "recall": 0.0, "f1-score": 0.0, "support": 2}, "win-defeat": {"precision": 0.04081632653061224, "recall": 0.02040816326530612, "f1-score": 0.027210884353741492, "support": 98}, "micro avg": {"precision": 0.12649465072372562, "recall": 0.12399753238741518, "f1-score": 0.1252336448598131, "support": 1621}, "macro avg": {"precision": 0.06242335439807126, "recall": 0.06427071924300225, "f1-score": 0.05384544755230126, "support": 1621}, "weighted avg": {"precision": 0.1294411211733817, "recall": 0.12399753238741518, "f1-score": 0.10652099891089276, "support": 1621}, "samples avg": {"precision": 0.12649465072372562, "recall": 0.12292846654080133, "f1-score": 0.12408223201174742, "support": 1621}}