{"related-to": {"precision": 0.0, "recall": 0.0, "f1-score": 0.0, "support": 6}, "artifact": {"precision": 0.0, "recall": 0.0, "f1-score": 0.0, "support": 0}, "cause-effect": {"precision": 0.0, "recall": 0.0, "f1-score": 0.0, "support": 0}, "compare": {"precision": 0.0, "recall": 0.0, "f1-score": 0.0, "support": 0}, "general-affiliation": {"precision": 0.0, "recall": 0.0, "f1-score": 0.0, "support": 10}, "named": {"precision": 0.0, "recall": 0.0, "f1-score": 0.0, "support": 4}, "opposite": {"precision": 0.0, "recall": 0.0, "f1-score": 0.0, "support": 39}, "origin": {"precision": 0.0, "recall": 0.0, "f1-score": 0.0, "support": 0}, "part-of": {"precision": 0.08695652173913043, "recall": 0.07142857142857142, "f1-score": 0.0784313725490196, "support": 28}, "physical": {"precision": 0.33472803347280333, "recall": 0.6201550387596899, "f1-score": 0.43478260869565216, "support": 129}, "role": {"precision": 0.40404040404040403, "recall": 0.2777777777777778, "f1-score": 0.3292181069958848, "support": 144}, "social": {"precision": 0.0, "recall": 0.0, "f1-score": 0.0, "support": 0}, "temporal": {"precision": 0.0, "recall": 0.0, "f1-score": 0.0, "support": 1}, "topic": {"precision": 0.0, "recall": 0.0, "f1-score": 0.0, "support": 0}, "type-of": {"precision": 0.0, "recall": 0.0, "f1-score": 0.0, "support": 0}, "usage": {"precision": 0.0, "recall": 0.0, "f1-score": 0.0, "support": 0}, "win-defeat": {"precision": 0.0, "recall": 0.0, "f1-score": 0.0, "support": 35}, "micro avg": {"precision": 0.30808080808080807, "recall": 0.30808080808080807, "f1-score": 0.30808080808080807, "support": 396}, "macro avg": {"precision": 0.048572056426608105, "recall": 0.057021258115649356, "f1-score": 0.04955482872003274, "support": 396}, "weighted avg": {"precision": 0.2621124169406704, "recall": 0.30808080808080807, "f1-score": 0.2668950564659573, "support": 396}, "samples avg": {"precision": 0.30808080808080807, "recall": 0.30808080808080807, "f1-score": 0.30808080808080807, "support": 396}}