{"related-to": {"precision": 0.10185185185185185, "recall": 0.1746031746031746, "f1-score": 0.1286549707602339, "support": 126}, "artifact": {"precision": 0.0, "recall": 0.0, "f1-score": 0.0, "support": 29}, "cause-effect": {"precision": 0.0, "recall": 0.0, "f1-score": 0.0, "support": 76}, "compare": {"precision": 0.0, "recall": 0.0, "f1-score": 0.0, "support": 39}, "general-affiliation": {"precision": 0.028846153846153848, "recall": 0.04054054054054054, "f1-score": 0.033707865168539325, "support": 74}, "named": {"precision": 0.07526881720430108, "recall": 0.1308411214953271, "f1-score": 0.0955631399317406, "support": 107}, "opposite": {"precision": 0.0, "recall": 0.0, "f1-score": 0.0, "support": 5}, "origin": {"precision": 0.13043478260869565, "recall": 0.03260869565217391, "f1-score": 0.05217391304347826, "support": 92}, "part-of": {"precision": 0.05864197530864197, "recall": 0.20652173913043478, "f1-score": 0.09134615384615384, "support": 92}, "physical": {"precision": 0.13580246913580246, "recall": 0.09777777777777778, "f1-score": 0.11369509043927647, "support": 225}, "role": {"precision": 0.15517241379310345, "recall": 0.1245674740484429, "f1-score": 0.13819577735124758, "support": 289}, "social": {"precision": 0.0, "recall": 0.0, "f1-score": 0.0, "support": 14}, "temporal": {"precision": 0.0, "recall": 0.0, "f1-score": 0.0, "support": 26}, "topic": {"precision": 0.0, "recall": 0.0, "f1-score": 0.0, "support": 65}, "type-of": {"precision": 0.1, "recall": 0.008547008547008548, "f1-score": 0.015748031496062995, "support": 117}, "usage": {"precision": 0.0, "recall": 0.0, "f1-score": 0.0, "support": 24}, "win-defeat": {"precision": 0.0, "recall": 0.0, "f1-score": 0.0, "support": 44}, "micro avg": {"precision": 0.08626887131560029, "recall": 0.08310249307479224, "f1-score": 0.08465608465608467, "support": 1444}, "macro avg": {"precision": 0.046236380220502964, "recall": 0.04800044304675765, "f1-score": 0.03935793776686665, "support": 1444}, "weighted avg": {"precision": 0.08830828049097399, "recall": 0.08310249307479224, "f1-score": 0.075828604676725, "support": 1444}, "samples avg": {"precision": 0.08626887131560029, "recall": 0.08159597411933861, "f1-score": 0.08315360651809249, "support": 1444}}