{"related-to": {"precision": 0.0, "recall": 0.0, "f1-score": 0.0, "support": 76}, "artifact": {"precision": 0.0, "recall": 0.0, "f1-score": 0.0, "support": 2}, "cause-effect": {"precision": 0.0, "recall": 0.0, "f1-score": 0.0, "support": 0}, "compare": {"precision": 0.0, "recall": 0.0, "f1-score": 0.0, "support": 6}, "general-affiliation": {"precision": 0.03896103896103896, "recall": 0.0967741935483871, "f1-score": 0.05555555555555556, "support": 31}, "named": {"precision": 0.06422018348623854, "recall": 0.1076923076923077, "f1-score": 0.08045977011494253, "support": 130}, "opposite": {"precision": 0.06666666666666667, "recall": 0.018867924528301886, "f1-score": 0.029411764705882353, "support": 53}, "origin": {"precision": 0.0, "recall": 0.0, "f1-score": 0.0, "support": 55}, "part-of": {"precision": 0.027777777777777776, "recall": 0.02564102564102564, "f1-score": 0.026666666666666665, "support": 117}, "physical": {"precision": 0.23174603174603176, "recall": 0.3569682151589242, "f1-score": 0.2810394610202117, "support": 409}, "role": {"precision": 0.4591194968553459, "recall": 0.2622754491017964, "f1-score": 0.33384146341463417, "support": 835}, "social": {"precision": 0.0, "recall": 0.0, "f1-score": 0.0, "support": 21}, "temporal": {"precision": 0.1566265060240964, "recall": 0.1270358306188925, "f1-score": 0.14028776978417265, "support": 307}, "topic": {"precision": 0.0, "recall": 0.0, "f1-score": 0.0, "support": 13}, "type-of": {"precision": 0.0, "recall": 0.0, "f1-score": 0.0, "support": 28}, "usage": {"precision": 0.0, "recall": 0.0, "f1-score": 0.0, "support": 0}, "win-defeat": {"precision": 0.0, "recall": 0.0, "f1-score": 0.0, "support": 41}, "micro avg": {"precision": 0.23211359912616056, "recall": 0.20009416195856874, "f1-score": 0.21491782553729458, "support": 2124}, "macro avg": {"precision": 0.06147751185395272, "recall": 0.05854440860527267, "f1-score": 0.05572132066247444, "support": 2124}, "weighted avg": {"precision": 0.2554486787203743, "recall": 0.20009416195856874, "f1-score": 0.21357435155310905, "support": 2124}, "samples avg": {"precision": 0.23211359912616056, "recall": 0.2020753686510104, "f1-score": 0.2120881121427271, "support": 2124}}