{
    "related-to": {
        "precision": 0.3125,
        "recall": 0.06578947368421052,
        "f1-score": 0.10869565217391304,
        "support": 76
    },
    "artifact": {
        "precision": 0.11764705882352941,
        "recall": 1.0,
        "f1-score": 0.21052631578947367,
        "support": 2
    },
    "cause-effect": {
        "precision": 0.0,
        "recall": 0.0,
        "f1-score": 0.0,
        "support": 0
    },
    "compare": {
        "precision": 0.0,
        "recall": 0.0,
        "f1-score": 0.0,
        "support": 6
    },
    "general-affiliation": {
        "precision": 0.2535211267605634,
        "recall": 0.5806451612903226,
        "f1-score": 0.35294117647058826,
        "support": 31
    },
    "named": {
        "precision": 0.7214285714285714,
        "recall": 0.7769230769230769,
        "f1-score": 0.7481481481481482,
        "support": 130
    },
    "opposite": {
        "precision": 0.5,
        "recall": 0.03773584905660377,
        "f1-score": 0.07017543859649122,
        "support": 53
    },
    "origin": {
        "precision": 0.26666666666666666,
        "recall": 0.07272727272727272,
        "f1-score": 0.1142857142857143,
        "support": 55
    },
    "part-of": {
        "precision": 0.3194444444444444,
        "recall": 0.19658119658119658,
        "f1-score": 0.24338624338624337,
        "support": 117
    },
    "physical": {
        "precision": 0.6695957820738138,
        "recall": 0.9315403422982885,
        "f1-score": 0.7791411042944785,
        "support": 409
    },
    "role": {
        "precision": 0.6736842105263158,
        "recall": 0.5365269461077844,
        "f1-score": 0.5973333333333334,
        "support": 835
    },
    "social": {
        "precision": 1.0,
        "recall": 0.19047619047619047,
        "f1-score": 0.32,
        "support": 21
    },
    "temporal": {
        "precision": 0.8658008658008658,
        "recall": 0.6514657980456026,
        "f1-score": 0.7434944237918216,
        "support": 307
    },
    "topic": {
        "precision": 0.25,
        "recall": 0.07692307692307693,
        "f1-score": 0.11764705882352941,
        "support": 13
    },
    "type-of": {
        "precision": 0.3157894736842105,
        "recall": 0.21428571428571427,
        "f1-score": 0.2553191489361702,
        "support": 28
    },
    "usage": {
        "precision": 0.0,
        "recall": 0.0,
        "f1-score": 0.0,
        "support": 0
    },
    "win-defeat": {
        "precision": 0.0,
        "recall": 0.0,
        "f1-score": 0.0,
        "support": 41
    },
    "micro avg": {
        "precision": 0.6526488257782632,
        "recall": 0.562617702448211,
        "f1-score": 0.6042983565107458,
        "support": 2124
    },
    "macro avg": {
        "precision": 999999,
        "recall": 999999,
        "f1-score": 0.3107395838686603,
        "support": 2124
    },
    "weighted avg": {
        "precision": 0.630628903823584,
        "recall": 0.562617702448211,
        "f1-score": 0.5727197466868859,
        "support": 2124
    },
    "samples avg": {
        "precision": 0.6526488257782632,
        "recall": 0.5824685963954124,
        "f1-score": 0.6058620061896961,
        "support": 2124
    }
}