{
    "related-to": {
        "precision": 0.32081911262798635,
        "recall": 0.746031746031746,
        "f1-score": 0.44868735083532224,
        "support": 126
    },
    "artifact": {
        "precision": 0.24,
        "recall": 0.18181818181818182,
        "f1-score": 0.20689655172413793,
        "support": 33
    },
    "cause-effect": {
        "precision": 0.0,
        "recall": 0.0,
        "f1-score": 0.0,
        "support": 76
    },
    "compare": {
        "precision": 0.5384615384615384,
        "recall": 0.1794871794871795,
        "f1-score": 0.2692307692307692,
        "support": 39
    },
    "general-affiliation": {
        "precision": 0.33962264150943394,
        "recall": 0.2465753424657534,
        "f1-score": 0.2857142857142857,
        "support": 73
    },
    "named": {
        "precision": 0.43661971830985913,
        "recall": 0.5740740740740741,
        "f1-score": 0.49599999999999994,
        "support": 108
    },
    "opposite": {
        "precision": 0.0,
        "recall": 0.0,
        "f1-score": 0.0,
        "support": 5
    },
    "origin": {
        "precision": 0.46774193548387094,
        "recall": 0.30851063829787234,
        "f1-score": 0.3717948717948718,
        "support": 94
    },
    "part-of": {
        "precision": 0.20430107526881722,
        "recall": 0.4222222222222222,
        "f1-score": 0.2753623188405797,
        "support": 90
    },
    "physical": {
        "precision": 0.678714859437751,
        "recall": 0.7544642857142857,
        "f1-score": 0.7145877378435518,
        "support": 224
    },
    "role": {
        "precision": 0.3525423728813559,
        "recall": 0.36363636363636365,
        "f1-score": 0.35800344234079173,
        "support": 286
    },
    "social": {
        "precision": 0.0,
        "recall": 0.0,
        "f1-score": 0.0,
        "support": 14
    },
    "temporal": {
        "precision": 0.0,
        "recall": 0.0,
        "f1-score": 0.0,
        "support": 26
    },
    "topic": {
        "precision": 0.9666666666666667,
        "recall": 0.4393939393939394,
        "f1-score": 0.6041666666666667,
        "support": 66
    },
    "type-of": {
        "precision": 0.6666666666666666,
        "recall": 0.017094017094017096,
        "f1-score": 0.03333333333333333,
        "support": 117
    },
    "usage": {
        "precision": 0.0,
        "recall": 0.0,
        "f1-score": 0.0,
        "support": 24
    },
    "win-defeat": {
        "precision": 0.7368421052631579,
        "recall": 0.6363636363636364,
        "f1-score": 0.6829268292682926,
        "support": 44
    },
    "micro avg": {
        "precision": 0.4209770114942529,
        "recall": 0.4055363321799308,
        "f1-score": 0.41311244272118436,
        "support": 1445
    },
    "macro avg": {
        "precision": 999999,
        "recall": 999999,
        "f1-score": 0.27921789162309424,
        "support": 1445
    },
    "weighted avg": {
        "precision": 0.43648839383955723,
        "recall": 0.4055363321799308,
        "f1-score": 0.3766775641438665,
        "support": 1445
    },
    "samples avg": {
        "precision": 0.4209770114942529,
        "recall": 0.40373563218390807,
        "f1-score": 0.40948275862068967,
        "support": 1445
    }
}