{"related-to": {"precision": 0.0, "recall": 0.0, "f1-score": 0.0, "support": 76}, "artifact": {"precision": 0.0, "recall": 0.0, "f1-score": 0.0, "support": 2}, "cause-effect": {"precision": 0.0, "recall": 0.0, "f1-score": 0.0, "support": 0}, "compare": {"precision": 0.0, "recall": 0.0, "f1-score": 0.0, "support": 6}, "general-affiliation": {"precision": 0.008333333333333333, "recall": 0.03225806451612903, "f1-score": 0.013245033112582783, "support": 31}, "named": {"precision": 0.06875, "recall": 0.08461538461538462, "f1-score": 0.07586206896551724, "support": 130}, "opposite": {"precision": 0.0, "recall": 0.0, "f1-score": 0.0, "support": 53}, "origin": {"precision": 0.03125, "recall": 0.01818181818181818, "f1-score": 0.022988505747126436, "support": 55}, "part-of": {"precision": 0.05925925925925926, "recall": 0.06837606837606838, "f1-score": 0.06349206349206349, "support": 117}, "physical": {"precision": 0.18867924528301888, "recall": 0.24449877750611246, "f1-score": 0.21299254526091588, "support": 409}, "role": {"precision": 0.46254071661237783, "recall": 0.3401197604790419, "f1-score": 0.39199447895100065, "support": 835}, "social": {"precision": 0.0, "recall": 0.0, "f1-score": 0.0, "support": 21}, "temporal": {"precision": 0.14285714285714285, "recall": 0.09446254071661238, "f1-score": 0.11372549019607843, "support": 307}, "topic": {"precision": 0.0, "recall": 0.0, "f1-score": 0.0, "support": 13}, "type-of": {"precision": 0.0, "recall": 0.0, "f1-score": 0.0, "support": 28}, "usage": {"precision": 0.0, "recall": 0.0, "f1-score": 0.0, "support": 0}, "win-defeat": {"precision": 0.0, "recall": 0.0, "f1-score": 0.0, "support": 41}, "micro avg": {"precision": 0.23702894593118515, "recall": 0.20433145009416195, "f1-score": 0.2194690265486726, "support": 2124}, "macro avg": {"precision": 0.056568805726184244, "recall": 0.0519124949641863, "f1-score": 0.052605893277957935, "support": 2124}, "weighted avg": {"precision": 0.2472205128135121, "recall": 0.20433145009416195, "f1-score": 0.22048430822159457, "support": 2124}, "samples avg": {"precision": 0.23702894593118515, "recall": 0.2026215182960131, "f1-score": 0.21409066084107045, "support": 2124}}