{
    "related-to": {
        "precision": 0.09090909090909091,
        "recall": 0.013157894736842105,
        "f1-score": 0.022988505747126436,
        "support": 76
    },
    "artifact": {
        "precision": 0.6666666666666666,
        "recall": 1.0,
        "f1-score": 0.8,
        "support": 2
    },
    "cause-effect": {
        "precision": 0.0,
        "recall": 0.0,
        "f1-score": 0.0,
        "support": 0
    },
    "compare": {
        "precision": 0.0,
        "recall": 0.0,
        "f1-score": 0.0,
        "support": 6
    },
    "general-affiliation": {
        "precision": 0.26595744680851063,
        "recall": 0.8064516129032258,
        "f1-score": 0.4,
        "support": 31
    },
    "named": {
        "precision": 0.7698412698412699,
        "recall": 0.7461538461538462,
        "f1-score": 0.7578125000000001,
        "support": 130
    },
    "opposite": {
        "precision": 0.2,
        "recall": 0.018867924528301886,
        "f1-score": 0.034482758620689655,
        "support": 53
    },
    "origin": {
        "precision": 0.4666666666666667,
        "recall": 0.2545454545454545,
        "f1-score": 0.32941176470588235,
        "support": 55
    },
    "part-of": {
        "precision": 0.24375,
        "recall": 0.3333333333333333,
        "f1-score": 0.2815884476534296,
        "support": 117
    },
    "physical": {
        "precision": 0.6266447368421053,
        "recall": 0.9315403422982885,
        "f1-score": 0.7492625368731564,
        "support": 409
    },
    "role": {
        "precision": 0.7280858676207513,
        "recall": 0.4874251497005988,
        "f1-score": 0.5839311334289813,
        "support": 835
    },
    "social": {
        "precision": 0.0,
        "recall": 0.0,
        "f1-score": 0.0,
        "support": 21
    },
    "temporal": {
        "precision": 0.8779342723004695,
        "recall": 0.6091205211726385,
        "f1-score": 0.7192307692307692,
        "support": 307
    },
    "topic": {
        "precision": 1.0,
        "recall": 0.07692307692307693,
        "f1-score": 0.14285714285714288,
        "support": 13
    },
    "type-of": {
        "precision": 0.46153846153846156,
        "recall": 0.21428571428571427,
        "f1-score": 0.2926829268292683,
        "support": 28
    },
    "usage": {
        "precision": 0.0,
        "recall": 0.0,
        "f1-score": 0.0,
        "support": 0
    },
    "win-defeat": {
        "precision": 0.5,
        "recall": 0.024390243902439025,
        "f1-score": 0.046511627906976744,
        "support": 41
    },
    "micro avg": {
        "precision": 0.6346258874931732,
        "recall": 0.5470809792843692,
        "f1-score": 0.5876106194690266,
        "support": 2124
    },
    "macro avg": {
        "precision": 999999,
        "recall": 999999,
        "f1-score": 0.3440506742568949,
        "support": 2124
    },
    "weighted avg": {
        "precision": 0.6410311592234413,
        "recall": 0.5470809792843692,
        "f1-score": 0.5621223139259265,
        "support": 2124
    },
    "samples avg": {
        "precision": 0.6346258874931732,
        "recall": 0.565811032222829,
        "f1-score": 0.5887493173129438,
        "support": 2124
    }
}