{
    "related-to": {
        "precision": 0.375,
        "recall": 0.039473684210526314,
        "f1-score": 0.07142857142857142,
        "support": 76
    },
    "artifact": {
        "precision": 0.5,
        "recall": 1.0,
        "f1-score": 0.6666666666666666,
        "support": 2
    },
    "cause-effect": {
        "precision": 0.0,
        "recall": 0.0,
        "f1-score": 0.0,
        "support": 0
    },
    "compare": {
        "precision": 0.0,
        "recall": 0.0,
        "f1-score": 0.0,
        "support": 6
    },
    "general-affiliation": {
        "precision": 0.3,
        "recall": 0.6774193548387096,
        "f1-score": 0.4158415841584159,
        "support": 31
    },
    "named": {
        "precision": 0.6089385474860335,
        "recall": 0.8384615384615385,
        "f1-score": 0.7055016181229774,
        "support": 130
    },
    "opposite": {
        "precision": 0.34782608695652173,
        "recall": 0.1509433962264151,
        "f1-score": 0.2105263157894737,
        "support": 53
    },
    "origin": {
        "precision": 0.3,
        "recall": 0.10909090909090909,
        "f1-score": 0.16,
        "support": 55
    },
    "part-of": {
        "precision": 0.3181818181818182,
        "recall": 0.11965811965811966,
        "f1-score": 0.17391304347826086,
        "support": 117
    },
    "physical": {
        "precision": 0.6550522648083623,
        "recall": 0.9193154034229829,
        "f1-score": 0.7650050864699898,
        "support": 409
    },
    "role": {
        "precision": 0.6936507936507936,
        "recall": 0.5233532934131736,
        "f1-score": 0.5965870307167235,
        "support": 835
    },
    "social": {
        "precision": 1.0,
        "recall": 0.23809523809523808,
        "f1-score": 0.3846153846153846,
        "support": 21
    },
    "temporal": {
        "precision": 0.8730769230769231,
        "recall": 0.739413680781759,
        "f1-score": 0.8007054673721341,
        "support": 307
    },
    "topic": {
        "precision": 0.0,
        "recall": 0.0,
        "f1-score": 0.0,
        "support": 13
    },
    "type-of": {
        "precision": 0.46153846153846156,
        "recall": 0.21428571428571427,
        "f1-score": 0.2926829268292683,
        "support": 28
    },
    "usage": {
        "precision": 0.0,
        "recall": 0.0,
        "f1-score": 0.0,
        "support": 0
    },
    "win-defeat": {
        "precision": 0.0,
        "recall": 0.0,
        "f1-score": 0.0,
        "support": 41
    },
    "micro avg": {
        "precision": 0.6630256690333152,
        "recall": 0.571563088512241,
        "f1-score": 0.6139064475347661,
        "support": 2124
    },
    "macro avg": {
        "precision": 999999,
        "recall": 999999,
        "f1-score": 0.3495649130431911,
        "support": 2124
    },
    "weighted avg": {
        "precision": 0.6305068492570046,
        "recall": 0.571563088512241,
        "f1-score": 0.5766477399136908,
        "support": 2124
    },
    "samples avg": {
        "precision": 0.6630256690333152,
        "recall": 0.5901146914254506,
        "f1-score": 0.614418350628072,
        "support": 2124
    }
}