{"related-to": {"precision": 0.13157894736842105, "recall": 0.1388888888888889, "f1-score": 0.13513513513513511, "support": 108}, "artifact": {"precision": 0.03125, "recall": 0.04878048780487805, "f1-score": 0.0380952380952381, "support": 41}, "cause-effect": {"precision": 0.0, "recall": 0.0, "f1-score": 0.0, "support": 5}, "compare": {"precision": 0.0, "recall": 0.0, "f1-score": 0.0, "support": 24}, "general-affiliation": {"precision": 0.09649122807017543, "recall": 0.14666666666666667, "f1-score": 0.1164021164021164, "support": 75}, "named": {"precision": 0.17452830188679244, "recall": 0.26618705035971224, "f1-score": 0.2108262108262108, "support": 139}, "opposite": {"precision": 0.0, "recall": 0.0, "f1-score": 0.0, "support": 11}, "origin": {"precision": 0.08888888888888889, "recall": 0.0449438202247191, "f1-score": 0.059701492537313425, "support": 89}, "part-of": {"precision": 0.22018348623853212, "recall": 0.3364485981308411, "f1-score": 0.266173752310536, "support": 214}, "physical": {"precision": 0.12280701754385964, "recall": 0.13725490196078433, "f1-score": 0.12962962962962962, "support": 102}, "role": {"precision": 0.11016949152542373, "recall": 0.11926605504587157, "f1-score": 0.11453744493392072, "support": 109}, "social": {"precision": 0.0, "recall": 0.0, "f1-score": 0.0, "support": 1}, "temporal": {"precision": 0.0, "recall": 0.0, "f1-score": 0.0, "support": 21}, "topic": {"precision": 0.0, "recall": 0.0, "f1-score": 0.0, "support": 41}, "type-of": {"precision": 0.0, "recall": 0.0, "f1-score": 0.0, "support": 54}, "usage": {"precision": 0.0, "recall": 0.0, "f1-score": 0.0, "support": 122}, "win-defeat": {"precision": 0.0, "recall": 0.0, "f1-score": 0.0, "support": 7}, "micro avg": {"precision": 0.14906832298136646, "recall": 0.14445399828030955, "f1-score": 0.14672489082969434, "support": 1163}, "macro avg": {"precision": 0.057405727148358426, "recall": 0.07284920406366835, "f1-score": 0.06297064822765296, "support": 1163}, "weighted avg": {"precision": 0.10881618221428946, "recall": 0.14445399828030955, "f1-score": 0.1222467076025766, "support": 1163}, "samples avg": {"precision": 0.14906832298136646, "recall": 0.14359656906240756, "f1-score": 0.14537119195504286, "support": 1163}}