{
    "related-to": {
        "precision": 0.2012987012987013,
        "recall": 0.28703703703703703,
        "f1-score": 0.2366412213740458,
        "support": 108
    },
    "artifact": {
        "precision": 0.5636363636363636,
        "recall": 0.7560975609756098,
        "f1-score": 0.6458333333333333,
        "support": 41
    },
    "cause-effect": {
        "precision": 0.0,
        "recall": 0.0,
        "f1-score": 0.0,
        "support": 5
    },
    "compare": {
        "precision": 0.0,
        "recall": 0.0,
        "f1-score": 0.0,
        "support": 24
    },
    "general-affiliation": {
        "precision": 0.10526315789473684,
        "recall": 0.32,
        "f1-score": 0.15841584158415842,
        "support": 75
    },
    "named": {
        "precision": 0.5583756345177665,
        "recall": 0.7913669064748201,
        "f1-score": 0.6547619047619047,
        "support": 139
    },
    "opposite": {
        "precision": 0.3333333333333333,
        "recall": 0.09090909090909091,
        "f1-score": 0.14285714285714288,
        "support": 11
    },
    "origin": {
        "precision": 0.5121951219512195,
        "recall": 0.23595505617977527,
        "f1-score": 0.3230769230769231,
        "support": 89
    },
    "part-of": {
        "precision": 0.4639175257731959,
        "recall": 0.4205607476635514,
        "f1-score": 0.4411764705882353,
        "support": 214
    },
    "physical": {
        "precision": 0.753968253968254,
        "recall": 0.9313725490196079,
        "f1-score": 0.8333333333333333,
        "support": 102
    },
    "role": {
        "precision": 0.6052631578947368,
        "recall": 0.6330275229357798,
        "f1-score": 0.6188340807174889,
        "support": 109
    },
    "social": {
        "precision": 0.0,
        "recall": 0.0,
        "f1-score": 0.0,
        "support": 1
    },
    "temporal": {
        "precision": 0.16666666666666666,
        "recall": 0.047619047619047616,
        "f1-score": 0.07407407407407407,
        "support": 21
    },
    "topic": {
        "precision": 0.0,
        "recall": 0.0,
        "f1-score": 0.0,
        "support": 41
    },
    "type-of": {
        "precision": 0.0,
        "recall": 0.0,
        "f1-score": 0.0,
        "support": 54
    },
    "usage": {
        "precision": 0.0,
        "recall": 0.0,
        "f1-score": 0.0,
        "support": 122
    },
    "win-defeat": {
        "precision": 0.8333333333333334,
        "recall": 0.7142857142857143,
        "f1-score": 0.7692307692307692,
        "support": 7
    },
    "micro avg": {
        "precision": 0.4241348713398403,
        "recall": 0.411006018916595,
        "f1-score": 0.41746724890829695,
        "support": 1163
    },
    "macro avg": {
        "precision": 999999,
        "recall": 999999,
        "f1-score": 0.28813147617243584,
        "support": 1163
    },
    "weighted avg": {
        "precision": 0.37067967598782126,
        "recall": 0.411006018916595,
        "f1-score": 0.3775233332977769,
        "support": 1163
    },
    "samples avg": {
        "precision": 0.4241348713398403,
        "recall": 0.4124519372966578,
        "f1-score": 0.4162969535640343,
        "support": 1163
    }
}