{
    "related-to": {
        "precision": 0.2804878048780488,
        "recall": 0.21296296296296297,
        "f1-score": 0.24210526315789474,
        "support": 108
    },
    "artifact": {
        "precision": 0.6388888888888888,
        "recall": 0.5609756097560976,
        "f1-score": 0.5974025974025975,
        "support": 41
    },
    "cause-effect": {
        "precision": 0.0,
        "recall": 0.0,
        "f1-score": 0.0,
        "support": 5
    },
    "compare": {
        "precision": 0.0,
        "recall": 0.0,
        "f1-score": 0.0,
        "support": 24
    },
    "general-affiliation": {
        "precision": 0.12393162393162394,
        "recall": 0.38666666666666666,
        "f1-score": 0.18770226537216825,
        "support": 75
    },
    "named": {
        "precision": 0.7851851851851852,
        "recall": 0.762589928057554,
        "f1-score": 0.7737226277372262,
        "support": 139
    },
    "opposite": {
        "precision": 0.5,
        "recall": 0.09090909090909091,
        "f1-score": 0.15384615384615385,
        "support": 11
    },
    "origin": {
        "precision": 0.5833333333333334,
        "recall": 0.39325842696629215,
        "f1-score": 0.46979865771812085,
        "support": 89
    },
    "part-of": {
        "precision": 0.3426791277258567,
        "recall": 0.514018691588785,
        "f1-score": 0.41121495327102797,
        "support": 214
    },
    "physical": {
        "precision": 0.7377049180327869,
        "recall": 0.8823529411764706,
        "f1-score": 0.8035714285714285,
        "support": 102
    },
    "role": {
        "precision": 0.5284552845528455,
        "recall": 0.5963302752293578,
        "f1-score": 0.5603448275862067,
        "support": 109
    },
    "social": {
        "precision": 0.0,
        "recall": 0.0,
        "f1-score": 0.0,
        "support": 1
    },
    "temporal": {
        "precision": 0.125,
        "recall": 0.047619047619047616,
        "f1-score": 0.06896551724137931,
        "support": 21
    },
    "topic": {
        "precision": 0.0,
        "recall": 0.0,
        "f1-score": 0.0,
        "support": 41
    },
    "type-of": {
        "precision": 0.0,
        "recall": 0.0,
        "f1-score": 0.0,
        "support": 54
    },
    "usage": {
        "precision": 0.0,
        "recall": 0.0,
        "f1-score": 0.0,
        "support": 122
    },
    "win-defeat": {
        "precision": 1.0,
        "recall": 0.14285714285714285,
        "f1-score": 0.25,
        "support": 7
    },
    "micro avg": {
        "precision": 0.42945874001774625,
        "recall": 0.41616509028374893,
        "f1-score": 0.42270742358078606,
        "support": 1163
    },
    "macro avg": {
        "precision": 999999,
        "recall": 999999,
        "f1-score": 0.26580437011201197,
        "support": 1163
    },
    "weighted avg": {
        "precision": 0.38533556970119576,
        "recall": 0.41616509028374893,
        "f1-score": 0.38693940334085797,
        "support": 1163
    },
    "samples avg": {
        "precision": 0.42945874001774625,
        "recall": 0.4191067731440402,
        "f1-score": 0.4225081336882579,
        "support": 1163
    }
}