{
    "related-to": {
        "precision": 0.09523809523809523,
        "recall": 0.027777777777777776,
        "f1-score": 0.043010752688172046,
        "support": 72
    },
    "artifact": {
        "precision": 0.8163265306122449,
        "recall": 0.9333333333333333,
        "f1-score": 0.8709175738724728,
        "support": 300
    },
    "cause-effect": {
        "precision": 0.0,
        "recall": 0.0,
        "f1-score": 0.0,
        "support": 1
    },
    "compare": {
        "precision": 0.0,
        "recall": 0.0,
        "f1-score": 0.0,
        "support": 8
    },
    "general-affiliation": {
        "precision": 0.8153409090909091,
        "recall": 0.875,
        "f1-score": 0.8441176470588234,
        "support": 328
    },
    "named": {
        "precision": 0.36054421768707484,
        "recall": 0.5638297872340425,
        "f1-score": 0.4398340248962656,
        "support": 94
    },
    "opposite": {
        "precision": 0.0,
        "recall": 0.0,
        "f1-score": 0.0,
        "support": 14
    },
    "origin": {
        "precision": 0.0,
        "recall": 0.0,
        "f1-score": 0.0,
        "support": 47
    },
    "part-of": {
        "precision": 0.3103448275862069,
        "recall": 0.09375,
        "f1-score": 0.14400000000000002,
        "support": 96
    },
    "physical": {
        "precision": 0.7319587628865979,
        "recall": 0.8160919540229885,
        "f1-score": 0.7717391304347826,
        "support": 174
    },
    "role": {
        "precision": 0.6346863468634686,
        "recall": 0.6798418972332015,
        "f1-score": 0.6564885496183206,
        "support": 253
    },
    "social": {
        "precision": 0.43859649122807015,
        "recall": 0.5319148936170213,
        "f1-score": 0.4807692307692307,
        "support": 47
    },
    "temporal": {
        "precision": 0.35135135135135137,
        "recall": 0.4482758620689655,
        "f1-score": 0.393939393939394,
        "support": 29
    },
    "topic": {
        "precision": 0.09090909090909091,
        "recall": 0.023809523809523808,
        "f1-score": 0.03773584905660377,
        "support": 42
    },
    "type-of": {
        "precision": 0.8888888888888888,
        "recall": 0.4444444444444444,
        "f1-score": 0.5925925925925926,
        "support": 18
    },
    "usage": {
        "precision": 0.0,
        "recall": 0.0,
        "f1-score": 0.0,
        "support": 2
    },
    "win-defeat": {
        "precision": 0.6610169491525424,
        "recall": 0.8041237113402062,
        "f1-score": 0.7255813953488373,
        "support": 97
    },
    "micro avg": {
        "precision": 0.6729559748427673,
        "recall": 0.6596794081381011,
        "f1-score": 0.6662515566625156,
        "support": 1622
    },
    "macro avg": {
        "precision": 999999,
        "recall": 999999,
        "f1-score": 0.3529838906044409,
        "support": 1622
    },
    "weighted avg": {
        "precision": 0.6076126392078347,
        "recall": 0.6596794081381011,
        "f1-score": 0.6248080201147954,
        "support": 1622
    },
    "samples avg": {
        "precision": 0.6729559748427673,
        "recall": 0.6653039832285116,
        "f1-score": 0.6678197064989517,
        "support": 1622
    }
}