{
    "related-to": {
        "precision": 0.5,
        "recall": 0.038461538461538464,
        "f1-score": 0.07142857142857144,
        "support": 26
    },
    "artifact": {
        "precision": 0.7250755287009063,
        "recall": 0.9266409266409267,
        "f1-score": 0.8135593220338982,
        "support": 259
    },
    "cause-effect": {
        "precision": 0.0,
        "recall": 0.0,
        "f1-score": 0.0,
        "support": 4
    },
    "compare": {
        "precision": 0.0,
        "recall": 0.0,
        "f1-score": 0.0,
        "support": 5
    },
    "general-affiliation": {
        "precision": 0.745958429561201,
        "recall": 0.8947368421052632,
        "f1-score": 0.8136020151133502,
        "support": 722
    },
    "named": {
        "precision": 0.0,
        "recall": 0.0,
        "f1-score": 0.0,
        "support": 83
    },
    "opposite": {
        "precision": 0.0,
        "recall": 0.0,
        "f1-score": 0.0,
        "support": 6
    },
    "origin": {
        "precision": 0.5,
        "recall": 0.21052631578947367,
        "f1-score": 0.2962962962962963,
        "support": 19
    },
    "part-of": {
        "precision": 0.4,
        "recall": 0.13636363636363635,
        "f1-score": 0.20338983050847456,
        "support": 176
    },
    "physical": {
        "precision": 0.7314814814814815,
        "recall": 0.947242206235012,
        "f1-score": 0.8254963427377221,
        "support": 417
    },
    "role": {
        "precision": 0.6957831325301205,
        "recall": 0.6094986807387863,
        "f1-score": 0.649789029535865,
        "support": 379
    },
    "social": {
        "precision": 0.0,
        "recall": 0.0,
        "f1-score": 0.0,
        "support": 22
    },
    "temporal": {
        "precision": 0.16666666666666666,
        "recall": 0.125,
        "f1-score": 0.14285714285714288,
        "support": 24
    },
    "topic": {
        "precision": 0.0,
        "recall": 0.0,
        "f1-score": 0.0,
        "support": 8
    },
    "type-of": {
        "precision": 0.8783783783783784,
        "recall": 0.5462184873949579,
        "f1-score": 0.6735751295336787,
        "support": 119
    },
    "usage": {
        "precision": 0.0,
        "recall": 0.0,
        "f1-score": 0.0,
        "support": 52
    },
    "win-defeat": {
        "precision": 0.693069306930693,
        "recall": 0.7526881720430108,
        "f1-score": 0.7216494845360825,
        "support": 93
    },
    "micro avg": {
        "precision": 0.7199828473413379,
        "recall": 0.6955260977630489,
        "f1-score": 0.7075431942688579,
        "support": 2414
    },
    "macro avg": {
        "precision": 999999,
        "recall": 999999,
        "f1-score": 0.30656724497535776,
        "support": 2414
    },
    "weighted avg": {
        "precision": 0.646639853212509,
        "recall": 0.6955260977630489,
        "f1-score": 0.6555987294927674,
        "support": 2414
    },
    "samples avg": {
        "precision": 0.7199828473413379,
        "recall": 0.7061177815894797,
        "f1-score": 0.7106918238993711,
        "support": 2414
    }
}