{"related-to": {"precision": 0.09045226130653267, "recall": 0.16666666666666666, "f1-score": 0.11726384364820845, "support": 108}, "artifact": {"precision": 0.044444444444444446, "recall": 0.04878048780487805, "f1-score": 0.046511627906976744, "support": 41}, "cause-effect": {"precision": 0.0, "recall": 0.0, "f1-score": 0.0, "support": 4}, "compare": {"precision": 0.0, "recall": 0.0, "f1-score": 0.0, "support": 24}, "general-affiliation": {"precision": 0.04081632653061224, "recall": 0.02666666666666667, "f1-score": 0.03225806451612903, "support": 75}, "named": {"precision": 0.12962962962962962, "recall": 0.2014388489208633, "f1-score": 0.15774647887323945, "support": 139}, "opposite": {"precision": 0.0, "recall": 0.0, "f1-score": 0.0, "support": 11}, "origin": {"precision": 0.0, "recall": 0.0, "f1-score": 0.0, "support": 89}, "part-of": {"precision": 0.2111111111111111, "recall": 0.25675675675675674, "f1-score": 0.23170731707317074, "support": 222}, "physical": {"precision": 0.10655737704918032, "recall": 0.12745098039215685, "f1-score": 0.11607142857142855, "support": 102}, "role": {"precision": 0.1, "recall": 0.16037735849056603, "f1-score": 0.12318840579710146, "support": 106}, "social": {"precision": 0.0, "recall": 0.0, "f1-score": 0.0, "support": 1}, "temporal": {"precision": 0.0, "recall": 0.0, "f1-score": 0.0, "support": 21}, "topic": {"precision": 0.0, "recall": 0.0, "f1-score": 0.0, "support": 39}, "type-of": {"precision": 0.0, "recall": 0.0, "f1-score": 0.0, "support": 54}, "usage": {"precision": 0.0, "recall": 0.0, "f1-score": 0.0, "support": 122}, "win-defeat": {"precision": 0.0, "recall": 0.0, "f1-score": 0.0, "support": 7}, "micro avg": {"precision": 0.12134632418069087, "recall": 0.11759656652360514, "f1-score": 0.1194420226678291, "support": 1165}, "macro avg": {"precision": 0.04253006765126531, "recall": 0.058125750923444366, "f1-score": 0.04851453919919143, "support": 1165}, "weighted avg": {"precision": 0.0867007112251719, "recall": 0.11759656652360514, "f1-score": 0.09893035912386686, "support": 1165}, "samples avg": {"precision": 0.12134632418069087, "recall": 0.11691762621789194, "f1-score": 0.11839385887215824, "support": 1165}}