{
    "related-to": {
        "precision": 0.2158273381294964,
        "recall": 0.2777777777777778,
        "f1-score": 0.24291497975708504,
        "support": 108
    },
    "artifact": {
        "precision": 0.4230769230769231,
        "recall": 0.2682926829268293,
        "f1-score": 0.3283582089552239,
        "support": 41
    },
    "cause-effect": {
        "precision": 0.0,
        "recall": 0.0,
        "f1-score": 0.0,
        "support": 4
    },
    "compare": {
        "precision": 0.0,
        "recall": 0.0,
        "f1-score": 0.0,
        "support": 24
    },
    "general-affiliation": {
        "precision": 0.07526881720430108,
        "recall": 0.09333333333333334,
        "f1-score": 0.08333333333333334,
        "support": 75
    },
    "named": {
        "precision": 0.49122807017543857,
        "recall": 0.8057553956834532,
        "f1-score": 0.6103542234332424,
        "support": 139
    },
    "opposite": {
        "precision": 0.3333333333333333,
        "recall": 0.09090909090909091,
        "f1-score": 0.14285714285714288,
        "support": 11
    },
    "origin": {
        "precision": 0.4909090909090909,
        "recall": 0.30337078651685395,
        "f1-score": 0.375,
        "support": 89
    },
    "part-of": {
        "precision": 0.3347457627118644,
        "recall": 0.35585585585585583,
        "f1-score": 0.34497816593886466,
        "support": 222
    },
    "physical": {
        "precision": 0.6417910447761194,
        "recall": 0.8431372549019608,
        "f1-score": 0.7288135593220338,
        "support": 102
    },
    "role": {
        "precision": 0.3333333333333333,
        "recall": 0.6132075471698113,
        "f1-score": 0.4318936877076412,
        "support": 106
    },
    "social": {
        "precision": 0.0,
        "recall": 0.0,
        "f1-score": 0.0,
        "support": 1
    },
    "temporal": {
        "precision": 0.5,
        "recall": 0.23809523809523808,
        "f1-score": 0.3225806451612903,
        "support": 21
    },
    "topic": {
        "precision": 0.0,
        "recall": 0.0,
        "f1-score": 0.0,
        "support": 39
    },
    "type-of": {
        "precision": 0.0,
        "recall": 0.0,
        "f1-score": 0.0,
        "support": 54
    },
    "usage": {
        "precision": 0.0,
        "recall": 0.0,
        "f1-score": 0.0,
        "support": 122
    },
    "win-defeat": {
        "precision": 0.14285714285714285,
        "recall": 0.14285714285714285,
        "f1-score": 0.14285714285714285,
        "support": 7
    },
    "micro avg": {
        "precision": 0.3755535872453499,
        "recall": 0.36394849785407724,
        "f1-score": 0.3696599825632083,
        "support": 1165
    },
    "macro avg": {
        "precision": 999999,
        "recall": 999999,
        "f1-score": 0.22082006407782354,
        "support": 1165
    },
    "weighted avg": {
        "precision": 0.29918328273730055,
        "recall": 0.36394849785407724,
        "f1-score": 0.31777873849291943,
        "support": 1165
    },
    "samples avg": {
        "precision": 0.3755535872453499,
        "recall": 0.36344847948036607,
        "f1-score": 0.3674343076468851,
        "support": 1165
    }
}