{"related-to": {"precision": 0.0, "recall": 0.0, "f1-score": 0.0, "support": 26}, "artifact": {"precision": 0.09552845528455285, "recall": 0.18146718146718147, "f1-score": 0.1251664447403462, "support": 259}, "cause-effect": {"precision": 0.0, "recall": 0.0, "f1-score": 0.0, "support": 4}, "compare": {"precision": 0.0, "recall": 0.0, "f1-score": 0.0, "support": 5}, "general-affiliation": {"precision": 0.303595206391478, "recall": 0.3157894736842105, "f1-score": 0.3095723014256619, "support": 722}, "named": {"precision": 0.03333333333333333, "recall": 0.03614457831325301, "f1-score": 0.03468208092485549, "support": 83}, "opposite": {"precision": 0.0, "recall": 0.0, "f1-score": 0.0, "support": 6}, "origin": {"precision": 0.0, "recall": 0.0, "f1-score": 0.0, "support": 19}, "part-of": {"precision": 0.07547169811320754, "recall": 0.045454545454545456, "f1-score": 0.05673758865248227, "support": 176}, "physical": {"precision": 0.15724815724815724, "recall": 0.15347721822541965, "f1-score": 0.1553398058252427, "support": 417}, "role": {"precision": 0.1746031746031746, "recall": 0.11609498680738786, "f1-score": 0.13946117274167985, "support": 379}, "social": {"precision": 0.0, "recall": 0.0, "f1-score": 0.0, "support": 22}, "temporal": {"precision": 0.021739130434782608, "recall": 0.041666666666666664, "f1-score": 0.028571428571428567, "support": 24}, "topic": {"precision": 0.0, "recall": 0.0, "f1-score": 0.0, "support": 8}, "type-of": {"precision": 0.11475409836065574, "recall": 0.058823529411764705, "f1-score": 0.07777777777777778, "support": 119}, "usage": {"precision": 0.0, "recall": 0.0, "f1-score": 0.0, "support": 52}, "win-defeat": {"precision": 0.09375, "recall": 0.0967741935483871, "f1-score": 0.09523809523809523, "support": 93}, "micro avg": {"precision": 0.1762435677530017, "recall": 0.17025683512841758, "f1-score": 0.17319848293299622, "support": 2414}, "macro avg": {"precision": 0.06294254433937306, "recall": 0.061511316092871554, "f1-score": 0.060149805641033526, "support": 2414}, "weighted avg": {"precision": 0.1717608144367751, "recall": 0.17025683512841758, "f1-score": 0.16786438911901946, "support": 2414}, "samples avg": {"precision": 0.1762435677530017, "recall": 0.17388507718696397, "f1-score": 0.17467124070897658, "support": 2414}}