{"related-to": {"precision": 0.0, "recall": 0.0, "f1-score": 0.0, "support": 76}, "artifact": {"precision": 0.0, "recall": 0.0, "f1-score": 0.0, "support": 2}, "cause-effect": {"precision": 0.0, "recall": 0.0, "f1-score": 0.0, "support": 0}, "compare": {"precision": 0.0, "recall": 0.0, "f1-score": 0.0, "support": 6}, "general-affiliation": {"precision": 0.0410958904109589, "recall": 0.0967741935483871, "f1-score": 0.05769230769230769, "support": 31}, "named": {"precision": 0.08530805687203792, "recall": 0.13846153846153847, "f1-score": 0.1055718475073314, "support": 130}, "opposite": {"precision": 0.0, "recall": 0.0, "f1-score": 0.0, "support": 53}, "origin": {"precision": 0.0, "recall": 0.0, "f1-score": 0.0, "support": 55}, "part-of": {"precision": 0.08376963350785341, "recall": 0.13675213675213677, "f1-score": 0.10389610389610392, "support": 117}, "physical": {"precision": 0.20503597122302158, "recall": 0.2787286063569682, "f1-score": 0.23626943005181347, "support": 409}, "role": {"precision": 0.4592445328031809, "recall": 0.27664670658682633, "f1-score": 0.3452914798206278, "support": 835}, "social": {"precision": 0.0, "recall": 0.0, "f1-score": 0.0, "support": 21}, "temporal": {"precision": 0.196, "recall": 0.15960912052117263, "f1-score": 0.17594254937163373, "support": 307}, "topic": {"precision": 0.0, "recall": 0.0, "f1-score": 0.0, "support": 13}, "type-of": {"precision": 0.0, "recall": 0.0, "f1-score": 0.0, "support": 28}, "usage": {"precision": 0.0, "recall": 0.0, "f1-score": 0.0, "support": 0}, "win-defeat": {"precision": 0.0, "recall": 0.0, "f1-score": 0.0, "support": 41}, "micro avg": {"precision": 0.23539049699617695, "recall": 0.2029190207156309, "f1-score": 0.21795195954487992, "support": 2124}, "macro avg": {"precision": 0.06296788734217958, "recall": 0.06393954718982527, "f1-score": 0.06027433637293047, "support": 2124}, "weighted avg": {"precision": 0.2587881187558359, "recall": 0.2029190207156309, "f1-score": 0.2196966059645792, "support": 2124}, "samples avg": {"precision": 0.23539049699617695, "recall": 0.20234844347351175, "f1-score": 0.21336246131440012, "support": 2124}}