{
    "related-to": {
        "precision": 0.045454545454545456,
        "recall": 0.013157894736842105,
        "f1-score": 0.02040816326530612,
        "support": 76
    },
    "artifact": {
        "precision": 0.3333333333333333,
        "recall": 0.5,
        "f1-score": 0.4,
        "support": 2
    },
    "cause-effect": {
        "precision": 0.0,
        "recall": 0.0,
        "f1-score": 0.0,
        "support": 0
    },
    "compare": {
        "precision": 0.0,
        "recall": 0.0,
        "f1-score": 0.0,
        "support": 6
    },
    "general-affiliation": {
        "precision": 0.1919191919191919,
        "recall": 0.6129032258064516,
        "f1-score": 0.29230769230769227,
        "support": 31
    },
    "named": {
        "precision": 0.4166666666666667,
        "recall": 0.8076923076923077,
        "f1-score": 0.5497382198952879,
        "support": 130
    },
    "opposite": {
        "precision": 0.3333333333333333,
        "recall": 0.018867924528301886,
        "f1-score": 0.03571428571428571,
        "support": 53
    },
    "origin": {
        "precision": 0.4,
        "recall": 0.14545454545454545,
        "f1-score": 0.21333333333333335,
        "support": 55
    },
    "part-of": {
        "precision": 0.10227272727272728,
        "recall": 0.07692307692307693,
        "f1-score": 0.08780487804878048,
        "support": 117
    },
    "physical": {
        "precision": 0.6594202898550725,
        "recall": 0.8899755501222494,
        "f1-score": 0.7575442247658688,
        "support": 409
    },
    "role": {
        "precision": 0.7333333333333333,
        "recall": 0.5269461077844312,
        "f1-score": 0.6132404181184669,
        "support": 835
    },
    "social": {
        "precision": 1.0,
        "recall": 0.047619047619047616,
        "f1-score": 0.0909090909090909,
        "support": 21
    },
    "temporal": {
        "precision": 0.8297872340425532,
        "recall": 0.50814332247557,
        "f1-score": 0.6303030303030303,
        "support": 307
    },
    "topic": {
        "precision": 0.0,
        "recall": 0.0,
        "f1-score": 0.0,
        "support": 13
    },
    "type-of": {
        "precision": 1.0,
        "recall": 0.07142857142857142,
        "f1-score": 0.13333333333333333,
        "support": 28
    },
    "usage": {
        "precision": 0.0,
        "recall": 0.0,
        "f1-score": 0.0,
        "support": 0
    },
    "win-defeat": {
        "precision": 0.0,
        "recall": 0.0,
        "f1-score": 0.0,
        "support": 41
    },
    "micro avg": {
        "precision": 0.604587657018023,
        "recall": 0.5211864406779662,
        "f1-score": 0.5597977243994944,
        "support": 2124
    },
    "macro avg": {
        "precision": 999999,
        "recall": 999999,
        "f1-score": 0.2549757779996317,
        "support": 2124
    },
    "weighted avg": {
        "precision": 0.6128299728013519,
        "recall": 0.5211864406779662,
        "f1-score": 0.5309861959828633,
        "support": 2124
    },
    "samples avg": {
        "precision": 0.604587657018023,
        "recall": 0.5458765701802294,
        "f1-score": 0.5654469324594938,
        "support": 2124
    }
}