{"related-to": {"precision": 0.0, "recall": 0.0, "f1-score": 0.0, "support": 26}, "artifact": {"precision": 0.10486891385767791, "recall": 0.10810810810810811, "f1-score": 0.10646387832699619, "support": 259}, "cause-effect": {"precision": 0.0, "recall": 0.0, "f1-score": 0.0, "support": 4}, "compare": {"precision": 0.0, "recall": 0.0, "f1-score": 0.0, "support": 5}, "general-affiliation": {"precision": 0.3146067415730337, "recall": 0.15512465373961218, "f1-score": 0.2077922077922078, "support": 722}, "named": {"precision": 0.04285714285714286, "recall": 0.03614457831325301, "f1-score": 0.0392156862745098, "support": 83}, "opposite": {"precision": 0.0, "recall": 0.0, "f1-score": 0.0, "support": 6}, "origin": {"precision": 0.0, "recall": 0.0, "f1-score": 0.0, "support": 19}, "part-of": {"precision": 0.0665083135391924, "recall": 0.1590909090909091, "f1-score": 0.09380234505862646, "support": 176}, "physical": {"precision": 0.19082125603864733, "recall": 0.18944844124700239, "f1-score": 0.19013237063778576, "support": 417}, "role": {"precision": 0.17477477477477477, "recall": 0.2559366754617414, "f1-score": 0.2077087794432548, "support": 379}, "social": {"precision": 0.0, "recall": 0.0, "f1-score": 0.0, "support": 22}, "temporal": {"precision": 0.018518518518518517, "recall": 0.041666666666666664, "f1-score": 0.02564102564102564, "support": 24}, "topic": {"precision": 0.0, "recall": 0.0, "f1-score": 0.0, "support": 8}, "type-of": {"precision": 0.06451612903225806, "recall": 0.03361344537815126, "f1-score": 0.04419889502762431, "support": 119}, "usage": {"precision": 0.0, "recall": 0.0, "f1-score": 0.0, "support": 52}, "win-defeat": {"precision": 0.018867924528301886, "recall": 0.021505376344086023, "f1-score": 0.02010050251256281, "support": 93}, "micro avg": {"precision": 0.15180102915951973, "recall": 0.14664457332228667, "f1-score": 0.14917825537294563, "support": 2414}, "macro avg": {"precision": 0.058608218512914555, "recall": 0.058861109079384126, "f1-score": 0.05500327592438786, "support": 2414}, "weighted avg": {"precision": 0.17616338290517, "recall": 0.14664457332228667, "f1-score": 0.15042065411187205, "support": 2414}, "samples avg": {"precision": 0.15180102915951973, "recall": 0.1470125786163522, "f1-score": 0.14858490566037735, "support": 2414}}