{
    "related-to": {
        "precision": 0.1111111111111111,
        "recall": 0.038461538461538464,
        "f1-score": 0.05714285714285715,
        "support": 26
    },
    "artifact": {
        "precision": 0.6796657381615598,
        "recall": 0.9420849420849421,
        "f1-score": 0.7896440129449838,
        "support": 259
    },
    "cause-effect": {
        "precision": 0.0,
        "recall": 0.0,
        "f1-score": 0.0,
        "support": 4
    },
    "compare": {
        "precision": 0.0,
        "recall": 0.0,
        "f1-score": 0.0,
        "support": 5
    },
    "general-affiliation": {
        "precision": 0.8729198184568835,
        "recall": 0.7991689750692521,
        "f1-score": 0.8344179320318149,
        "support": 722
    },
    "named": {
        "precision": 0.7755102040816326,
        "recall": 0.4578313253012048,
        "f1-score": 0.5757575757575758,
        "support": 83
    },
    "opposite": {
        "precision": 0.0,
        "recall": 0.0,
        "f1-score": 0.0,
        "support": 6
    },
    "origin": {
        "precision": 0.3333333333333333,
        "recall": 0.10526315789473684,
        "f1-score": 0.16,
        "support": 19
    },
    "part-of": {
        "precision": 0.29012345679012347,
        "recall": 0.26704545454545453,
        "f1-score": 0.2781065088757397,
        "support": 176
    },
    "physical": {
        "precision": 0.7423312883435583,
        "recall": 0.8705035971223022,
        "f1-score": 0.8013245033112584,
        "support": 417
    },
    "role": {
        "precision": 0.6405797101449275,
        "recall": 0.58311345646438,
        "f1-score": 0.6104972375690607,
        "support": 379
    },
    "social": {
        "precision": 0.0,
        "recall": 0.0,
        "f1-score": 0.0,
        "support": 22
    },
    "temporal": {
        "precision": 0.40425531914893614,
        "recall": 0.7916666666666666,
        "f1-score": 0.5352112676056338,
        "support": 24
    },
    "topic": {
        "precision": 1.0,
        "recall": 0.125,
        "f1-score": 0.2222222222222222,
        "support": 8
    },
    "type-of": {
        "precision": 0.9818181818181818,
        "recall": 0.453781512605042,
        "f1-score": 0.6206896551724138,
        "support": 119
    },
    "usage": {
        "precision": 0.0,
        "recall": 0.0,
        "f1-score": 0.0,
        "support": 52
    },
    "win-defeat": {
        "precision": 0.6612903225806451,
        "recall": 0.8817204301075269,
        "f1-score": 0.7557603686635945,
        "support": 93
    },
    "micro avg": {
        "precision": 0.7071183533447685,
        "recall": 0.6830985915492958,
        "f1-score": 0.6949009692372524,
        "support": 2414
    },
    "macro avg": {
        "precision": 999999,
        "recall": 999999,
        "f1-score": 0.3671043612527738,
        "support": 2414
    },
    "weighted avg": {
        "precision": 0.6956516906983856,
        "recall": 0.6830985915492958,
        "f1-score": 0.6762755953962128,
        "support": 2414
    },
    "samples avg": {
        "precision": 0.7071183533447685,
        "recall": 0.6948970840480274,
        "f1-score": 0.6988993710691824,
        "support": 2414
    }
}