{
    "related-to": {
        "precision": 0.0,
        "recall": 0.0,
        "f1-score": 0.0,
        "support": 26
    },
    "artifact": {
        "precision": 0.7777777777777778,
        "recall": 0.8918918918918919,
        "f1-score": 0.8309352517985611,
        "support": 259
    },
    "cause-effect": {
        "precision": 0.0,
        "recall": 0.0,
        "f1-score": 0.0,
        "support": 4
    },
    "compare": {
        "precision": 0.0,
        "recall": 0.0,
        "f1-score": 0.0,
        "support": 5
    },
    "general-affiliation": {
        "precision": 0.8333333333333334,
        "recall": 0.796398891966759,
        "f1-score": 0.8144475920679886,
        "support": 722
    },
    "named": {
        "precision": 0.7592592592592593,
        "recall": 0.4939759036144578,
        "f1-score": 0.5985401459854014,
        "support": 83
    },
    "opposite": {
        "precision": 0.0,
        "recall": 0.0,
        "f1-score": 0.0,
        "support": 6
    },
    "origin": {
        "precision": 0.1111111111111111,
        "recall": 0.05263157894736842,
        "f1-score": 0.07142857142857142,
        "support": 19
    },
    "part-of": {
        "precision": 0.2152777777777778,
        "recall": 0.17613636363636365,
        "f1-score": 0.19375,
        "support": 176
    },
    "physical": {
        "precision": 0.8716049382716049,
        "recall": 0.8465227817745803,
        "f1-score": 0.8588807785888076,
        "support": 417
    },
    "role": {
        "precision": 0.5440313111545988,
        "recall": 0.7335092348284961,
        "f1-score": 0.6247191011235955,
        "support": 379
    },
    "social": {
        "precision": 0.4,
        "recall": 0.09090909090909091,
        "f1-score": 0.14814814814814814,
        "support": 22
    },
    "temporal": {
        "precision": 0.38,
        "recall": 0.7916666666666666,
        "f1-score": 0.5135135135135135,
        "support": 24
    },
    "topic": {
        "precision": 0.0,
        "recall": 0.0,
        "f1-score": 0.0,
        "support": 8
    },
    "type-of": {
        "precision": 0.9642857142857143,
        "recall": 0.226890756302521,
        "f1-score": 0.3673469387755102,
        "support": 119
    },
    "usage": {
        "precision": 0.0,
        "recall": 0.0,
        "f1-score": 0.0,
        "support": 52
    },
    "win-defeat": {
        "precision": 0.5255474452554745,
        "recall": 0.7741935483870968,
        "f1-score": 0.6260869565217392,
        "support": 93
    },
    "micro avg": {
        "precision": 0.6989708404802745,
        "recall": 0.6752278376139188,
        "f1-score": 0.6868942267172355,
        "support": 2414
    },
    "macro avg": {
        "precision": 999999,
        "recall": 999999,
        "f1-score": 0.33222335282069626,
        "support": 2414
    },
    "weighted avg": {
        "precision": 0.6865462585854355,
        "recall": 0.6752278376139188,
        "f1-score": 0.6631421486804527,
        "support": 2414
    },
    "samples avg": {
        "precision": 0.6989708404802745,
        "recall": 0.684819897084048,
        "f1-score": 0.6894654088050315,
        "support": 2414
    }
}