{"related-to": {"precision": 0.0, "recall": 0.0, "f1-score": 0.0, "support": 76}, "artifact": {"precision": 0.0, "recall": 0.0, "f1-score": 0.0, "support": 2}, "cause-effect": {"precision": 0.0, "recall": 0.0, "f1-score": 0.0, "support": 0}, "compare": {"precision": 0.0, "recall": 0.0, "f1-score": 0.0, "support": 6}, "general-affiliation": {"precision": 0.018518518518518517, "recall": 0.03225806451612903, "f1-score": 0.023529411764705882, "support": 31}, "named": {"precision": 0.0778688524590164, "recall": 0.14615384615384616, "f1-score": 0.10160427807486631, "support": 130}, "opposite": {"precision": 0.07142857142857142, "recall": 0.018867924528301886, "f1-score": 0.029850746268656716, "support": 53}, "origin": {"precision": 0.0, "recall": 0.0, "f1-score": 0.0, "support": 55}, "part-of": {"precision": 0.07692307692307693, "recall": 0.1111111111111111, "f1-score": 0.09090909090909093, "support": 117}, "physical": {"precision": 0.21555915721231766, "recall": 0.3251833740831296, "f1-score": 0.2592592592592593, "support": 409}, "role": {"precision": 0.4751552795031056, "recall": 0.3664670658682635, "f1-score": 0.41379310344827586, "support": 835}, "social": {"precision": 0.0, "recall": 0.0, "f1-score": 0.0, "support": 21}, "temporal": {"precision": 0.1864406779661017, "recall": 0.035830618892508145, "f1-score": 0.060109289617486336, "support": 307}, "topic": {"precision": 0.0, "recall": 0.0, "f1-score": 0.0, "support": 13}, "type-of": {"precision": 0.0, "recall": 0.0, "f1-score": 0.0, "support": 28}, "usage": {"precision": 0.0, "recall": 0.0, "f1-score": 0.0, "support": 0}, "win-defeat": {"precision": 0.0, "recall": 0.0, "f1-score": 0.0, "support": 41}, "micro avg": {"precision": 0.2643364281813217, "recall": 0.2278719397363465, "f1-score": 0.2447534766118837, "support": 2124}, "macro avg": {"precision": 0.06599377258886518, "recall": 0.06093364736195819, "f1-score": 0.05759148113778479, "support": 2124}, "weighted avg": {"precision": 0.2663080889830437, "recall": 0.2278719397363465, "f1-score": 0.2335989884331246, "support": 2124}, "samples avg": {"precision": 0.2643364281813217, "recall": 0.23129437465865646, "f1-score": 0.24230839249954486, "support": 2124}}