{"related-to": {"precision": 0.0, "recall": 0.0, "f1-score": 0.0, "support": 26}, "artifact": {"precision": 0.10893854748603352, "recall": 0.15057915057915058, "f1-score": 0.12641815235008103, "support": 259}, "cause-effect": {"precision": 0.0, "recall": 0.0, "f1-score": 0.0, "support": 4}, "compare": {"precision": 0.0, "recall": 0.0, "f1-score": 0.0, "support": 5}, "general-affiliation": {"precision": 0.3178621659634318, "recall": 0.31301939058171746, "f1-score": 0.31542219120725745, "support": 722}, "named": {"precision": 0.016129032258064516, "recall": 0.012048192771084338, "f1-score": 0.013793103448275862, "support": 83}, "opposite": {"precision": 0.0, "recall": 0.0, "f1-score": 0.0, "support": 6}, "origin": {"precision": 0.0, "recall": 0.0, "f1-score": 0.0, "support": 19}, "part-of": {"precision": 0.05555555555555555, "recall": 0.028409090909090908, "f1-score": 0.037593984962406006, "support": 176}, "physical": {"precision": 0.1712846347607053, "recall": 0.1630695443645084, "f1-score": 0.1670761670761671, "support": 417}, "role": {"precision": 0.1613588110403397, "recall": 0.20052770448548812, "f1-score": 0.1788235294117647, "support": 379}, "social": {"precision": 0.0, "recall": 0.0, "f1-score": 0.0, "support": 22}, "temporal": {"precision": 0.057692307692307696, "recall": 0.125, "f1-score": 0.07894736842105263, "support": 24}, "topic": {"precision": 0.0, "recall": 0.0, "f1-score": 0.0, "support": 8}, "type-of": {"precision": 0.04, "recall": 0.01680672268907563, "f1-score": 0.023668639053254437, "support": 119}, "usage": {"precision": 0.0, "recall": 0.0, "f1-score": 0.0, "support": 52}, "win-defeat": {"precision": 0.05172413793103448, "recall": 0.06451612903225806, "f1-score": 0.05741626794258373, "support": 93}, "micro avg": {"precision": 0.18267581475128644, "recall": 0.17647058823529413, "f1-score": 0.179519595448799, "support": 2414}, "macro avg": {"precision": 0.057679128981616035, "recall": 0.06317505443602196, "f1-score": 0.05877408258075547, "support": 2414}, "weighted avg": {"precision": 0.17082174704696854, "recall": 0.17647058823529413, "f1-score": 0.1722180569908138, "support": 2414}, "samples avg": {"precision": 0.18267581475128644, "recall": 0.17967409948542024, "f1-score": 0.18067467124070896, "support": 2414}}