{
    "related-to": {
        "precision": 0.0,
        "recall": 0.0,
        "f1-score": 0.0,
        "support": 26
    },
    "artifact": {
        "precision": 0.6890756302521008,
        "recall": 0.9498069498069498,
        "f1-score": 0.7987012987012987,
        "support": 259
    },
    "cause-effect": {
        "precision": 0.0,
        "recall": 0.0,
        "f1-score": 0.0,
        "support": 4
    },
    "compare": {
        "precision": 0.0,
        "recall": 0.0,
        "f1-score": 0.0,
        "support": 5
    },
    "general-affiliation": {
        "precision": 0.8499298737727911,
        "recall": 0.8393351800554016,
        "f1-score": 0.8445993031358885,
        "support": 722
    },
    "named": {
        "precision": 0.7058823529411765,
        "recall": 0.5783132530120482,
        "f1-score": 0.6357615894039735,
        "support": 83
    },
    "opposite": {
        "precision": 0.25,
        "recall": 0.16666666666666666,
        "f1-score": 0.2,
        "support": 6
    },
    "origin": {
        "precision": 0.3125,
        "recall": 0.2631578947368421,
        "f1-score": 0.2857142857142857,
        "support": 19
    },
    "part-of": {
        "precision": 0.25,
        "recall": 0.1590909090909091,
        "f1-score": 0.19444444444444445,
        "support": 176
    },
    "physical": {
        "precision": 0.8154205607476636,
        "recall": 0.8369304556354916,
        "f1-score": 0.8260355029585799,
        "support": 417
    },
    "role": {
        "precision": 0.6076923076923076,
        "recall": 0.6253298153034301,
        "f1-score": 0.6163849154746424,
        "support": 379
    },
    "social": {
        "precision": 0.2,
        "recall": 0.09090909090909091,
        "f1-score": 0.12500000000000003,
        "support": 22
    },
    "temporal": {
        "precision": 0.391304347826087,
        "recall": 0.75,
        "f1-score": 0.5142857142857143,
        "support": 24
    },
    "topic": {
        "precision": 0.0,
        "recall": 0.0,
        "f1-score": 0.0,
        "support": 8
    },
    "type-of": {
        "precision": 0.98,
        "recall": 0.4117647058823529,
        "f1-score": 0.5798816568047338,
        "support": 119
    },
    "usage": {
        "precision": 0.0,
        "recall": 0.0,
        "f1-score": 0.0,
        "support": 52
    },
    "win-defeat": {
        "precision": 0.627906976744186,
        "recall": 0.8709677419354839,
        "f1-score": 0.7297297297297297,
        "support": 93
    },
    "micro avg": {
        "precision": 0.7161234991423671,
        "recall": 0.6917978458989229,
        "f1-score": 0.7037505267593762,
        "support": 2414
    },
    "macro avg": {
        "precision": 999999,
        "recall": 999999,
        "f1-score": 0.3735610847443112,
        "support": 2414
    },
    "weighted avg": {
        "precision": 0.6881930836891312,
        "recall": 0.6917978458989229,
        "f1-score": 0.6795002757519362,
        "support": 2414
    },
    "samples avg": {
        "precision": 0.7161234991423671,
        "recall": 0.7024013722126929,
        "f1-score": 0.7069039451114922,
        "support": 2414
    }
}