{
    "related-to": {
        "precision": 0.04,
        "recall": 0.038461538461538464,
        "f1-score": 0.0392156862745098,
        "support": 26
    },
    "artifact": {
        "precision": 0.5995145631067961,
        "recall": 0.9536679536679536,
        "f1-score": 0.7362146050670642,
        "support": 259
    },
    "cause-effect": {
        "precision": 0.0,
        "recall": 0.0,
        "f1-score": 0.0,
        "support": 4
    },
    "compare": {
        "precision": 0.0,
        "recall": 0.0,
        "f1-score": 0.0,
        "support": 5
    },
    "general-affiliation": {
        "precision": 0.8462585034013606,
        "recall": 0.8614958448753463,
        "f1-score": 0.853809196980096,
        "support": 722
    },
    "named": {
        "precision": 0.5531914893617021,
        "recall": 0.6265060240963856,
        "f1-score": 0.5875706214689266,
        "support": 83
    },
    "opposite": {
        "precision": 0.0,
        "recall": 0.0,
        "f1-score": 0.0,
        "support": 6
    },
    "origin": {
        "precision": 0.18181818181818182,
        "recall": 0.10526315789473684,
        "f1-score": 0.13333333333333333,
        "support": 19
    },
    "part-of": {
        "precision": 0.25,
        "recall": 0.22727272727272727,
        "f1-score": 0.23809523809523808,
        "support": 176
    },
    "physical": {
        "precision": 0.9021739130434783,
        "recall": 0.7961630695443646,
        "f1-score": 0.8458598726114649,
        "support": 417
    },
    "role": {
        "precision": 0.6612377850162866,
        "recall": 0.5356200527704486,
        "f1-score": 0.5918367346938775,
        "support": 379
    },
    "social": {
        "precision": 0.4,
        "recall": 0.2727272727272727,
        "f1-score": 0.3243243243243243,
        "support": 22
    },
    "temporal": {
        "precision": 0.4482758620689655,
        "recall": 0.5416666666666666,
        "f1-score": 0.49056603773584906,
        "support": 24
    },
    "topic": {
        "precision": 0.5,
        "recall": 0.125,
        "f1-score": 0.2,
        "support": 8
    },
    "type-of": {
        "precision": 0.8620689655172413,
        "recall": 0.6302521008403361,
        "f1-score": 0.7281553398058251,
        "support": 119
    },
    "usage": {
        "precision": 0.0,
        "recall": 0.0,
        "f1-score": 0.0,
        "support": 52
    },
    "win-defeat": {
        "precision": 0.7951807228915663,
        "recall": 0.7096774193548387,
        "f1-score": 0.7500000000000001,
        "support": 93
    },
    "micro avg": {
        "precision": 0.7118353344768439,
        "recall": 0.6876553438276719,
        "f1-score": 0.6995364517488412,
        "support": 2414
    },
    "macro avg": {
        "precision": 999999,
        "recall": 999999,
        "f1-score": 0.3834694700229711,
        "support": 2414
    },
    "weighted avg": {
        "precision": 0.6990864239633118,
        "recall": 0.6876553438276719,
        "f1-score": 0.6857062064626352,
        "support": 2414
    },
    "samples avg": {
        "precision": 0.7118353344768439,
        "recall": 0.6972555746140652,
        "f1-score": 0.7020440251572326,
        "support": 2414
    }
}