{
    "related-to": {
        "precision": 0.0,
        "recall": 0.0,
        "f1-score": 0.0,
        "support": 6
    },
    "artifact": {
        "precision": 0.0,
        "recall": 0.0,
        "f1-score": 0.0,
        "support": 0
    },
    "cause-effect": {
        "precision": 0.0,
        "recall": 0.0,
        "f1-score": 0.0,
        "support": 0
    },
    "compare": {
        "precision": 0.0,
        "recall": 0.0,
        "f1-score": 0.0,
        "support": 0
    },
    "general-affiliation": {
        "precision": 0.0,
        "recall": 0.0,
        "f1-score": 0.0,
        "support": 10
    },
    "named": {
        "precision": 0.6666666666666666,
        "recall": 0.5,
        "f1-score": 0.5714285714285715,
        "support": 4
    },
    "opposite": {
        "precision": 0.14285714285714285,
        "recall": 0.05128205128205128,
        "f1-score": 0.07547169811320754,
        "support": 39
    },
    "origin": {
        "precision": 0.0,
        "recall": 0.0,
        "f1-score": 0.0,
        "support": 0
    },
    "part-of": {
        "precision": 0.0,
        "recall": 0.0,
        "f1-score": 0.0,
        "support": 28
    },
    "physical": {
        "precision": 0.618421052631579,
        "recall": 0.3643410852713178,
        "f1-score": 0.4585365853658536,
        "support": 129
    },
    "role": {
        "precision": 0.43564356435643564,
        "recall": 0.9166666666666666,
        "f1-score": 0.5906040268456376,
        "support": 144
    },
    "social": {
        "precision": 0.0,
        "recall": 0.0,
        "f1-score": 0.0,
        "support": 0
    },
    "temporal": {
        "precision": 0.0,
        "recall": 0.0,
        "f1-score": 0.0,
        "support": 1
    },
    "topic": {
        "precision": 0.0,
        "recall": 0.0,
        "f1-score": 0.0,
        "support": 0
    },
    "type-of": {
        "precision": 0.0,
        "recall": 0.0,
        "f1-score": 0.0,
        "support": 0
    },
    "usage": {
        "precision": 0.0,
        "recall": 0.0,
        "f1-score": 0.0,
        "support": 0
    },
    "win-defeat": {
        "precision": 0.0,
        "recall": 0.0,
        "f1-score": 0.0,
        "support": 35
    },
    "micro avg": {
        "precision": 0.4621212121212121,
        "recall": 0.4621212121212121,
        "f1-score": 0.4621212121212121,
        "support": 396
    },
    "macro avg": {
        "precision": 999999,
        "recall": 999999,
        "f1-score": 0.1884489868614745,
        "support": 396
    },
    "weighted avg": {
        "precision": 0.3806744552901406,
        "recall": 0.4621212121212121,
        "f1-score": 0.3773416916416574,
        "support": 396
    },
    "samples avg": {
        "precision": 0.4621212121212121,
        "recall": 0.4621212121212121,
        "f1-score": 0.4621212121212121,
        "support": 396
    }
}