{"related-to": {"precision": 0.05660377358490566, "recall": 0.041666666666666664, "f1-score": 0.047999999999999994, "support": 72}, "artifact": {"precision": 0.19047619047619047, "recall": 0.22666666666666666, "f1-score": 0.2070015220700152, "support": 300}, "cause-effect": {"precision": 0.0, "recall": 0.0, "f1-score": 0.0, "support": 1}, "compare": {"precision": 0.0, "recall": 0.0, "f1-score": 0.0, "support": 8}, "general-affiliation": {"precision": 0.19047619047619047, "recall": 0.13414634146341464, "f1-score": 0.15742397137745975, "support": 328}, "named": {"precision": 0.04878048780487805, "recall": 0.0425531914893617, "f1-score": 0.045454545454545456, "support": 94}, "opposite": {"precision": 0.0, "recall": 0.0, "f1-score": 0.0, "support": 14}, "origin": {"precision": 0.012658227848101266, "recall": 0.02127659574468085, "f1-score": 0.015873015873015872, "support": 47}, "part-of": {"precision": 0.053763440860215055, "recall": 0.052083333333333336, "f1-score": 0.05291005291005291, "support": 96}, "physical": {"precision": 0.11797752808988764, "recall": 0.1206896551724138, "f1-score": 0.11931818181818181, "support": 174}, "role": {"precision": 0.1618798955613577, "recall": 0.2450592885375494, "f1-score": 0.19496855345911948, "support": 253}, "social": {"precision": 0.0, "recall": 0.0, "f1-score": 0.0, "support": 47}, "temporal": {"precision": 0.0, "recall": 0.0, "f1-score": 0.0, "support": 29}, "topic": {"precision": 0.0, "recall": 0.0, "f1-score": 0.0, "support": 42}, "type-of": {"precision": 0.0, "recall": 0.0, "f1-score": 0.0, "support": 18}, "usage": {"precision": 0.0, "recall": 0.0, "f1-score": 0.0, "support": 2}, "win-defeat": {"precision": 0.08860759493670886, "recall": 0.07216494845360824, "f1-score": 0.07954545454545454, "support": 97}, "micro avg": {"precision": 0.13522012578616352, "recall": 0.13255240443896424, "f1-score": 0.13387297633872974, "support": 1622}, "macro avg": {"precision": 0.05418960762579031, "recall": 0.05625333456045266, "f1-score": 0.05414678220634383, "support": 1622}, "weighted avg": {"precision": 0.12584140097150767, "recall": 0.13255240443896424, "f1-score": 0.12644510486027463, "support": 1622}, "samples avg": {"precision": 0.13522012578616352, "recall": 0.13322851153039833, "f1-score": 0.13385744234800837, "support": 1622}}