{
    "related-to": {
        "precision": 0.21052631578947367,
        "recall": 0.1111111111111111,
        "f1-score": 0.14545454545454545,
        "support": 72
    },
    "artifact": {
        "precision": 0.8097014925373134,
        "recall": 0.7233333333333334,
        "f1-score": 0.7640845070422536,
        "support": 300
    },
    "cause-effect": {
        "precision": 0.0,
        "recall": 0.0,
        "f1-score": 0.0,
        "support": 1
    },
    "compare": {
        "precision": 0.0,
        "recall": 0.0,
        "f1-score": 0.0,
        "support": 8
    },
    "general-affiliation": {
        "precision": 0.8305647840531561,
        "recall": 0.7621951219512195,
        "f1-score": 0.7949125596184421,
        "support": 328
    },
    "named": {
        "precision": 0.6292134831460674,
        "recall": 0.5957446808510638,
        "f1-score": 0.6120218579234972,
        "support": 94
    },
    "opposite": {
        "precision": 0.3333333333333333,
        "recall": 0.14285714285714285,
        "f1-score": 0.2,
        "support": 14
    },
    "origin": {
        "precision": 0.2222222222222222,
        "recall": 0.2978723404255319,
        "f1-score": 0.2545454545454546,
        "support": 47
    },
    "part-of": {
        "precision": 0.21333333333333335,
        "recall": 0.16666666666666666,
        "f1-score": 0.1871345029239766,
        "support": 96
    },
    "physical": {
        "precision": 0.7626262626262627,
        "recall": 0.867816091954023,
        "f1-score": 0.8118279569892474,
        "support": 174
    },
    "role": {
        "precision": 0.44146341463414634,
        "recall": 0.7154150197628458,
        "f1-score": 0.5460030165912518,
        "support": 253
    },
    "social": {
        "precision": 1.0,
        "recall": 0.02127659574468085,
        "f1-score": 0.04166666666666667,
        "support": 47
    },
    "temporal": {
        "precision": 0.7083333333333334,
        "recall": 0.5862068965517241,
        "f1-score": 0.6415094339622641,
        "support": 29
    },
    "topic": {
        "precision": 0.3333333333333333,
        "recall": 0.023809523809523808,
        "f1-score": 0.044444444444444446,
        "support": 42
    },
    "type-of": {
        "precision": 0.45161290322580644,
        "recall": 0.7777777777777778,
        "f1-score": 0.5714285714285714,
        "support": 18
    },
    "usage": {
        "precision": 0.0,
        "recall": 0.0,
        "f1-score": 0.0,
        "support": 2
    },
    "win-defeat": {
        "precision": 0.7108433734939759,
        "recall": 0.6082474226804123,
        "f1-score": 0.6555555555555554,
        "support": 97
    },
    "micro avg": {
        "precision": 0.620754716981132,
        "recall": 0.6085080147965475,
        "f1-score": 0.6145703611457036,
        "support": 1622
    },
    "macro avg": {
        "precision": 999999,
        "recall": 999999,
        "f1-score": 0.3688581807733042,
        "support": 1622
    },
    "weighted avg": {
        "precision": 0.6339337176001038,
        "recall": 0.6085080147965475,
        "f1-score": 0.5958003740460073,
        "support": 1622
    },
    "samples avg": {
        "precision": 0.620754716981132,
        "recall": 0.6144654088050314,
        "f1-score": 0.6165618448637316,
        "support": 1622
    }
}