{
    "related-to": {
        "precision": 0.3125,
        "recall": 0.06944444444444445,
        "f1-score": 0.11363636363636365,
        "support": 72
    },
    "artifact": {
        "precision": 0.6272493573264781,
        "recall": 0.8133333333333334,
        "f1-score": 0.7082728592162554,
        "support": 300
    },
    "cause-effect": {
        "precision": 0.0,
        "recall": 0.0,
        "f1-score": 0.0,
        "support": 1
    },
    "compare": {
        "precision": 0.0,
        "recall": 0.0,
        "f1-score": 0.0,
        "support": 8
    },
    "general-affiliation": {
        "precision": 0.8290598290598291,
        "recall": 0.5914634146341463,
        "f1-score": 0.6903914590747331,
        "support": 328
    },
    "named": {
        "precision": 0.6111111111111112,
        "recall": 0.46808510638297873,
        "f1-score": 0.5301204819277109,
        "support": 94
    },
    "opposite": {
        "precision": 0.8,
        "recall": 0.2857142857142857,
        "f1-score": 0.4210526315789473,
        "support": 14
    },
    "origin": {
        "precision": 0.19230769230769232,
        "recall": 0.2127659574468085,
        "f1-score": 0.20202020202020202,
        "support": 47
    },
    "part-of": {
        "precision": 0.0958904109589041,
        "recall": 0.07291666666666667,
        "f1-score": 0.08284023668639053,
        "support": 96
    },
    "physical": {
        "precision": 0.7566137566137566,
        "recall": 0.8218390804597702,
        "f1-score": 0.7878787878787877,
        "support": 174
    },
    "role": {
        "precision": 0.4429530201342282,
        "recall": 0.782608695652174,
        "f1-score": 0.5657142857142858,
        "support": 253
    },
    "social": {
        "precision": 0.0,
        "recall": 0.0,
        "f1-score": 0.0,
        "support": 47
    },
    "temporal": {
        "precision": 0.5434782608695652,
        "recall": 0.8620689655172413,
        "f1-score": 0.6666666666666666,
        "support": 29
    },
    "topic": {
        "precision": 0.0,
        "recall": 0.0,
        "f1-score": 0.0,
        "support": 42
    },
    "type-of": {
        "precision": 1.0,
        "recall": 0.5555555555555556,
        "f1-score": 0.7142857142857143,
        "support": 18
    },
    "usage": {
        "precision": 0.0,
        "recall": 0.0,
        "f1-score": 0.0,
        "support": 2
    },
    "win-defeat": {
        "precision": 0.7321428571428571,
        "recall": 0.422680412371134,
        "f1-score": 0.5359477124183006,
        "support": 97
    },
    "micro avg": {
        "precision": 0.5817610062893082,
        "recall": 0.5702836004932182,
        "f1-score": 0.5759651307596513,
        "support": 1622
    },
    "macro avg": {
        "precision": 999999,
        "recall": 999999,
        "f1-score": 0.35404867065319756,
        "support": 1622
    },
    "weighted avg": {
        "precision": 0.5659626701709963,
        "recall": 0.5702836004932182,
        "f1-score": 0.5454252629809094,
        "support": 1622
    },
    "samples avg": {
        "precision": 0.5817610062893082,
        "recall": 0.5748427672955975,
        "f1-score": 0.5771488469601677,
        "support": 1622
    }
}