{"related-to": {"precision": 0.08333333333333333, "recall": 0.013888888888888888, "f1-score": 0.02380952380952381, "support": 72}, "artifact": {"precision": 0.18772563176895307, "recall": 0.17333333333333334, "f1-score": 0.18024263431542462, "support": 300}, "cause-effect": {"precision": 0.0, "recall": 0.0, "f1-score": 0.0, "support": 1}, "compare": {"precision": 0.0, "recall": 0.0, "f1-score": 0.0, "support": 8}, "general-affiliation": {"precision": 0.21676300578034682, "recall": 0.22865853658536586, "f1-score": 0.22255192878338279, "support": 328}, "named": {"precision": 0.047619047619047616, "recall": 0.02127659574468085, "f1-score": 0.02941176470588235, "support": 94}, "opposite": {"precision": 0.25, "recall": 0.07142857142857142, "f1-score": 0.11111111111111112, "support": 14}, "origin": {"precision": 0.044444444444444446, "recall": 0.0851063829787234, "f1-score": 0.05839416058394161, "support": 47}, "part-of": {"precision": 0.04, "recall": 0.020833333333333332, "f1-score": 0.0273972602739726, "support": 96}, "physical": {"precision": 0.11042944785276074, "recall": 0.10344827586206896, "f1-score": 0.10682492581602374, "support": 174}, "role": {"precision": 0.17204301075268819, "recall": 0.31620553359683795, "f1-score": 0.22284122562674094, "support": 253}, "social": {"precision": 0.0, "recall": 0.0, "f1-score": 0.0, "support": 47}, "temporal": {"precision": 0.0, "recall": 0.0, "f1-score": 0.0, "support": 29}, "topic": {"precision": 0.0, "recall": 0.0, "f1-score": 0.0, "support": 42}, "type-of": {"precision": 0.0, "recall": 0.0, "f1-score": 0.0, "support": 18}, "usage": {"precision": 0.0, "recall": 0.0, "f1-score": 0.0, "support": 2}, "win-defeat": {"precision": 0.038834951456310676, "recall": 0.041237113402061855, "f1-score": 0.039999999999999994, "support": 97}, "micro avg": {"precision": 0.15031446540880503, "recall": 0.14734895191122072, "f1-score": 0.14881693648816935, "support": 1622}, "macro avg": {"precision": 0.07007016900046381, "recall": 0.0632597979502274, "f1-score": 0.060152031472117846, "support": 1622}, "weighted avg": {"precision": 0.13183084508618476, "recall": 0.14734895191122072, "f1-score": 0.1339860664593535, "support": 1622}, "samples avg": {"precision": 0.15031446540880503, "recall": 0.14685534591194968, "f1-score": 0.14800838574423478, "support": 1622}}