{
    "related-to": {
        "precision": 0.0,
        "recall": 0.0,
        "f1-score": 0.0,
        "support": 76
    },
    "artifact": {
        "precision": 0.0,
        "recall": 0.0,
        "f1-score": 0.0,
        "support": 2
    },
    "cause-effect": {
        "precision": 0.0,
        "recall": 0.0,
        "f1-score": 0.0,
        "support": 0
    },
    "compare": {
        "precision": 0.0,
        "recall": 0.0,
        "f1-score": 0.0,
        "support": 6
    },
    "general-affiliation": {
        "precision": 0.16091954022988506,
        "recall": 0.45161290322580644,
        "f1-score": 0.23728813559322032,
        "support": 31
    },
    "named": {
        "precision": 0.397196261682243,
        "recall": 0.6538461538461539,
        "f1-score": 0.49418604651162795,
        "support": 130
    },
    "opposite": {
        "precision": 0.15254237288135594,
        "recall": 0.16981132075471697,
        "f1-score": 0.16071428571428573,
        "support": 53
    },
    "origin": {
        "precision": 0.0,
        "recall": 0.0,
        "f1-score": 0.0,
        "support": 55
    },
    "part-of": {
        "precision": 0.1875,
        "recall": 0.02564102564102564,
        "f1-score": 0.04511278195488722,
        "support": 117
    },
    "physical": {
        "precision": 0.7330210772833724,
        "recall": 0.7652811735941321,
        "f1-score": 0.7488038277511962,
        "support": 409
    },
    "role": {
        "precision": 0.6357340720221607,
        "recall": 0.5497005988023952,
        "f1-score": 0.5895953757225434,
        "support": 835
    },
    "social": {
        "precision": 0.0,
        "recall": 0.0,
        "f1-score": 0.0,
        "support": 21
    },
    "temporal": {
        "precision": 0.8619528619528619,
        "recall": 0.8338762214983714,
        "f1-score": 0.847682119205298,
        "support": 307
    },
    "topic": {
        "precision": 0.0,
        "recall": 0.0,
        "f1-score": 0.0,
        "support": 13
    },
    "type-of": {
        "precision": 0.0,
        "recall": 0.0,
        "f1-score": 0.0,
        "support": 28
    },
    "usage": {
        "precision": 0.0,
        "recall": 0.0,
        "f1-score": 0.0,
        "support": 0
    },
    "win-defeat": {
        "precision": 0.0,
        "recall": 0.0,
        "f1-score": 0.0,
        "support": 41
    },
    "micro avg": {
        "precision": 0.6220644456581104,
        "recall": 0.5362523540489642,
        "f1-score": 0.5759797724399496,
        "support": 2124
    },
    "macro avg": {
        "precision": 999999,
        "recall": 999999,
        "f1-score": 0.2082255048302039,
        "support": 2124
    },
    "weighted avg": {
        "precision": 0.5564545032464511,
        "recall": 0.5362523540489642,
        "f1-score": 0.5387040893390159,
        "support": 2124
    },
    "samples avg": {
        "precision": 0.6220644456581104,
        "recall": 0.5453304205352266,
        "f1-score": 0.5709084289095213,
        "support": 2124
    }
}