{"related-to": {"precision": 0.04, "recall": 0.013157894736842105, "f1-score": 0.019801980198019802, "support": 76}, "artifact": {"precision": 0.0, "recall": 0.0, "f1-score": 0.0, "support": 2}, "cause-effect": {"precision": 0.0, "recall": 0.0, "f1-score": 0.0, "support": 0}, "compare": {"precision": 0.0, "recall": 0.0, "f1-score": 0.0, "support": 6}, "general-affiliation": {"precision": 0.02702702702702703, "recall": 0.03225806451612903, "f1-score": 0.029411764705882353, "support": 31}, "named": {"precision": 0.06329113924050633, "recall": 0.07692307692307693, "f1-score": 0.06944444444444445, "support": 130}, "opposite": {"precision": 0.0, "recall": 0.0, "f1-score": 0.0, "support": 53}, "origin": {"precision": 0.0, "recall": 0.0, "f1-score": 0.0, "support": 55}, "part-of": {"precision": 0.04794520547945205, "recall": 0.05982905982905983, "f1-score": 0.05323193916349809, "support": 117}, "physical": {"precision": 0.22833333333333333, "recall": 0.33496332518337407, "f1-score": 0.27155599603567887, "support": 409}, "role": {"precision": 0.4607679465776294, "recall": 0.33053892215568864, "f1-score": 0.38493723849372385, "support": 835}, "social": {"precision": 0.0, "recall": 0.0, "f1-score": 0.0, "support": 21}, "temporal": {"precision": 0.18181818181818182, "recall": 0.11726384364820847, "f1-score": 0.1425742574257426, "support": 307}, "topic": {"precision": 0.0, "recall": 0.0, "f1-score": 0.0, "support": 13}, "type-of": {"precision": 0.0, "recall": 0.0, "f1-score": 0.0, "support": 28}, "usage": {"precision": 0.0, "recall": 0.0, "f1-score": 0.0, "support": 0}, "win-defeat": {"precision": 0.3333333333333333, "recall": 0.024390243902439025, "f1-score": 0.04545454545454545, "support": 41}, "micro avg": {"precision": 0.2561441835062807, "recall": 0.22080979284369115, "f1-score": 0.23716814159292035, "support": 2124}, "macro avg": {"precision": 0.08132448040055666, "recall": 0.05819555475851872, "f1-score": 0.05978895093656091, "support": 2124}, "weighted avg": {"precision": 0.26616275526869204, "recall": 0.22080979284369115, "f1-score": 0.23342540479050394, "support": 2124}, "samples avg": {"precision": 0.2561441835062807, "recall": 0.2217367558711087, "f1-score": 0.23320589841616604, "support": 2124}}