{
    "related-to": {
        "precision": 0.3142857142857143,
        "recall": 0.6984126984126984,
        "f1-score": 0.4334975369458128,
        "support": 126
    },
    "artifact": {
        "precision": 0.2702702702702703,
        "recall": 0.30303030303030304,
        "f1-score": 0.2857142857142857,
        "support": 33
    },
    "cause-effect": {
        "precision": 0.0,
        "recall": 0.0,
        "f1-score": 0.0,
        "support": 76
    },
    "compare": {
        "precision": 0.7272727272727273,
        "recall": 0.20512820512820512,
        "f1-score": 0.32,
        "support": 39
    },
    "general-affiliation": {
        "precision": 0.16,
        "recall": 0.0547945205479452,
        "f1-score": 0.08163265306122448,
        "support": 73
    },
    "named": {
        "precision": 0.5163934426229508,
        "recall": 0.5833333333333334,
        "f1-score": 0.5478260869565218,
        "support": 108
    },
    "opposite": {
        "precision": 0.0,
        "recall": 0.0,
        "f1-score": 0.0,
        "support": 5
    },
    "origin": {
        "precision": 0.36486486486486486,
        "recall": 0.2872340425531915,
        "f1-score": 0.32142857142857145,
        "support": 94
    },
    "part-of": {
        "precision": 0.16279069767441862,
        "recall": 0.3888888888888889,
        "f1-score": 0.2295081967213115,
        "support": 90
    },
    "physical": {
        "precision": 0.6105263157894737,
        "recall": 0.7767857142857143,
        "f1-score": 0.6836935166994107,
        "support": 224
    },
    "role": {
        "precision": 0.3116438356164384,
        "recall": 0.3181818181818182,
        "f1-score": 0.31487889273356406,
        "support": 286
    },
    "social": {
        "precision": 0.0,
        "recall": 0.0,
        "f1-score": 0.0,
        "support": 14
    },
    "temporal": {
        "precision": 0.0,
        "recall": 0.0,
        "f1-score": 0.0,
        "support": 26
    },
    "topic": {
        "precision": 1.0,
        "recall": 0.16666666666666666,
        "f1-score": 0.2857142857142857,
        "support": 66
    },
    "type-of": {
        "precision": 1.0,
        "recall": 0.017094017094017096,
        "f1-score": 0.033613445378151266,
        "support": 117
    },
    "usage": {
        "precision": 0.0,
        "recall": 0.0,
        "f1-score": 0.0,
        "support": 24
    },
    "win-defeat": {
        "precision": 0.5675675675675675,
        "recall": 0.4772727272727273,
        "f1-score": 0.5185185185185185,
        "support": 44
    },
    "micro avg": {
        "precision": 0.38362068965517243,
        "recall": 0.3695501730103806,
        "f1-score": 0.37645400070497004,
        "support": 1445
    },
    "macro avg": {
        "precision": 999999,
        "recall": 999999,
        "f1-score": 0.2385897641100975,
        "support": 1445
    },
    "weighted avg": {
        "precision": 0.4340086587335263,
        "recall": 0.3695501730103806,
        "f1-score": 0.3331011262362561,
        "support": 1445
    },
    "samples avg": {
        "precision": 0.38362068965517243,
        "recall": 0.36602011494252873,
        "f1-score": 0.3718869731800767,
        "support": 1445
    }
}