{
    "related-to": {
        "precision": 0.32653061224489793,
        "recall": 0.2962962962962963,
        "f1-score": 0.31067961165048547,
        "support": 108
    },
    "artifact": {
        "precision": 0.40350877192982454,
        "recall": 0.5609756097560976,
        "f1-score": 0.46938775510204084,
        "support": 41
    },
    "cause-effect": {
        "precision": 0.0,
        "recall": 0.0,
        "f1-score": 0.0,
        "support": 5
    },
    "compare": {
        "precision": 0.5,
        "recall": 0.041666666666666664,
        "f1-score": 0.07692307692307693,
        "support": 24
    },
    "general-affiliation": {
        "precision": 0.25,
        "recall": 0.013333333333333334,
        "f1-score": 0.025316455696202535,
        "support": 75
    },
    "named": {
        "precision": 0.5802469135802469,
        "recall": 0.6762589928057554,
        "f1-score": 0.6245847176079734,
        "support": 139
    },
    "opposite": {
        "precision": 0.0,
        "recall": 0.0,
        "f1-score": 0.0,
        "support": 11
    },
    "origin": {
        "precision": 0.603448275862069,
        "recall": 0.39325842696629215,
        "f1-score": 0.47619047619047616,
        "support": 89
    },
    "part-of": {
        "precision": 0.33832976445396146,
        "recall": 0.7383177570093458,
        "f1-score": 0.4640234948604993,
        "support": 214
    },
    "physical": {
        "precision": 0.8333333333333334,
        "recall": 0.6862745098039216,
        "f1-score": 0.7526881720430109,
        "support": 102
    },
    "role": {
        "precision": 0.6031746031746031,
        "recall": 0.6972477064220184,
        "f1-score": 0.6468085106382979,
        "support": 109
    },
    "social": {
        "precision": 0.0,
        "recall": 0.0,
        "f1-score": 0.0,
        "support": 1
    },
    "temporal": {
        "precision": 0.5,
        "recall": 0.38095238095238093,
        "f1-score": 0.4324324324324324,
        "support": 21
    },
    "topic": {
        "precision": 0.8,
        "recall": 0.0975609756097561,
        "f1-score": 0.1739130434782609,
        "support": 41
    },
    "type-of": {
        "precision": 0.3939393939393939,
        "recall": 0.24074074074074073,
        "f1-score": 0.29885057471264365,
        "support": 54
    },
    "usage": {
        "precision": 0.23076923076923078,
        "recall": 0.02459016393442623,
        "f1-score": 0.04444444444444445,
        "support": 122
    },
    "win-defeat": {
        "precision": 0.0,
        "recall": 0.0,
        "f1-score": 0.0,
        "support": 7
    },
    "micro avg": {
        "precision": 0.45962732919254656,
        "recall": 0.4453998280309544,
        "f1-score": 0.45240174672489086,
        "support": 1163
    },
    "macro avg": {
        "precision": 999999,
        "recall": 999999,
        "f1-score": 0.2821319273988144,
        "support": 1163
    },
    "weighted avg": {
        "precision": 0.45812171803671814,
        "recall": 0.4453998280309544,
        "f1-score": 0.4042050132396982,
        "support": 1163
    },
    "samples avg": {
        "precision": 0.45962732919254656,
        "recall": 0.4488317065956817,
        "f1-score": 0.45238095238095244,
        "support": 1163
    }
}