{"related-to": {"precision": 0.09523809523809523, "recall": 0.20634920634920634, "f1-score": 0.13032581453634084, "support": 126}, "artifact": {"precision": 0.0, "recall": 0.0, "f1-score": 0.0, "support": 33}, "cause-effect": {"precision": 0.0, "recall": 0.0, "f1-score": 0.0, "support": 76}, "compare": {"precision": 0.0, "recall": 0.0, "f1-score": 0.0, "support": 39}, "general-affiliation": {"precision": 0.046875, "recall": 0.0821917808219178, "f1-score": 0.05970149253731343, "support": 73}, "named": {"precision": 0.09142857142857143, "recall": 0.14814814814814814, "f1-score": 0.11307420494699646, "support": 108}, "opposite": {"precision": 0.0, "recall": 0.0, "f1-score": 0.0, "support": 5}, "origin": {"precision": 0.0784313725490196, "recall": 0.0851063829787234, "f1-score": 0.08163265306122448, "support": 94}, "part-of": {"precision": 0.10091743119266056, "recall": 0.24444444444444444, "f1-score": 0.14285714285714288, "support": 90}, "physical": {"precision": 0.15384615384615385, "recall": 0.11607142857142858, "f1-score": 0.13231552162849872, "support": 224}, "role": {"precision": 0.1990521327014218, "recall": 0.14685314685314685, "f1-score": 0.16901408450704228, "support": 286}, "social": {"precision": 0.0, "recall": 0.0, "f1-score": 0.0, "support": 14}, "temporal": {"precision": 0.07142857142857142, "recall": 0.07692307692307693, "f1-score": 0.07407407407407408, "support": 26}, "topic": {"precision": 0.0, "recall": 0.0, "f1-score": 0.0, "support": 66}, "type-of": {"precision": 0.0, "recall": 0.0, "f1-score": 0.0, "support": 117}, "usage": {"precision": 0.0, "recall": 0.0, "f1-score": 0.0, "support": 24}, "win-defeat": {"precision": 0.03333333333333333, "recall": 0.022727272727272728, "f1-score": 0.02702702702702703, "support": 44}, "micro avg": {"precision": 0.10704022988505747, "recall": 0.10311418685121107, "f1-score": 0.10504053577722945, "support": 1445}, "macro avg": {"precision": 0.05120886245398984, "recall": 0.06640087575396265, "f1-score": 0.05470717736327413, "support": 1445}, "weighted avg": {"precision": 0.09443981763265581, "recall": 0.10311418685121107, "f1-score": 0.09315827549819332, "support": 1445}, "samples avg": {"precision": 0.10704022988505747, "recall": 0.10093390804597702, "f1-score": 0.10296934865900381, "support": 1445}}