{
    "related-to": {
        "precision": 0.2676056338028169,
        "recall": 0.6031746031746031,
        "f1-score": 0.37073170731707317,
        "support": 126
    },
    "artifact": {
        "precision": 0.7878787878787878,
        "recall": 0.7878787878787878,
        "f1-score": 0.7878787878787878,
        "support": 33
    },
    "cause-effect": {
        "precision": 0.0,
        "recall": 0.0,
        "f1-score": 0.0,
        "support": 76
    },
    "compare": {
        "precision": 0.0,
        "recall": 0.0,
        "f1-score": 0.0,
        "support": 39
    },
    "general-affiliation": {
        "precision": 0.2823529411764706,
        "recall": 0.3287671232876712,
        "f1-score": 0.3037974683544304,
        "support": 73
    },
    "named": {
        "precision": 0.5374149659863946,
        "recall": 0.7314814814814815,
        "f1-score": 0.6196078431372549,
        "support": 108
    },
    "opposite": {
        "precision": 0.0,
        "recall": 0.0,
        "f1-score": 0.0,
        "support": 5
    },
    "origin": {
        "precision": 0.5813953488372093,
        "recall": 0.26595744680851063,
        "f1-score": 0.36496350364963503,
        "support": 94
    },
    "part-of": {
        "precision": 0.13565891472868216,
        "recall": 0.3888888888888889,
        "f1-score": 0.20114942528735633,
        "support": 90
    },
    "physical": {
        "precision": 0.9011627906976745,
        "recall": 0.6919642857142857,
        "f1-score": 0.7828282828282828,
        "support": 224
    },
    "role": {
        "precision": 0.58,
        "recall": 0.506993006993007,
        "f1-score": 0.5410447761194029,
        "support": 286
    },
    "social": {
        "precision": 0.4230769230769231,
        "recall": 0.7857142857142857,
        "f1-score": 0.55,
        "support": 14
    },
    "temporal": {
        "precision": 0.6206896551724138,
        "recall": 0.6923076923076923,
        "f1-score": 0.6545454545454545,
        "support": 26
    },
    "topic": {
        "precision": 0.0,
        "recall": 0.0,
        "f1-score": 0.0,
        "support": 66
    },
    "type-of": {
        "precision": 0.18181818181818182,
        "recall": 0.03418803418803419,
        "f1-score": 0.057553956834532384,
        "support": 117
    },
    "usage": {
        "precision": 0.09090909090909091,
        "recall": 0.041666666666666664,
        "f1-score": 0.05714285714285715,
        "support": 24
    },
    "win-defeat": {
        "precision": 0.96875,
        "recall": 0.7045454545454546,
        "f1-score": 0.8157894736842106,
        "support": 44
    },
    "micro avg": {
        "precision": 0.4525862068965517,
        "recall": 0.4359861591695502,
        "f1-score": 0.44413112442721187,
        "support": 1445
    },
    "macro avg": {
        "precision": 999999,
        "recall": 999999,
        "f1-score": 0.35923726686936924,
        "support": 1445
    },
    "weighted avg": {
        "precision": 0.4575172142119247,
        "recall": 0.4359861591695502,
        "f1-score": 0.4242405373665166,
        "support": 1445
    },
    "samples avg": {
        "precision": 0.4525862068965517,
        "recall": 0.4339080459770115,
        "f1-score": 0.44013409961685823,
        "support": 1445
    }
}