{"related-to": {"precision": 0.0, "recall": 0.0, "f1-score": 0.0, "support": 6}, "artifact": {"precision": 0.0, "recall": 0.0, "f1-score": 0.0, "support": 0}, "cause-effect": {"precision": 0.0, "recall": 0.0, "f1-score": 0.0, "support": 0}, "compare": {"precision": 0.0, "recall": 0.0, "f1-score": 0.0, "support": 0}, "general-affiliation": {"precision": 0.0, "recall": 0.0, "f1-score": 0.0, "support": 10}, "named": {"precision": 0.0, "recall": 0.0, "f1-score": 0.0, "support": 4}, "opposite": {"precision": 0.0, "recall": 0.0, "f1-score": 0.0, "support": 39}, "origin": {"precision": 0.0, "recall": 0.0, "f1-score": 0.0, "support": 0}, "part-of": {"precision": 0.14285714285714285, "recall": 0.07142857142857142, "f1-score": 0.09523809523809523, "support": 28}, "physical": {"precision": 0.3684210526315789, "recall": 0.16279069767441862, "f1-score": 0.22580645161290322, "support": 129}, "role": {"precision": 0.36134453781512604, "recall": 0.5972222222222222, "f1-score": 0.450261780104712, "support": 144}, "social": {"precision": 0.0, "recall": 0.0, "f1-score": 0.0, "support": 0}, "temporal": {"precision": 0.0, "recall": 0.0, "f1-score": 0.0, "support": 1}, "topic": {"precision": 0.0, "recall": 0.0, "f1-score": 0.0, "support": 0}, "type-of": {"precision": 0.0, "recall": 0.0, "f1-score": 0.0, "support": 0}, "usage": {"precision": 0.0, "recall": 0.0, "f1-score": 0.0, "support": 0}, "win-defeat": {"precision": 0.06666666666666667, "recall": 0.02857142857142857, "f1-score": 0.04, "support": 35}, "micro avg": {"precision": 0.2777777777777778, "recall": 0.2777777777777778, "f1-score": 0.2777777777777778, "support": 396}, "macro avg": {"precision": 0.055252317645324386, "recall": 0.050588995288037696, "f1-score": 0.04772390158563004, "support": 396}, "weighted avg": {"precision": 0.2674072287075383, "recall": 0.2777777777777778, "f1-score": 0.24755907893891343, "support": 396}, "samples avg": {"precision": 0.2777777777777778, "recall": 0.2777777777777778, "f1-score": 0.2777777777777778, "support": 396}}