{
    "related-to": {
        "precision": 0.0,
        "recall": 0.0,
        "f1-score": 0.0,
        "support": 76
    },
    "artifact": {
        "precision": 0.0,
        "recall": 0.0,
        "f1-score": 0.0,
        "support": 2
    },
    "cause-effect": {
        "precision": 0.0,
        "recall": 0.0,
        "f1-score": 0.0,
        "support": 0
    },
    "compare": {
        "precision": 0.0,
        "recall": 0.0,
        "f1-score": 0.0,
        "support": 6
    },
    "general-affiliation": {
        "precision": 0.12222222222222222,
        "recall": 0.3548387096774194,
        "f1-score": 0.18181818181818182,
        "support": 31
    },
    "named": {
        "precision": 0.6097560975609756,
        "recall": 0.5769230769230769,
        "f1-score": 0.5928853754940712,
        "support": 130
    },
    "opposite": {
        "precision": 0.058823529411764705,
        "recall": 0.018867924528301886,
        "f1-score": 0.028571428571428574,
        "support": 53
    },
    "origin": {
        "precision": 0.0,
        "recall": 0.0,
        "f1-score": 0.0,
        "support": 55
    },
    "part-of": {
        "precision": 0.4166666666666667,
        "recall": 0.042735042735042736,
        "f1-score": 0.07751937984496124,
        "support": 117
    },
    "physical": {
        "precision": 0.6351351351351351,
        "recall": 0.9193154034229829,
        "f1-score": 0.7512487512487512,
        "support": 409
    },
    "role": {
        "precision": 0.6256983240223464,
        "recall": 0.5365269461077844,
        "f1-score": 0.5776918117343649,
        "support": 835
    },
    "social": {
        "precision": 0.0,
        "recall": 0.0,
        "f1-score": 0.0,
        "support": 21
    },
    "temporal": {
        "precision": 0.9178571428571428,
        "recall": 0.8371335504885994,
        "f1-score": 0.8756388415672913,
        "support": 307
    },
    "topic": {
        "precision": 0.0,
        "recall": 0.0,
        "f1-score": 0.0,
        "support": 13
    },
    "type-of": {
        "precision": 0.0,
        "recall": 0.0,
        "f1-score": 0.0,
        "support": 28
    },
    "usage": {
        "precision": 0.0,
        "recall": 0.0,
        "f1-score": 0.0,
        "support": 0
    },
    "win-defeat": {
        "precision": 1.0,
        "recall": 0.024390243902439025,
        "f1-score": 0.047619047619047616,
        "support": 41
    },
    "micro avg": {
        "precision": 0.6411796832332058,
        "recall": 0.5527306967984934,
        "f1-score": 0.5936788874841972,
        "support": 2124
    },
    "macro avg": {
        "precision": 999999,
        "recall": 999999,
        "f1-score": 0.20886618785987315,
        "support": 2124
    },
    "weighted avg": {
        "precision": 0.5837737016557022,
        "recall": 0.5527306967984934,
        "f1-score": 0.5431743987661075,
        "support": 2124
    },
    "samples avg": {
        "precision": 0.6411796832332058,
        "recall": 0.5625341343528126,
        "f1-score": 0.5887493173129438,
        "support": 2124
    }
}