{"related-to": {"precision": 0.10861423220973783, "recall": 0.23015873015873015, "f1-score": 0.1475826972010178, "support": 126}, "artifact": {"precision": 0.03333333333333333, "recall": 0.030303030303030304, "f1-score": 0.03174603174603175, "support": 33}, "cause-effect": {"precision": 0.0, "recall": 0.0, "f1-score": 0.0, "support": 76}, "compare": {"precision": 0.0, "recall": 0.0, "f1-score": 0.0, "support": 39}, "general-affiliation": {"precision": 0.04032258064516129, "recall": 0.0684931506849315, "f1-score": 0.050761421319796954, "support": 73}, "named": {"precision": 0.07734806629834254, "recall": 0.12962962962962962, "f1-score": 0.09688581314878893, "support": 108}, "opposite": {"precision": 0.0, "recall": 0.0, "f1-score": 0.0, "support": 5}, "origin": {"precision": 0.06153846153846154, "recall": 0.0425531914893617, "f1-score": 0.050314465408805034, "support": 94}, "part-of": {"precision": 0.07537688442211055, "recall": 0.16666666666666666, "f1-score": 0.10380622837370242, "support": 90}, "physical": {"precision": 0.14225941422594143, "recall": 0.15178571428571427, "f1-score": 0.1468682505399568, "support": 224}, "role": {"precision": 0.2, "recall": 0.13286713286713286, "f1-score": 0.15966386554621848, "support": 286}, "social": {"precision": 0.0, "recall": 0.0, "f1-score": 0.0, "support": 14}, "temporal": {"precision": 0.06896551724137931, "recall": 0.07692307692307693, "f1-score": 0.07272727272727274, "support": 26}, "topic": {"precision": 0.0, "recall": 0.0, "f1-score": 0.0, "support": 66}, "type-of": {"precision": 0.0, "recall": 0.0, "f1-score": 0.0, "support": 117}, "usage": {"precision": 0.0, "recall": 0.0, "f1-score": 0.0, "support": 24}, "win-defeat": {"precision": 0.0, "recall": 0.0, "f1-score": 0.0, "support": 44}, "micro avg": {"precision": 0.10201149425287356, "recall": 0.09826989619377163, "f1-score": 0.10010574550581601, "support": 1445}, "macro avg": {"precision": 0.047515205289086336, "recall": 0.060551783706369065, "f1-score": 0.05060917917715241, "support": 1445}, "weighted avg": {"precision": 0.0896264913655618, "recall": 0.09826989619377163, "f1-score": 0.08881499898373733, "support": 1445}, "samples avg": {"precision": 0.10201149425287356, "recall": 0.09698275862068965, "f1-score": 0.09865900383141761, "support": 1445}}