{
    "related-to": {
        "precision": 0.2948717948717949,
        "recall": 0.5476190476190477,
        "f1-score": 0.3833333333333333,
        "support": 126
    },
    "artifact": {
        "precision": 0.9285714285714286,
        "recall": 0.7878787878787878,
        "f1-score": 0.8524590163934426,
        "support": 33
    },
    "cause-effect": {
        "precision": 0.0,
        "recall": 0.0,
        "f1-score": 0.0,
        "support": 76
    },
    "compare": {
        "precision": 0.0,
        "recall": 0.0,
        "f1-score": 0.0,
        "support": 39
    },
    "general-affiliation": {
        "precision": 0.20915032679738563,
        "recall": 0.4383561643835616,
        "f1-score": 0.2831858407079646,
        "support": 73
    },
    "named": {
        "precision": 0.33204633204633205,
        "recall": 0.7962962962962963,
        "f1-score": 0.4686648501362398,
        "support": 108
    },
    "opposite": {
        "precision": 0.0,
        "recall": 0.0,
        "f1-score": 0.0,
        "support": 5
    },
    "origin": {
        "precision": 0.75,
        "recall": 0.19148936170212766,
        "f1-score": 0.3050847457627119,
        "support": 94
    },
    "part-of": {
        "precision": 0.045871559633027525,
        "recall": 0.05555555555555555,
        "f1-score": 0.05025125628140704,
        "support": 90
    },
    "physical": {
        "precision": 0.7531914893617021,
        "recall": 0.7901785714285714,
        "f1-score": 0.7712418300653594,
        "support": 224
    },
    "role": {
        "precision": 0.5424354243542435,
        "recall": 0.513986013986014,
        "f1-score": 0.5278276481149012,
        "support": 286
    },
    "social": {
        "precision": 0.0,
        "recall": 0.0,
        "f1-score": 0.0,
        "support": 14
    },
    "temporal": {
        "precision": 0.6774193548387096,
        "recall": 0.8076923076923077,
        "f1-score": 0.7368421052631579,
        "support": 26
    },
    "topic": {
        "precision": 1.0,
        "recall": 0.015151515151515152,
        "f1-score": 0.02985074626865672,
        "support": 66
    },
    "type-of": {
        "precision": 0.2,
        "recall": 0.017094017094017096,
        "f1-score": 0.03149606299212599,
        "support": 117
    },
    "usage": {
        "precision": 0.0,
        "recall": 0.0,
        "f1-score": 0.0,
        "support": 24
    },
    "win-defeat": {
        "precision": 0.9090909090909091,
        "recall": 0.6818181818181818,
        "f1-score": 0.7792207792207791,
        "support": 44
    },
    "micro avg": {
        "precision": 0.4410919540229885,
        "recall": 0.4249134948096886,
        "f1-score": 0.4328516038068382,
        "support": 1445
    },
    "macro avg": {
        "precision": 999999,
        "recall": 999999,
        "f1-score": 0.3070269537964752,
        "support": 1445
    },
    "weighted avg": {
        "precision": 0.4598051554249344,
        "recall": 0.4249134948096886,
        "f1-score": 0.39012856182440775,
        "support": 1445
    },
    "samples avg": {
        "precision": 0.4410919540229885,
        "recall": 0.4224137931034483,
        "f1-score": 0.42863984674329497,
        "support": 1445
    }
}