{
    "related-to": {
        "precision": 0.375,
        "recall": 0.6190476190476191,
        "f1-score": 0.46706586826347307,
        "support": 126
    },
    "artifact": {
        "precision": 0.17647058823529413,
        "recall": 0.09090909090909091,
        "f1-score": 0.12000000000000001,
        "support": 33
    },
    "cause-effect": {
        "precision": 0.0,
        "recall": 0.0,
        "f1-score": 0.0,
        "support": 76
    },
    "compare": {
        "precision": 0.64,
        "recall": 0.41025641025641024,
        "f1-score": 0.5,
        "support": 39
    },
    "general-affiliation": {
        "precision": 0.3684210526315789,
        "recall": 0.1917808219178082,
        "f1-score": 0.2522522522522523,
        "support": 73
    },
    "named": {
        "precision": 0.5147058823529411,
        "recall": 0.6481481481481481,
        "f1-score": 0.5737704918032787,
        "support": 108
    },
    "opposite": {
        "precision": 0.0,
        "recall": 0.0,
        "f1-score": 0.0,
        "support": 5
    },
    "origin": {
        "precision": 0.3402061855670103,
        "recall": 0.35106382978723405,
        "f1-score": 0.3455497382198953,
        "support": 94
    },
    "part-of": {
        "precision": 0.06310679611650485,
        "recall": 0.14444444444444443,
        "f1-score": 0.08783783783783783,
        "support": 90
    },
    "physical": {
        "precision": 0.6209150326797386,
        "recall": 0.8482142857142857,
        "f1-score": 0.7169811320754718,
        "support": 224
    },
    "role": {
        "precision": 0.3368055555555556,
        "recall": 0.33916083916083917,
        "f1-score": 0.33797909407665505,
        "support": 286
    },
    "social": {
        "precision": 0.0,
        "recall": 0.0,
        "f1-score": 0.0,
        "support": 14
    },
    "temporal": {
        "precision": 0.0,
        "recall": 0.0,
        "f1-score": 0.0,
        "support": 26
    },
    "topic": {
        "precision": 1.0,
        "recall": 0.3181818181818182,
        "f1-score": 0.4827586206896552,
        "support": 66
    },
    "type-of": {
        "precision": 0.6,
        "recall": 0.02564102564102564,
        "f1-score": 0.04918032786885246,
        "support": 117
    },
    "usage": {
        "precision": 0.0,
        "recall": 0.0,
        "f1-score": 0.0,
        "support": 24
    },
    "win-defeat": {
        "precision": 0.825,
        "recall": 0.75,
        "f1-score": 0.7857142857142856,
        "support": 44
    },
    "micro avg": {
        "precision": 0.41020114942528735,
        "recall": 0.39515570934256056,
        "f1-score": 0.4025378921395841,
        "support": 1445
    },
    "macro avg": {
        "precision": 999999,
        "recall": 999999,
        "f1-score": 0.27759350875303873,
        "support": 1445
    },
    "weighted avg": {
        "precision": 0.4194372670248598,
        "recall": 0.39515570934256056,
        "f1-score": 0.36853453156876975,
        "support": 1445
    },
    "samples avg": {
        "precision": 0.41020114942528735,
        "recall": 0.39188218390804597,
        "f1-score": 0.39798850574712646,
        "support": 1445
    }
}