{
    "related-to": {
        "precision": 0.0,
        "recall": 0.0,
        "f1-score": 0.0,
        "support": 26
    },
    "artifact": {
        "precision": 0.7189349112426036,
        "recall": 0.9382239382239382,
        "f1-score": 0.8140703517587939,
        "support": 259
    },
    "cause-effect": {
        "precision": 0.0,
        "recall": 0.0,
        "f1-score": 0.0,
        "support": 4
    },
    "compare": {
        "precision": 0.0,
        "recall": 0.0,
        "f1-score": 0.0,
        "support": 5
    },
    "general-affiliation": {
        "precision": 0.7857142857142857,
        "recall": 0.853185595567867,
        "f1-score": 0.8180610889774236,
        "support": 722
    },
    "named": {
        "precision": 1.0,
        "recall": 0.024096385542168676,
        "f1-score": 0.047058823529411764,
        "support": 83
    },
    "opposite": {
        "precision": 0.0,
        "recall": 0.0,
        "f1-score": 0.0,
        "support": 6
    },
    "origin": {
        "precision": 0.5555555555555556,
        "recall": 0.2631578947368421,
        "f1-score": 0.35714285714285715,
        "support": 19
    },
    "part-of": {
        "precision": 0.4105263157894737,
        "recall": 0.2215909090909091,
        "f1-score": 0.2878228782287823,
        "support": 176
    },
    "physical": {
        "precision": 0.6788079470198676,
        "recall": 0.9832134292565947,
        "f1-score": 0.803134182174339,
        "support": 417
    },
    "role": {
        "precision": 0.7338403041825095,
        "recall": 0.5092348284960422,
        "f1-score": 0.6012461059190031,
        "support": 379
    },
    "social": {
        "precision": 0.0,
        "recall": 0.0,
        "f1-score": 0.0,
        "support": 22
    },
    "temporal": {
        "precision": 0.22727272727272727,
        "recall": 0.20833333333333334,
        "f1-score": 0.21739130434782608,
        "support": 24
    },
    "topic": {
        "precision": 0.0,
        "recall": 0.0,
        "f1-score": 0.0,
        "support": 8
    },
    "type-of": {
        "precision": 0.9550561797752809,
        "recall": 0.7142857142857143,
        "f1-score": 0.8173076923076923,
        "support": 119
    },
    "usage": {
        "precision": 1.0,
        "recall": 0.36538461538461536,
        "f1-score": 0.5352112676056338,
        "support": 52
    },
    "win-defeat": {
        "precision": 0.7102803738317757,
        "recall": 0.8172043010752689,
        "f1-score": 0.76,
        "support": 93
    },
    "micro avg": {
        "precision": 0.7259862778730704,
        "recall": 0.7013256006628004,
        "f1-score": 0.7134428992836074,
        "support": 2414
    },
    "macro avg": {
        "precision": 999999,
        "recall": 999999,
        "f1-score": 0.35637920894069197,
        "support": 2414
    },
    "weighted avg": {
        "precision": 0.7115363455835403,
        "recall": 0.7013256006628004,
        "f1-score": 0.6738193750077077,
        "support": 2414
    },
    "samples avg": {
        "precision": 0.7259862778730704,
        "recall": 0.7122641509433962,
        "f1-score": 0.7167667238421955,
        "support": 2414
    }
}