{
    "related-to": {
        "precision": 0.23076923076923078,
        "recall": 0.25,
        "f1-score": 0.24000000000000002,
        "support": 108
    },
    "artifact": {
        "precision": 0.45454545454545453,
        "recall": 0.6097560975609756,
        "f1-score": 0.5208333333333334,
        "support": 41
    },
    "cause-effect": {
        "precision": 0.0,
        "recall": 0.0,
        "f1-score": 0.0,
        "support": 5
    },
    "compare": {
        "precision": 0.0,
        "recall": 0.0,
        "f1-score": 0.0,
        "support": 24
    },
    "general-affiliation": {
        "precision": 0.8,
        "recall": 0.05333333333333334,
        "f1-score": 0.1,
        "support": 75
    },
    "named": {
        "precision": 0.5804597701149425,
        "recall": 0.7266187050359713,
        "f1-score": 0.645367412140575,
        "support": 139
    },
    "opposite": {
        "precision": 0.0,
        "recall": 0.0,
        "f1-score": 0.0,
        "support": 11
    },
    "origin": {
        "precision": 0.4626865671641791,
        "recall": 0.34831460674157305,
        "f1-score": 0.3974358974358975,
        "support": 89
    },
    "part-of": {
        "precision": 0.39195979899497485,
        "recall": 0.7289719626168224,
        "f1-score": 0.5098039215686274,
        "support": 214
    },
    "physical": {
        "precision": 0.8,
        "recall": 0.7450980392156863,
        "f1-score": 0.7715736040609137,
        "support": 102
    },
    "role": {
        "precision": 0.6050420168067226,
        "recall": 0.6605504587155964,
        "f1-score": 0.6315789473684209,
        "support": 109
    },
    "social": {
        "precision": 0.0,
        "recall": 0.0,
        "f1-score": 0.0,
        "support": 1
    },
    "temporal": {
        "precision": 0.5384615384615384,
        "recall": 0.3333333333333333,
        "f1-score": 0.41176470588235287,
        "support": 21
    },
    "topic": {
        "precision": 0.8571428571428571,
        "recall": 0.14634146341463414,
        "f1-score": 0.25,
        "support": 41
    },
    "type-of": {
        "precision": 0.2926829268292683,
        "recall": 0.2222222222222222,
        "f1-score": 0.25263157894736843,
        "support": 54
    },
    "usage": {
        "precision": 0.3235294117647059,
        "recall": 0.09016393442622951,
        "f1-score": 0.14102564102564105,
        "support": 122
    },
    "win-defeat": {
        "precision": 0.0,
        "recall": 0.0,
        "f1-score": 0.0,
        "support": 7
    },
    "micro avg": {
        "precision": 0.46850044365572313,
        "recall": 0.45399828030954426,
        "f1-score": 0.4611353711790393,
        "support": 1163
    },
    "macro avg": {
        "precision": 999999,
        "recall": 999999,
        "f1-score": 0.28658912010371357,
        "support": 1163
    },
    "weighted avg": {
        "precision": 0.4802901510184961,
        "recall": 0.45399828030954426,
        "f1-score": 0.4180885436035033,
        "support": 1163
    },
    "samples avg": {
        "precision": 0.46850044365572313,
        "recall": 0.45726116533569944,
        "f1-score": 0.46095829636202307,
        "support": 1163
    }
}