{"related-to": {"precision": 0.0, "recall": 0.0, "f1-score": 0.0, "support": 26}, "artifact": {"precision": 0.13596491228070176, "recall": 0.11969111969111969, "f1-score": 0.12731006160164268, "support": 259}, "cause-effect": {"precision": 0.0, "recall": 0.0, "f1-score": 0.0, "support": 4}, "compare": {"precision": 0.0, "recall": 0.0, "f1-score": 0.0, "support": 5}, "general-affiliation": {"precision": 0.31546134663341646, "recall": 0.35041551246537395, "f1-score": 0.33202099737532803, "support": 722}, "named": {"precision": 0.021897810218978103, "recall": 0.03614457831325301, "f1-score": 0.02727272727272727, "support": 83}, "opposite": {"precision": 0.0, "recall": 0.0, "f1-score": 0.0, "support": 6}, "origin": {"precision": 0.0, "recall": 0.0, "f1-score": 0.0, "support": 19}, "part-of": {"precision": 0.13761467889908258, "recall": 0.08522727272727272, "f1-score": 0.10526315789473685, "support": 176}, "physical": {"precision": 0.1774580335731415, "recall": 0.1774580335731415, "f1-score": 0.1774580335731415, "support": 417}, "role": {"precision": 0.21634615384615385, "recall": 0.23746701846965698, "f1-score": 0.22641509433962262, "support": 379}, "social": {"precision": 0.0, "recall": 0.0, "f1-score": 0.0, "support": 22}, "temporal": {"precision": 0.0, "recall": 0.0, "f1-score": 0.0, "support": 24}, "topic": {"precision": 0.0, "recall": 0.0, "f1-score": 0.0, "support": 8}, "type-of": {"precision": 0.029850746268656716, "recall": 0.01680672268907563, "f1-score": 0.02150537634408602, "support": 119}, "usage": {"precision": 0.0, "recall": 0.0, "f1-score": 0.0, "support": 52}, "win-defeat": {"precision": 0.033707865168539325, "recall": 0.03225806451612903, "f1-score": 0.03296703296703297, "support": 93}, "micro avg": {"precision": 0.20197255574614065, "recall": 0.19511184755592378, "f1-score": 0.19848293299620734, "support": 2414}, "macro avg": {"precision": 0.06284126746403944, "recall": 0.06208637190853074, "f1-score": 0.06177720478637165, "support": 2414}, "weighted avg": {"precision": 0.18711597715773767, "recall": 0.19511184755592378, "f1-score": 0.19010721326367838, "support": 2414}, "samples avg": {"precision": 0.20197255574614065, "recall": 0.19746998284734132, "f1-score": 0.19897084048027444, "support": 2414}}