{"related-to": {"precision": 0.1588785046728972, "recall": 0.1574074074074074, "f1-score": 0.15813953488372093, "support": 108}, "artifact": {"precision": 0.038461538461538464, "recall": 0.024390243902439025, "f1-score": 0.029850746268656723, "support": 41}, "cause-effect": {"precision": 0.0, "recall": 0.0, "f1-score": 0.0, "support": 4}, "compare": {"precision": 0.0, "recall": 0.0, "f1-score": 0.0, "support": 24}, "general-affiliation": {"precision": 0.08450704225352113, "recall": 0.08, "f1-score": 0.0821917808219178, "support": 75}, "named": {"precision": 0.15, "recall": 0.1510791366906475, "f1-score": 0.15053763440860216, "support": 139}, "opposite": {"precision": 0.0, "recall": 0.0, "f1-score": 0.0, "support": 11}, "origin": {"precision": 0.19230769230769232, "recall": 0.11235955056179775, "f1-score": 0.14184397163120566, "support": 89}, "part-of": {"precision": 0.203125, "recall": 0.3644859813084112, "f1-score": 0.2608695652173913, "support": 214}, "physical": {"precision": 0.0949367088607595, "recall": 0.14705882352941177, "f1-score": 0.11538461538461539, "support": 102}, "role": {"precision": 0.1032258064516129, "recall": 0.1509433962264151, "f1-score": 0.12260536398467432, "support": 106}, "social": {"precision": 0.0, "recall": 0.0, "f1-score": 0.0, "support": 1}, "temporal": {"precision": 0.0, "recall": 0.0, "f1-score": 0.0, "support": 21}, "topic": {"precision": 0.0, "recall": 0.0, "f1-score": 0.0, "support": 39}, "type-of": {"precision": 0.0, "recall": 0.0, "f1-score": 0.0, "support": 55}, "usage": {"precision": 0.0, "recall": 0.0, "f1-score": 0.0, "support": 122}, "win-defeat": {"precision": 0.0, "recall": 0.0, "f1-score": 0.0, "support": 7}, "micro avg": {"precision": 0.14616755793226383, "recall": 0.14162348877374784, "f1-score": 0.14385964912280702, "support": 1158}, "macro avg": {"precision": 0.0603201348828248, "recall": 0.06986614938979586, "f1-score": 0.06243665956475202, "support": 1158}, "weighted avg": {"precision": 0.1097870847613671, "recall": 0.14162348877374784, "f1-score": 0.11969573824887877, "support": 1158}, "samples avg": {"precision": 0.14616755793226383, "recall": 0.1412655971479501, "f1-score": 0.14289958407605466, "support": 1158}}