{"related-to": {"precision": 0.0, "recall": 0.0, "f1-score": 0.0, "support": 6}, "artifact": {"precision": 0.0, "recall": 0.0, "f1-score": 0.0, "support": 0}, "cause-effect": {"precision": 0.0, "recall": 0.0, "f1-score": 0.0, "support": 0}, "compare": {"precision": 0.0, "recall": 0.0, "f1-score": 0.0, "support": 0}, "general-affiliation": {"precision": 0.0, "recall": 0.0, "f1-score": 0.0, "support": 10}, "named": {"precision": 0.0, "recall": 0.0, "f1-score": 0.0, "support": 4}, "opposite": {"precision": 0.0, "recall": 0.0, "f1-score": 0.0, "support": 39}, "origin": {"precision": 0.0, "recall": 0.0, "f1-score": 0.0, "support": 0}, "part-of": {"precision": 0.0, "recall": 0.0, "f1-score": 0.0, "support": 28}, "physical": {"precision": 0.3373493975903614, "recall": 0.6511627906976745, "f1-score": 0.4444444444444444, "support": 129}, "role": {"precision": 0.41, "recall": 0.2847222222222222, "f1-score": 0.33606557377049173, "support": 144}, "social": {"precision": 0.0, "recall": 0.0, "f1-score": 0.0, "support": 0}, "temporal": {"precision": 0.0, "recall": 0.0, "f1-score": 0.0, "support": 1}, "topic": {"precision": 0.0, "recall": 0.0, "f1-score": 0.0, "support": 0}, "type-of": {"precision": 0.0, "recall": 0.0, "f1-score": 0.0, "support": 0}, "usage": {"precision": 0.0, "recall": 0.0, "f1-score": 0.0, "support": 0}, "win-defeat": {"precision": 0.2, "recall": 0.02857142857142857, "f1-score": 0.049999999999999996, "support": 35}, "micro avg": {"precision": 0.3181818181818182, "recall": 0.3181818181818182, "f1-score": 0.3181818181818182, "support": 396}, "macro avg": {"precision": 0.055726435152374194, "recall": 0.0567327318524309, "f1-score": 0.048853530483231544, "support": 396}, "weighted avg": {"precision": 0.27666179870999147, "recall": 0.3181818181818182, "f1-score": 0.2714059998896064, "support": 396}, "samples avg": {"precision": 0.3181818181818182, "recall": 0.3181818181818182, "f1-score": 0.3181818181818182, "support": 396}}