{
    "related-to": {
        "precision": 0.4,
        "recall": 0.3333333333333333,
        "f1-score": 0.3636363636363636,
        "support": 6
    },
    "artifact": {
        "precision": 0.0,
        "recall": 0.0,
        "f1-score": 0.0,
        "support": 0
    },
    "cause-effect": {
        "precision": 0.0,
        "recall": 0.0,
        "f1-score": 0.0,
        "support": 0
    },
    "compare": {
        "precision": 0.0,
        "recall": 0.0,
        "f1-score": 0.0,
        "support": 0
    },
    "general-affiliation": {
        "precision": 0.6666666666666666,
        "recall": 0.4,
        "f1-score": 0.5,
        "support": 10
    },
    "named": {
        "precision": 0.5,
        "recall": 0.75,
        "f1-score": 0.6,
        "support": 4
    },
    "opposite": {
        "precision": 0.0,
        "recall": 0.0,
        "f1-score": 0.0,
        "support": 39
    },
    "origin": {
        "precision": 0.0,
        "recall": 0.0,
        "f1-score": 0.0,
        "support": 0
    },
    "part-of": {
        "precision": 0.36363636363636365,
        "recall": 0.14285714285714285,
        "f1-score": 0.2051282051282051,
        "support": 28
    },
    "physical": {
        "precision": 0.32786885245901637,
        "recall": 0.31007751937984496,
        "f1-score": 0.31872509960159356,
        "support": 129
    },
    "role": {
        "precision": 0.3640552995391705,
        "recall": 0.5486111111111112,
        "f1-score": 0.4376731301939058,
        "support": 144
    },
    "social": {
        "precision": 0.0,
        "recall": 0.0,
        "f1-score": 0.0,
        "support": 0
    },
    "temporal": {
        "precision": 0.038461538461538464,
        "recall": 1.0,
        "f1-score": 0.07407407407407407,
        "support": 1
    },
    "topic": {
        "precision": 0.0,
        "recall": 0.0,
        "f1-score": 0.0,
        "support": 0
    },
    "type-of": {
        "precision": 0.0,
        "recall": 0.0,
        "f1-score": 0.0,
        "support": 0
    },
    "usage": {
        "precision": 0.0,
        "recall": 0.0,
        "f1-score": 0.0,
        "support": 0
    },
    "win-defeat": {
        "precision": 0.0,
        "recall": 0.0,
        "f1-score": 0.0,
        "support": 35
    },
    "micro avg": {
        "precision": 0.33585858585858586,
        "recall": 0.33585858585858586,
        "f1-score": 0.33585858585858586,
        "support": 396
    },
    "macro avg": {
        "precision": 999999,
        "recall": 999999,
        "f1-score": 0.277692985848238,
        "support": 396
    },
    "weighted avg": {
        "precision": 0.29294442294899004,
        "recall": 0.33585858585858586,
        "f1-score": 0.3018685621111364,
        "support": 396
    },
    "samples avg": {
        "precision": 0.33585858585858586,
        "recall": 0.33585858585858586,
        "f1-score": 0.33585858585858586,
        "support": 396
    }
}