{"related-to": {"precision": 0.05194805194805195, "recall": 0.037037037037037035, "f1-score": 0.043243243243243246, "support": 108}, "artifact": {"precision": 0.0, "recall": 0.0, "f1-score": 0.0, "support": 41}, "cause-effect": {"precision": 0.0, "recall": 0.0, "f1-score": 0.0, "support": 5}, "compare": {"precision": 0.0, "recall": 0.0, "f1-score": 0.0, "support": 24}, "general-affiliation": {"precision": 0.11627906976744186, "recall": 0.06666666666666667, "f1-score": 0.0847457627118644, "support": 75}, "named": {"precision": 0.0847457627118644, "recall": 0.1079136690647482, "f1-score": 0.0949367088607595, "support": 139}, "opposite": {"precision": 0.0, "recall": 0.0, "f1-score": 0.0, "support": 11}, "origin": {"precision": 0.17647058823529413, "recall": 0.06741573033707865, "f1-score": 0.09756097560975609, "support": 89}, "part-of": {"precision": 0.20043103448275862, "recall": 0.43457943925233644, "f1-score": 0.2743362831858407, "support": 214}, "physical": {"precision": 0.07, "recall": 0.06862745098039216, "f1-score": 0.06930693069306931, "support": 102}, "role": {"precision": 0.08333333333333333, "recall": 0.14678899082568808, "f1-score": 0.10631229235880399, "support": 109}, "social": {"precision": 0.0, "recall": 0.0, "f1-score": 0.0, "support": 1}, "temporal": {"precision": 0.0, "recall": 0.0, "f1-score": 0.0, "support": 21}, "topic": {"precision": 0.0, "recall": 0.0, "f1-score": 0.0, "support": 41}, "type-of": {"precision": 0.0, "recall": 0.0, "f1-score": 0.0, "support": 54}, "usage": {"precision": 0.0, "recall": 0.0, "f1-score": 0.0, "support": 122}, "win-defeat": {"precision": 0.0, "recall": 0.0, "f1-score": 0.0, "support": 7}, "micro avg": {"precision": 0.129547471162378, "recall": 0.12553740326741186, "f1-score": 0.1275109170305677, "support": 1163}, "macro avg": {"precision": 0.04607104943992614, "recall": 0.05464876377434984, "f1-score": 0.045320129215490425, "support": 1163}, "weighted avg": {"precision": 0.08678627508639876, "recall": 0.12553740326741186, "f1-score": 0.09481568635782164, "support": 1163}, "samples avg": {"precision": 0.129547471162378, "recall": 0.12673765158237207, "f1-score": 0.12762496302868973, "support": 1163}}