{
    "related-to": {
        "precision": 0.22077922077922077,
        "recall": 0.1574074074074074,
        "f1-score": 0.18378378378378377,
        "support": 108
    },
    "artifact": {
        "precision": 0.6875,
        "recall": 0.2682926829268293,
        "f1-score": 0.38596491228070173,
        "support": 41
    },
    "cause-effect": {
        "precision": 0.0,
        "recall": 0.0,
        "f1-score": 0.0,
        "support": 5
    },
    "compare": {
        "precision": 0.0,
        "recall": 0.0,
        "f1-score": 0.0,
        "support": 24
    },
    "general-affiliation": {
        "precision": 0.20930232558139536,
        "recall": 0.12,
        "f1-score": 0.15254237288135591,
        "support": 75
    },
    "named": {
        "precision": 0.5819209039548022,
        "recall": 0.7410071942446043,
        "f1-score": 0.6518987341772151,
        "support": 139
    },
    "opposite": {
        "precision": 0.6666666666666666,
        "recall": 0.18181818181818182,
        "f1-score": 0.28571428571428575,
        "support": 11
    },
    "origin": {
        "precision": 0.38235294117647056,
        "recall": 0.14606741573033707,
        "f1-score": 0.2113821138211382,
        "support": 89
    },
    "part-of": {
        "precision": 0.32112068965517243,
        "recall": 0.6962616822429907,
        "f1-score": 0.43952802359882004,
        "support": 214
    },
    "physical": {
        "precision": 0.87,
        "recall": 0.8529411764705882,
        "f1-score": 0.8613861386138614,
        "support": 102
    },
    "role": {
        "precision": 0.421875,
        "recall": 0.7431192660550459,
        "f1-score": 0.5382059800664452,
        "support": 109
    },
    "social": {
        "precision": 0.0,
        "recall": 0.0,
        "f1-score": 0.0,
        "support": 1
    },
    "temporal": {
        "precision": 0.5,
        "recall": 0.23809523809523808,
        "f1-score": 0.3225806451612903,
        "support": 21
    },
    "topic": {
        "precision": 0.0,
        "recall": 0.0,
        "f1-score": 0.0,
        "support": 41
    },
    "type-of": {
        "precision": 0.0,
        "recall": 0.0,
        "f1-score": 0.0,
        "support": 54
    },
    "usage": {
        "precision": 0.0,
        "recall": 0.0,
        "f1-score": 0.0,
        "support": 122
    },
    "win-defeat": {
        "precision": 0.36363636363636365,
        "recall": 0.5714285714285714,
        "f1-score": 0.4444444444444444,
        "support": 7
    },
    "micro avg": {
        "precision": 0.42679680567879325,
        "recall": 0.413585554600172,
        "f1-score": 0.4200873362445415,
        "support": 1163
    },
    "macro avg": {
        "precision": 999999,
        "recall": 999999,
        "f1-score": 0.2633783196790201,
        "support": 1163
    },
    "weighted avg": {
        "precision": 0.3495002047654159,
        "recall": 0.413585554600172,
        "f1-score": 0.35266880225050096,
        "support": 1163
    },
    "samples avg": {
        "precision": 0.42679680567879325,
        "recall": 0.4142265601892931,
        "f1-score": 0.4183673469387755,
        "support": 1163
    }
}