{"related-to": {"precision": 0.08888888888888889, "recall": 0.1111111111111111, "f1-score": 0.09876543209876543, "support": 108}, "artifact": {"precision": 0.038461538461538464, "recall": 0.024390243902439025, "f1-score": 0.029850746268656723, "support": 41}, "cause-effect": {"precision": 0.0, "recall": 0.0, "f1-score": 0.0, "support": 5}, "compare": {"precision": 0.0, "recall": 0.0, "f1-score": 0.0, "support": 24}, "general-affiliation": {"precision": 0.06451612903225806, "recall": 0.16, "f1-score": 0.09195402298850575, "support": 75}, "named": {"precision": 0.13468013468013468, "recall": 0.28776978417266186, "f1-score": 0.18348623853211007, "support": 139}, "opposite": {"precision": 0.0, "recall": 0.0, "f1-score": 0.0, "support": 11}, "origin": {"precision": 0.10526315789473684, "recall": 0.06741573033707865, "f1-score": 0.0821917808219178, "support": 89}, "part-of": {"precision": 0.24878048780487805, "recall": 0.2383177570093458, "f1-score": 0.24343675417661098, "support": 214}, "physical": {"precision": 0.14, "recall": 0.13725490196078433, "f1-score": 0.13861386138613863, "support": 102}, "role": {"precision": 0.09195402298850575, "recall": 0.07339449541284404, "f1-score": 0.08163265306122448, "support": 109}, "social": {"precision": 0.0, "recall": 0.0, "f1-score": 0.0, "support": 1}, "temporal": {"precision": 0.07142857142857142, "recall": 0.047619047619047616, "f1-score": 0.057142857142857134, "support": 21}, "topic": {"precision": 0.0, "recall": 0.0, "f1-score": 0.0, "support": 41}, "type-of": {"precision": 0.0, "recall": 0.0, "f1-score": 0.0, "support": 54}, "usage": {"precision": 0.0, "recall": 0.0, "f1-score": 0.0, "support": 122}, "win-defeat": {"precision": 0.0, "recall": 0.0, "f1-score": 0.0, "support": 7}, "micro avg": {"precision": 0.12866015971606035, "recall": 0.12467755803955288, "f1-score": 0.12663755458515286, "support": 1163}, "macro avg": {"precision": 0.05788076065761836, "recall": 0.06748665126619484, "f1-score": 0.059239667439811, "support": 1163}, "weighted avg": {"precision": 0.10588702100043315, "recall": 0.12467755803955288, "f1-score": 0.1100075606842544, "support": 1163}, "samples avg": {"precision": 0.12866015971606035, "recall": 0.12451937296657792, "f1-score": 0.1258503401360544, "support": 1163}}