{
    "related-to": {
        "precision": 0.296969696969697,
        "recall": 0.4537037037037037,
        "f1-score": 0.35897435897435903,
        "support": 108
    },
    "artifact": {
        "precision": 0.4864864864864865,
        "recall": 0.43902439024390244,
        "f1-score": 0.4615384615384615,
        "support": 41
    },
    "cause-effect": {
        "precision": 0.0,
        "recall": 0.0,
        "f1-score": 0.0,
        "support": 5
    },
    "compare": {
        "precision": 0.0,
        "recall": 0.0,
        "f1-score": 0.0,
        "support": 24
    },
    "general-affiliation": {
        "precision": 0.14102564102564102,
        "recall": 0.29333333333333333,
        "f1-score": 0.19047619047619047,
        "support": 75
    },
    "named": {
        "precision": 0.5743589743589743,
        "recall": 0.8057553956834532,
        "f1-score": 0.6706586826347304,
        "support": 139
    },
    "opposite": {
        "precision": 0.0,
        "recall": 0.0,
        "f1-score": 0.0,
        "support": 11
    },
    "origin": {
        "precision": 0.6296296296296297,
        "recall": 0.38202247191011235,
        "f1-score": 0.4755244755244755,
        "support": 89
    },
    "part-of": {
        "precision": 0.34317343173431736,
        "recall": 0.43457943925233644,
        "f1-score": 0.3835051546391752,
        "support": 214
    },
    "physical": {
        "precision": 0.7333333333333333,
        "recall": 0.8627450980392157,
        "f1-score": 0.7927927927927927,
        "support": 102
    },
    "role": {
        "precision": 0.5982142857142857,
        "recall": 0.6146788990825688,
        "f1-score": 0.6063348416289592,
        "support": 109
    },
    "social": {
        "precision": 0.0,
        "recall": 0.0,
        "f1-score": 0.0,
        "support": 1
    },
    "temporal": {
        "precision": 0.4444444444444444,
        "recall": 0.19047619047619047,
        "f1-score": 0.26666666666666666,
        "support": 21
    },
    "topic": {
        "precision": 0.0,
        "recall": 0.0,
        "f1-score": 0.0,
        "support": 41
    },
    "type-of": {
        "precision": 0.0,
        "recall": 0.0,
        "f1-score": 0.0,
        "support": 54
    },
    "usage": {
        "precision": 0.0,
        "recall": 0.0,
        "f1-score": 0.0,
        "support": 122
    },
    "win-defeat": {
        "precision": 0.6,
        "recall": 0.42857142857142855,
        "f1-score": 0.5,
        "support": 7
    },
    "micro avg": {
        "precision": 0.43478260869565216,
        "recall": 0.42132416165090286,
        "f1-score": 0.4279475982532751,
        "support": 1163
    },
    "macro avg": {
        "precision": 999999,
        "recall": 999999,
        "f1-score": 0.2768512720515183,
        "support": 1163
    },
    "weighted avg": {
        "precision": 0.3658180014065909,
        "recall": 0.42132416165090286,
        "f1-score": 0.3831872079803377,
        "support": 1163
    },
    "samples avg": {
        "precision": 0.43478260869565216,
        "recall": 0.424874297545105,
        "f1-score": 0.42812777284826975,
        "support": 1163
    }
}