{
    "related-to": {
        "precision": 0.0,
        "recall": 0.0,
        "f1-score": 0.0,
        "support": 76
    },
    "artifact": {
        "precision": 0.0,
        "recall": 0.0,
        "f1-score": 0.0,
        "support": 2
    },
    "cause-effect": {
        "precision": 0.0,
        "recall": 0.0,
        "f1-score": 0.0,
        "support": 0
    },
    "compare": {
        "precision": 0.0,
        "recall": 0.0,
        "f1-score": 0.0,
        "support": 6
    },
    "general-affiliation": {
        "precision": 0.15555555555555556,
        "recall": 0.45161290322580644,
        "f1-score": 0.23140495867768598,
        "support": 31
    },
    "named": {
        "precision": 0.6495726495726496,
        "recall": 0.5846153846153846,
        "f1-score": 0.6153846153846154,
        "support": 130
    },
    "opposite": {
        "precision": 0.16901408450704225,
        "recall": 0.22641509433962265,
        "f1-score": 0.1935483870967742,
        "support": 53
    },
    "origin": {
        "precision": 0.2,
        "recall": 0.01818181818181818,
        "f1-score": 0.03333333333333333,
        "support": 55
    },
    "part-of": {
        "precision": 0.15,
        "recall": 0.02564102564102564,
        "f1-score": 0.043795620437956206,
        "support": 117
    },
    "physical": {
        "precision": 0.6708074534161491,
        "recall": 0.7921760391198044,
        "f1-score": 0.726457399103139,
        "support": 409
    },
    "role": {
        "precision": 0.6283068783068783,
        "recall": 0.5688622754491018,
        "f1-score": 0.5971087366436203,
        "support": 835
    },
    "social": {
        "precision": 0.0,
        "recall": 0.0,
        "f1-score": 0.0,
        "support": 21
    },
    "temporal": {
        "precision": 0.8780487804878049,
        "recall": 0.8208469055374593,
        "f1-score": 0.8484848484848486,
        "support": 307
    },
    "topic": {
        "precision": 0.0,
        "recall": 0.0,
        "f1-score": 0.0,
        "support": 13
    },
    "type-of": {
        "precision": 0.0,
        "recall": 0.0,
        "f1-score": 0.0,
        "support": 28
    },
    "usage": {
        "precision": 0.0,
        "recall": 0.0,
        "f1-score": 0.0,
        "support": 0
    },
    "win-defeat": {
        "precision": 0.0,
        "recall": 0.0,
        "f1-score": 0.0,
        "support": 41
    },
    "micro avg": {
        "precision": 0.6318951392681594,
        "recall": 0.5447269303201506,
        "f1-score": 0.5850821744627054,
        "support": 2124
    },
    "macro avg": {
        "precision": 999999,
        "recall": 999999,
        "f1-score": 0.21930119327746486,
        "support": 2124
    },
    "weighted avg": {
        "precision": 0.5627739550794465,
        "recall": 0.5447269303201506,
        "f1-score": 0.5464127867114722,
        "support": 2124
    },
    "samples avg": {
        "precision": 0.6318951392681594,
        "recall": 0.55598033861278,
        "f1-score": 0.581285272164573,
        "support": 2124
    }
}