{"related-to": {"precision": 0.0, "recall": 0.0, "f1-score": 0.0, "support": 76}, "artifact": {"precision": 0.0, "recall": 0.0, "f1-score": 0.0, "support": 2}, "cause-effect": {"precision": 0.0, "recall": 0.0, "f1-score": 0.0, "support": 0}, "compare": {"precision": 0.0, "recall": 0.0, "f1-score": 0.0, "support": 6}, "general-affiliation": {"precision": 0.011494252873563218, "recall": 0.03225806451612903, "f1-score": 0.01694915254237288, "support": 31}, "named": {"precision": 0.05844155844155844, "recall": 0.06923076923076923, "f1-score": 0.06338028169014084, "support": 130}, "opposite": {"precision": 0.0, "recall": 0.0, "f1-score": 0.0, "support": 53}, "origin": {"precision": 0.09090909090909091, "recall": 0.01818181818181818, "f1-score": 0.0303030303030303, "support": 55}, "part-of": {"precision": 0.08, "recall": 0.03418803418803419, "f1-score": 0.04790419161676647, "support": 117}, "physical": {"precision": 0.2, "recall": 0.3154034229828851, "f1-score": 0.24478178368121442, "support": 409}, "role": {"precision": 0.468562874251497, "recall": 0.37485029940119763, "f1-score": 0.41650033266799735, "support": 835}, "social": {"precision": 0.0, "recall": 0.0, "f1-score": 0.0, "support": 21}, "temporal": {"precision": 0.14948453608247422, "recall": 0.09446254071661238, "f1-score": 0.11576846307385229, "support": 307}, "topic": {"precision": 0.0, "recall": 0.0, "f1-score": 0.0, "support": 13}, "type-of": {"precision": 0.0, "recall": 0.0, "f1-score": 0.0, "support": 28}, "usage": {"precision": 0.0, "recall": 0.0, "f1-score": 0.0, "support": 0}, "win-defeat": {"precision": 0.0, "recall": 0.0, "f1-score": 0.0, "support": 41}, "micro avg": {"precision": 0.2654287274713271, "recall": 0.2288135593220339, "f1-score": 0.24576485461441214, "support": 2124}, "macro avg": {"precision": 0.06228778309165788, "recall": 0.05521029113043798, "f1-score": 0.05503454326913968, "support": 2124}, "weighted avg": {"precision": 0.2548283790083817, "recall": 0.2288135593220339, "f1-score": 0.23515572641310137, "support": 2124}, "samples avg": {"precision": 0.2654287274713271, "recall": 0.2255598033861278, "f1-score": 0.23884944474786088, "support": 2124}}