{
    "related-to": {
        "precision": 0.0,
        "recall": 0.0,
        "f1-score": 0.0,
        "support": 76
    },
    "artifact": {
        "precision": 0.6666666666666666,
        "recall": 1.0,
        "f1-score": 0.8,
        "support": 2
    },
    "cause-effect": {
        "precision": 0.0,
        "recall": 0.0,
        "f1-score": 0.0,
        "support": 0
    },
    "compare": {
        "precision": 0.0,
        "recall": 0.0,
        "f1-score": 0.0,
        "support": 6
    },
    "general-affiliation": {
        "precision": 0.5172413793103449,
        "recall": 0.4838709677419355,
        "f1-score": 0.5000000000000001,
        "support": 31
    },
    "named": {
        "precision": 0.7054263565891473,
        "recall": 0.7,
        "f1-score": 0.7027027027027026,
        "support": 130
    },
    "opposite": {
        "precision": 0.5,
        "recall": 0.03773584905660377,
        "f1-score": 0.07017543859649122,
        "support": 53
    },
    "origin": {
        "precision": 0.5,
        "recall": 0.12727272727272726,
        "f1-score": 0.2028985507246377,
        "support": 55
    },
    "part-of": {
        "precision": 0.30158730158730157,
        "recall": 0.1623931623931624,
        "f1-score": 0.2111111111111111,
        "support": 117
    },
    "physical": {
        "precision": 0.6360759493670886,
        "recall": 0.9828850855745721,
        "f1-score": 0.7723342939481267,
        "support": 409
    },
    "role": {
        "precision": 0.6960110041265475,
        "recall": 0.6059880239520958,
        "f1-score": 0.647887323943662,
        "support": 835
    },
    "social": {
        "precision": 1.0,
        "recall": 0.047619047619047616,
        "f1-score": 0.0909090909090909,
        "support": 21
    },
    "temporal": {
        "precision": 0.8287292817679558,
        "recall": 0.48859934853420195,
        "f1-score": 0.6147540983606558,
        "support": 307
    },
    "topic": {
        "precision": 0.0,
        "recall": 0.0,
        "f1-score": 0.0,
        "support": 13
    },
    "type-of": {
        "precision": 0.2682926829268293,
        "recall": 0.39285714285714285,
        "f1-score": 0.31884057971014496,
        "support": 28
    },
    "usage": {
        "precision": 0.0,
        "recall": 0.0,
        "f1-score": 0.0,
        "support": 0
    },
    "win-defeat": {
        "precision": 0.0,
        "recall": 0.0,
        "f1-score": 0.0,
        "support": 41
    },
    "micro avg": {
        "precision": 0.6586564718732932,
        "recall": 0.5677966101694916,
        "f1-score": 0.6098609355246524,
        "support": 2124
    },
    "macro avg": {
        "precision": 999999,
        "recall": 999999,
        "f1-score": 0.32877421266710816,
        "support": 2124
    },
    "weighted avg": {
        "precision": 0.6227002321543208,
        "recall": 0.5677966101694916,
        "f1-score": 0.5670747866959785,
        "support": 2124
    },
    "samples avg": {
        "precision": 0.6586564718732932,
        "recall": 0.5849262697979246,
        "f1-score": 0.6095030038230476,
        "support": 2124
    }
}