{"related-to": {"precision": 0.0, "recall": 0.0, "f1-score": 0.0, "support": 76}, "artifact": {"precision": 0.0, "recall": 0.0, "f1-score": 0.0, "support": 2}, "cause-effect": {"precision": 0.0, "recall": 0.0, "f1-score": 0.0, "support": 0}, "compare": {"precision": 0.0, "recall": 0.0, "f1-score": 0.0, "support": 6}, "general-affiliation": {"precision": 0.0, "recall": 0.0, "f1-score": 0.0, "support": 31}, "named": {"precision": 0.08, "recall": 0.1076923076923077, "f1-score": 0.0918032786885246, "support": 130}, "opposite": {"precision": 0.0, "recall": 0.0, "f1-score": 0.0, "support": 53}, "origin": {"precision": 0.19230769230769232, "recall": 0.09090909090909091, "f1-score": 0.1234567901234568, "support": 55}, "part-of": {"precision": 0.07657657657657657, "recall": 0.1452991452991453, "f1-score": 0.10029498525073746, "support": 117}, "physical": {"precision": 0.2161290322580645, "recall": 0.3276283618581907, "f1-score": 0.26044703595724006, "support": 409}, "role": {"precision": 0.426, "recall": 0.25508982035928146, "f1-score": 0.31910112359550563, "support": 835}, "social": {"precision": 0.0, "recall": 0.0, "f1-score": 0.0, "support": 21}, "temporal": {"precision": 0.14736842105263157, "recall": 0.09120521172638436, "f1-score": 0.11267605633802816, "support": 307}, "topic": {"precision": 0.0, "recall": 0.0, "f1-score": 0.0, "support": 13}, "type-of": {"precision": 0.0, "recall": 0.0, "f1-score": 0.0, "support": 28}, "usage": {"precision": 0.0, "recall": 0.0, "f1-score": 0.0, "support": 0}, "win-defeat": {"precision": 0.0, "recall": 0.0, "f1-score": 0.0, "support": 41}, "micro avg": {"precision": 0.22446750409612234, "recall": 0.19350282485875706, "f1-score": 0.20783817951959546, "support": 2124}, "macro avg": {"precision": 0.06696363071735088, "recall": 0.059871996343788265, "f1-score": 0.059281133526676036, "support": 2124}, "weighted avg": {"precision": 0.24448458662574804, "recall": 0.19350282485875706, "f1-score": 0.20622546523783786, "support": 2124}, "samples avg": {"precision": 0.22446750409612234, "recall": 0.19579464773347896, "f1-score": 0.20535226652102676, "support": 2124}}