{
    "related-to": {
        "precision": 0.8333333333333334,
        "recall": 0.19230769230769232,
        "f1-score": 0.3125,
        "support": 26
    },
    "artifact": {
        "precision": 0.7366863905325444,
        "recall": 0.9613899613899614,
        "f1-score": 0.8341708542713567,
        "support": 259
    },
    "cause-effect": {
        "precision": 0.0,
        "recall": 0.0,
        "f1-score": 0.0,
        "support": 4
    },
    "compare": {
        "precision": 0.0,
        "recall": 0.0,
        "f1-score": 0.0,
        "support": 5
    },
    "general-affiliation": {
        "precision": 0.7847058823529411,
        "recall": 0.9238227146814404,
        "f1-score": 0.8486005089058524,
        "support": 722
    },
    "named": {
        "precision": 1.0,
        "recall": 0.024096385542168676,
        "f1-score": 0.047058823529411764,
        "support": 83
    },
    "opposite": {
        "precision": 0.0,
        "recall": 0.0,
        "f1-score": 0.0,
        "support": 6
    },
    "origin": {
        "precision": 0.17142857142857143,
        "recall": 0.3157894736842105,
        "f1-score": 0.22222222222222224,
        "support": 19
    },
    "part-of": {
        "precision": 0.425531914893617,
        "recall": 0.3409090909090909,
        "f1-score": 0.3785488958990536,
        "support": 176
    },
    "physical": {
        "precision": 0.9038031319910514,
        "recall": 0.9688249400479616,
        "f1-score": 0.9351851851851851,
        "support": 417
    },
    "role": {
        "precision": 0.7473309608540926,
        "recall": 0.554089709762533,
        "f1-score": 0.6363636363636364,
        "support": 379
    },
    "social": {
        "precision": 0.0,
        "recall": 0.0,
        "f1-score": 0.0,
        "support": 22
    },
    "temporal": {
        "precision": 0.21428571428571427,
        "recall": 0.25,
        "f1-score": 0.23076923076923075,
        "support": 24
    },
    "topic": {
        "precision": 0.0,
        "recall": 0.0,
        "f1-score": 0.0,
        "support": 8
    },
    "type-of": {
        "precision": 0.9318181818181818,
        "recall": 0.6890756302521008,
        "f1-score": 0.7922705314009661,
        "support": 119
    },
    "usage": {
        "precision": 1.0,
        "recall": 0.36538461538461536,
        "f1-score": 0.5352112676056338,
        "support": 52
    },
    "win-defeat": {
        "precision": 0.7628865979381443,
        "recall": 0.7956989247311828,
        "f1-score": 0.7789473684210526,
        "support": 93
    },
    "micro avg": {
        "precision": 0.7650085763293311,
        "recall": 0.7390223695111847,
        "f1-score": 0.7517909818794773,
        "support": 2414
    },
    "macro avg": {
        "precision": 999999,
        "recall": 999999,
        "f1-score": 0.3854028543866824,
        "support": 2414
    },
    "weighted avg": {
        "precision": 0.7619216501007774,
        "recall": 0.7390223695111847,
        "f1-score": 0.7219814893527635,
        "support": 2414
    },
    "samples avg": {
        "precision": 0.7650085763293311,
        "recall": 0.7502144082332761,
        "f1-score": 0.7551457975986278,
        "support": 2414
    }
}