{
    "related-to": {
        "precision": 0.2564102564102564,
        "recall": 0.23809523809523808,
        "f1-score": 0.24691358024691357,
        "support": 126
    },
    "artifact": {
        "precision": 0.6666666666666666,
        "recall": 0.5454545454545454,
        "f1-score": 0.6,
        "support": 33
    },
    "cause-effect": {
        "precision": 0.0,
        "recall": 0.0,
        "f1-score": 0.0,
        "support": 76
    },
    "compare": {
        "precision": 0.0,
        "recall": 0.0,
        "f1-score": 0.0,
        "support": 39
    },
    "general-affiliation": {
        "precision": 0.3424657534246575,
        "recall": 0.3424657534246575,
        "f1-score": 0.3424657534246575,
        "support": 73
    },
    "named": {
        "precision": 0.453125,
        "recall": 0.8055555555555556,
        "f1-score": 0.58,
        "support": 108
    },
    "opposite": {
        "precision": 0.0,
        "recall": 0.0,
        "f1-score": 0.0,
        "support": 5
    },
    "origin": {
        "precision": 0.4225352112676056,
        "recall": 0.3191489361702128,
        "f1-score": 0.36363636363636365,
        "support": 94
    },
    "part-of": {
        "precision": 0.09207161125319693,
        "recall": 0.4,
        "f1-score": 0.1496881496881497,
        "support": 90
    },
    "physical": {
        "precision": 0.8018867924528302,
        "recall": 0.7589285714285714,
        "f1-score": 0.7798165137614678,
        "support": 224
    },
    "role": {
        "precision": 0.5242290748898678,
        "recall": 0.4160839160839161,
        "f1-score": 0.46393762183235865,
        "support": 286
    },
    "social": {
        "precision": 0.0,
        "recall": 0.0,
        "f1-score": 0.0,
        "support": 14
    },
    "temporal": {
        "precision": 0.45,
        "recall": 0.6923076923076923,
        "f1-score": 0.5454545454545455,
        "support": 26
    },
    "topic": {
        "precision": 0.0,
        "recall": 0.0,
        "f1-score": 0.0,
        "support": 66
    },
    "type-of": {
        "precision": 0.3333333333333333,
        "recall": 0.05128205128205128,
        "f1-score": 0.08888888888888889,
        "support": 117
    },
    "usage": {
        "precision": 0.0,
        "recall": 0.0,
        "f1-score": 0.0,
        "support": 24
    },
    "win-defeat": {
        "precision": 0.8333333333333334,
        "recall": 0.3409090909090909,
        "f1-score": 0.4838709677419354,
        "support": 44
    },
    "micro avg": {
        "precision": 0.39798850574712646,
        "recall": 0.3833910034602076,
        "f1-score": 0.39055340148043705,
        "support": 1445
    },
    "macro avg": {
        "precision": 999999,
        "recall": 999999,
        "f1-score": 0.27321602262795763,
        "support": 1445
    },
    "weighted avg": {
        "precision": 0.41049741922092575,
        "recall": 0.3833910034602076,
        "f1-score": 0.3733163061965048,
        "support": 1445
    },
    "samples avg": {
        "precision": 0.39798850574712646,
        "recall": 0.3796695402298851,
        "f1-score": 0.3857758620689655,
        "support": 1445
    }
}