{
    "related-to": {
        "precision": 0.2541436464088398,
        "recall": 0.36507936507936506,
        "f1-score": 0.29967426710097717,
        "support": 126
    },
    "artifact": {
        "precision": 0.8148148148148148,
        "recall": 0.6666666666666666,
        "f1-score": 0.7333333333333333,
        "support": 33
    },
    "cause-effect": {
        "precision": 0.0,
        "recall": 0.0,
        "f1-score": 0.0,
        "support": 76
    },
    "compare": {
        "precision": 0.0,
        "recall": 0.0,
        "f1-score": 0.0,
        "support": 39
    },
    "general-affiliation": {
        "precision": 0.23318385650224216,
        "recall": 0.7123287671232876,
        "f1-score": 0.35135135135135137,
        "support": 73
    },
    "named": {
        "precision": 0.34552845528455284,
        "recall": 0.7870370370370371,
        "f1-score": 0.480225988700565,
        "support": 108
    },
    "opposite": {
        "precision": 0.0,
        "recall": 0.0,
        "f1-score": 0.0,
        "support": 5
    },
    "origin": {
        "precision": 0.5806451612903226,
        "recall": 0.19148936170212766,
        "f1-score": 0.288,
        "support": 94
    },
    "part-of": {
        "precision": 0.08148148148148149,
        "recall": 0.12222222222222222,
        "f1-score": 0.09777777777777778,
        "support": 90
    },
    "physical": {
        "precision": 0.819047619047619,
        "recall": 0.7678571428571429,
        "f1-score": 0.7926267281105991,
        "support": 224
    },
    "role": {
        "precision": 0.5823293172690763,
        "recall": 0.506993006993007,
        "f1-score": 0.5420560747663551,
        "support": 286
    },
    "social": {
        "precision": 0.5,
        "recall": 0.14285714285714285,
        "f1-score": 0.22222222222222224,
        "support": 14
    },
    "temporal": {
        "precision": 0.6176470588235294,
        "recall": 0.8076923076923077,
        "f1-score": 0.7,
        "support": 26
    },
    "topic": {
        "precision": 1.0,
        "recall": 0.015151515151515152,
        "f1-score": 0.02985074626865672,
        "support": 66
    },
    "type-of": {
        "precision": 0.3333333333333333,
        "recall": 0.017094017094017096,
        "f1-score": 0.032520325203252036,
        "support": 117
    },
    "usage": {
        "precision": 0.0,
        "recall": 0.0,
        "f1-score": 0.0,
        "support": 24
    },
    "win-defeat": {
        "precision": 0.9722222222222222,
        "recall": 0.7954545454545454,
        "f1-score": 0.875,
        "support": 44
    },
    "micro avg": {
        "precision": 0.4396551724137931,
        "recall": 0.4235294117647059,
        "f1-score": 0.4314416637292915,
        "support": 1445
    },
    "macro avg": {
        "precision": 999999,
        "recall": 999999,
        "f1-score": 0.3202728714608876,
        "support": 1445
    },
    "weighted avg": {
        "precision": 0.48167052888528294,
        "recall": 0.4235294117647059,
        "f1-score": 0.3968903639976522,
        "support": 1445
    },
    "samples avg": {
        "precision": 0.4396551724137931,
        "recall": 0.4209770114942529,
        "f1-score": 0.4272030651340996,
        "support": 1445
    }
}