{"related-to": {"precision": 0.0, "recall": 0.0, "f1-score": 0.0, "support": 6}, "artifact": {"precision": 0.0, "recall": 0.0, "f1-score": 0.0, "support": 0}, "cause-effect": {"precision": 0.0, "recall": 0.0, "f1-score": 0.0, "support": 0}, "compare": {"precision": 0.0, "recall": 0.0, "f1-score": 0.0, "support": 0}, "general-affiliation": {"precision": 0.1, "recall": 0.1, "f1-score": 0.10000000000000002, "support": 10}, "named": {"precision": 0.0, "recall": 0.0, "f1-score": 0.0, "support": 4}, "opposite": {"precision": 0.0, "recall": 0.0, "f1-score": 0.0, "support": 39}, "origin": {"precision": 0.0, "recall": 0.0, "f1-score": 0.0, "support": 0}, "part-of": {"precision": 0.0, "recall": 0.0, "f1-score": 0.0, "support": 28}, "physical": {"precision": 0.3344947735191638, "recall": 0.7441860465116279, "f1-score": 0.4615384615384616, "support": 129}, "role": {"precision": 0.4262295081967213, "recall": 0.18055555555555555, "f1-score": 0.25365853658536586, "support": 144}, "social": {"precision": 0.0, "recall": 0.0, "f1-score": 0.0, "support": 0}, "temporal": {"precision": 0.0, "recall": 0.0, "f1-score": 0.0, "support": 1}, "topic": {"precision": 0.0, "recall": 0.0, "f1-score": 0.0, "support": 0}, "type-of": {"precision": 0.0, "recall": 0.0, "f1-score": 0.0, "support": 0}, "usage": {"precision": 0.0, "recall": 0.0, "f1-score": 0.0, "support": 0}, "win-defeat": {"precision": 1.0, "recall": 0.02857142857142857, "f1-score": 0.05555555555555556, "support": 35}, "micro avg": {"precision": 0.31313131313131315, "recall": 0.31313131313131315, "f1-score": 0.31313131313131315, "support": 396}, "macro avg": {"precision": 0.10945436951269913, "recall": 0.06195959003756541, "f1-score": 0.05122073845172842, "support": 396}, "weighted avg": {"precision": 0.3548658458694444, "recall": 0.31313131313131315, "f1-score": 0.2500245839676734, "support": 396}, "samples avg": {"precision": 0.31313131313131315, "recall": 0.31313131313131315, "f1-score": 0.31313131313131315, "support": 396}}