{
    "related-to": {
        "precision": 0.2,
        "recall": 0.16666666666666666,
        "f1-score": 0.1818181818181818,
        "support": 6
    },
    "artifact": {
        "precision": 0.0,
        "recall": 0.0,
        "f1-score": 0.0,
        "support": 0
    },
    "cause-effect": {
        "precision": 0.0,
        "recall": 0.0,
        "f1-score": 0.0,
        "support": 0
    },
    "compare": {
        "precision": 0.0,
        "recall": 0.0,
        "f1-score": 0.0,
        "support": 0
    },
    "general-affiliation": {
        "precision": 0.17391304347826086,
        "recall": 0.4,
        "f1-score": 0.24242424242424243,
        "support": 10
    },
    "named": {
        "precision": 0.375,
        "recall": 0.75,
        "f1-score": 0.5,
        "support": 4
    },
    "opposite": {
        "precision": 0.0,
        "recall": 0.0,
        "f1-score": 0.0,
        "support": 39
    },
    "origin": {
        "precision": 0.0,
        "recall": 0.0,
        "f1-score": 0.0,
        "support": 0
    },
    "part-of": {
        "precision": 0.5,
        "recall": 0.03571428571428571,
        "f1-score": 0.06666666666666667,
        "support": 28
    },
    "physical": {
        "precision": 0.47761194029850745,
        "recall": 0.9922480620155039,
        "f1-score": 0.6448362720403022,
        "support": 129
    },
    "role": {
        "precision": 0.547945205479452,
        "recall": 0.2777777777777778,
        "f1-score": 0.3686635944700461,
        "support": 144
    },
    "social": {
        "precision": 0.0,
        "recall": 0.0,
        "f1-score": 0.0,
        "support": 0
    },
    "temporal": {
        "precision": 0.07142857142857142,
        "recall": 1.0,
        "f1-score": 0.13333333333333333,
        "support": 1
    },
    "topic": {
        "precision": 0.0,
        "recall": 0.0,
        "f1-score": 0.0,
        "support": 0
    },
    "type-of": {
        "precision": 0.0,
        "recall": 0.0,
        "f1-score": 0.0,
        "support": 0
    },
    "usage": {
        "precision": 0.0,
        "recall": 0.0,
        "f1-score": 0.0,
        "support": 0
    },
    "win-defeat": {
        "precision": 0.0,
        "recall": 0.0,
        "f1-score": 0.0,
        "support": 35
    },
    "micro avg": {
        "precision": 0.4494949494949495,
        "recall": 0.4494949494949495,
        "f1-score": 0.4494949494949495,
        "support": 396
    },
    "macro avg": {
        "precision": 999999,
        "recall": 999999,
        "f1-score": 0.23752692119475252,
        "support": 396
    },
    "weighted avg": {
        "precision": 0.40158234569131246,
        "recall": 0.4494949494949495,
        "f1-score": 0.36309744497989177,
        "support": 396
    },
    "samples avg": {
        "precision": 0.4494949494949495,
        "recall": 0.4494949494949495,
        "f1-score": 0.4494949494949495,
        "support": 396
    }
}