{
    "related-to": {
        "precision": 0.32646048109965636,
        "recall": 0.753968253968254,
        "f1-score": 0.4556354916067146,
        "support": 126
    },
    "artifact": {
        "precision": 0.3448275862068966,
        "recall": 0.30303030303030304,
        "f1-score": 0.32258064516129037,
        "support": 33
    },
    "cause-effect": {
        "precision": 0.0,
        "recall": 0.0,
        "f1-score": 0.0,
        "support": 76
    },
    "compare": {
        "precision": 0.5,
        "recall": 0.20512820512820512,
        "f1-score": 0.29090909090909095,
        "support": 39
    },
    "general-affiliation": {
        "precision": 0.43333333333333335,
        "recall": 0.1780821917808219,
        "f1-score": 0.25242718446601936,
        "support": 73
    },
    "named": {
        "precision": 0.5982142857142857,
        "recall": 0.6203703703703703,
        "f1-score": 0.609090909090909,
        "support": 108
    },
    "opposite": {
        "precision": 0.0,
        "recall": 0.0,
        "f1-score": 0.0,
        "support": 5
    },
    "origin": {
        "precision": 0.37735849056603776,
        "recall": 0.2127659574468085,
        "f1-score": 0.272108843537415,
        "support": 94
    },
    "part-of": {
        "precision": 0.18691588785046728,
        "recall": 0.4444444444444444,
        "f1-score": 0.2631578947368421,
        "support": 90
    },
    "physical": {
        "precision": 0.7035573122529645,
        "recall": 0.7946428571428571,
        "f1-score": 0.7463312368972747,
        "support": 224
    },
    "role": {
        "precision": 0.33236994219653176,
        "recall": 0.4020979020979021,
        "f1-score": 0.36392405063291133,
        "support": 286
    },
    "social": {
        "precision": 0.0,
        "recall": 0.0,
        "f1-score": 0.0,
        "support": 14
    },
    "temporal": {
        "precision": 0.0,
        "recall": 0.0,
        "f1-score": 0.0,
        "support": 26
    },
    "topic": {
        "precision": 1.0,
        "recall": 0.13636363636363635,
        "f1-score": 0.24000000000000002,
        "support": 66
    },
    "type-of": {
        "precision": 1.0,
        "recall": 0.017094017094017096,
        "f1-score": 0.033613445378151266,
        "support": 117
    },
    "usage": {
        "precision": 0.0,
        "recall": 0.0,
        "f1-score": 0.0,
        "support": 24
    },
    "win-defeat": {
        "precision": 0.5675675675675675,
        "recall": 0.4772727272727273,
        "f1-score": 0.5185185185185185,
        "support": 44
    },
    "micro avg": {
        "precision": 0.41522988505747127,
        "recall": 0.4,
        "f1-score": 0.40747268241099754,
        "support": 1445
    },
    "macro avg": {
        "precision": 999999,
        "recall": 999999,
        "f1-score": 0.25695866534912565,
        "support": 1445
    },
    "weighted avg": {
        "precision": 0.471401764401007,
        "recall": 0.4,
        "f1-score": 0.3645122461695185,
        "support": 1445
    },
    "samples avg": {
        "precision": 0.41522988505747127,
        "recall": 0.3969109195402299,
        "f1-score": 0.40301724137931033,
        "support": 1445
    }
}