{"related-to": {"precision": 0.0625, "recall": 0.013157894736842105, "f1-score": 0.021739130434782608, "support": 76}, "artifact": {"precision": 0.0, "recall": 0.0, "f1-score": 0.0, "support": 2}, "cause-effect": {"precision": 0.0, "recall": 0.0, "f1-score": 0.0, "support": 0}, "compare": {"precision": 0.0, "recall": 0.0, "f1-score": 0.0, "support": 6}, "general-affiliation": {"precision": 0.03278688524590164, "recall": 0.06451612903225806, "f1-score": 0.043478260869565216, "support": 31}, "named": {"precision": 0.062146892655367235, "recall": 0.08461538461538462, "f1-score": 0.07166123778501628, "support": 130}, "opposite": {"precision": 0.0, "recall": 0.0, "f1-score": 0.0, "support": 53}, "origin": {"precision": 0.045454545454545456, "recall": 0.03636363636363636, "f1-score": 0.0404040404040404, "support": 55}, "part-of": {"precision": 0.04142011834319527, "recall": 0.05982905982905983, "f1-score": 0.04895104895104896, "support": 117}, "physical": {"precision": 0.234375, "recall": 0.36674816625916873, "f1-score": 0.28598665395614875, "support": 409}, "role": {"precision": 0.48409090909090907, "recall": 0.25508982035928146, "f1-score": 0.3341176470588235, "support": 835}, "social": {"precision": 0.0, "recall": 0.0, "f1-score": 0.0, "support": 21}, "temporal": {"precision": 0.13414634146341464, "recall": 0.10749185667752444, "f1-score": 0.1193490054249548, "support": 307}, "topic": {"precision": 0.0, "recall": 0.0, "f1-score": 0.0, "support": 13}, "type-of": {"precision": 0.0, "recall": 0.0, "f1-score": 0.0, "support": 28}, "usage": {"precision": 0.0, "recall": 0.0, "f1-score": 0.0, "support": 0}, "win-defeat": {"precision": 0.0, "recall": 0.0, "f1-score": 0.0, "support": 41}, "micro avg": {"precision": 0.2288367012561442, "recall": 0.1972693032015066, "f1-score": 0.21188369152970923, "support": 2124}, "macro avg": {"precision": 0.06452474660313726, "recall": 0.058106585169009156, "f1-score": 0.05680511911084591, "support": 2124}, "weighted avg": {"precision": 0.26480689936636154, "recall": 0.1972693032015066, "f1-score": 0.21321204203822539, "support": 2124}, "samples avg": {"precision": 0.2288367012561442, "recall": 0.198798470780994, "f1-score": 0.2088112142727107, "support": 2124}}