{"related-to": {"precision": 0.037037037037037035, "recall": 0.031746031746031744, "f1-score": 0.034188034188034185, "support": 126}, "artifact": {"precision": 0.0, "recall": 0.0, "f1-score": 0.0, "support": 33}, "cause-effect": {"precision": 0.0, "recall": 0.0, "f1-score": 0.0, "support": 76}, "compare": {"precision": 0.0, "recall": 0.0, "f1-score": 0.0, "support": 39}, "general-affiliation": {"precision": 0.030303030303030304, "recall": 0.0410958904109589, "f1-score": 0.03488372093023256, "support": 73}, "named": {"precision": 0.06989247311827956, "recall": 0.12037037037037036, "f1-score": 0.08843537414965986, "support": 108}, "opposite": {"precision": 0.0, "recall": 0.0, "f1-score": 0.0, "support": 5}, "origin": {"precision": 0.0392156862745098, "recall": 0.02127659574468085, "f1-score": 0.027586206896551724, "support": 94}, "part-of": {"precision": 0.05864197530864197, "recall": 0.2111111111111111, "f1-score": 0.09178743961352656, "support": 90}, "physical": {"precision": 0.13389121338912133, "recall": 0.14285714285714285, "f1-score": 0.13822894168466524, "support": 224}, "role": {"precision": 0.22033898305084745, "recall": 0.22727272727272727, "f1-score": 0.22375215146299485, "support": 286}, "social": {"precision": 0.0, "recall": 0.0, "f1-score": 0.0, "support": 14}, "temporal": {"precision": 0.027777777777777776, "recall": 0.038461538461538464, "f1-score": 0.03225806451612904, "support": 26}, "topic": {"precision": 0.0, "recall": 0.0, "f1-score": 0.0, "support": 66}, "type-of": {"precision": 0.0, "recall": 0.0, "f1-score": 0.0, "support": 117}, "usage": {"precision": 0.0, "recall": 0.0, "f1-score": 0.0, "support": 24}, "win-defeat": {"precision": 0.0, "recall": 0.0, "f1-score": 0.0, "support": 44}, "micro avg": {"precision": 0.09985632183908046, "recall": 0.09619377162629758, "f1-score": 0.09799083538949593, "support": 1445}, "macro avg": {"precision": 0.03629989272113207, "recall": 0.04907008282203303, "f1-score": 0.039477643143634944, "support": 1445}, "weighted avg": {"precision": 0.08105330826094917, "recall": 0.09619377162629758, "f1-score": 0.08515868878232297, "support": 1445}, "samples avg": {"precision": 0.09985632183908046, "recall": 0.09267241379310345, "f1-score": 0.0950670498084291, "support": 1445}}