{
    "related-to": {
        "precision": 0.2548262548262548,
        "recall": 0.5238095238095238,
        "f1-score": 0.3428571428571428,
        "support": 126
    },
    "artifact": {
        "precision": 0.7567567567567568,
        "recall": 0.8484848484848485,
        "f1-score": 0.8000000000000002,
        "support": 33
    },
    "cause-effect": {
        "precision": 0.0,
        "recall": 0.0,
        "f1-score": 0.0,
        "support": 76
    },
    "compare": {
        "precision": 0.0,
        "recall": 0.0,
        "f1-score": 0.0,
        "support": 39
    },
    "general-affiliation": {
        "precision": 0.27350427350427353,
        "recall": 0.4383561643835616,
        "f1-score": 0.33684210526315794,
        "support": 73
    },
    "named": {
        "precision": 0.3933649289099526,
        "recall": 0.7685185185185185,
        "f1-score": 0.5203761755485893,
        "support": 108
    },
    "opposite": {
        "precision": 0.0,
        "recall": 0.0,
        "f1-score": 0.0,
        "support": 5
    },
    "origin": {
        "precision": 0.5952380952380952,
        "recall": 0.26595744680851063,
        "f1-score": 0.3676470588235294,
        "support": 94
    },
    "part-of": {
        "precision": 0.1482758620689655,
        "recall": 0.4777777777777778,
        "f1-score": 0.2263157894736842,
        "support": 90
    },
    "physical": {
        "precision": 0.9210526315789473,
        "recall": 0.625,
        "f1-score": 0.7446808510638298,
        "support": 224
    },
    "role": {
        "precision": 0.6553398058252428,
        "recall": 0.47202797202797203,
        "f1-score": 0.5487804878048781,
        "support": 286
    },
    "social": {
        "precision": 0.5,
        "recall": 0.07142857142857142,
        "f1-score": 0.125,
        "support": 14
    },
    "temporal": {
        "precision": 0.6956521739130435,
        "recall": 0.6153846153846154,
        "f1-score": 0.6530612244897959,
        "support": 26
    },
    "topic": {
        "precision": 1.0,
        "recall": 0.015151515151515152,
        "f1-score": 0.02985074626865672,
        "support": 66
    },
    "type-of": {
        "precision": 0.2857142857142857,
        "recall": 0.017094017094017096,
        "f1-score": 0.03225806451612903,
        "support": 117
    },
    "usage": {
        "precision": 0.0,
        "recall": 0.0,
        "f1-score": 0.0,
        "support": 24
    },
    "win-defeat": {
        "precision": 0.8095238095238095,
        "recall": 0.7727272727272727,
        "f1-score": 0.7906976744186046,
        "support": 44
    },
    "micro avg": {
        "precision": 0.4353448275862069,
        "recall": 0.41937716262975777,
        "f1-score": 0.4272118434966514,
        "support": 1445
    },
    "macro avg": {
        "precision": 999999,
        "recall": 999999,
        "f1-score": 0.32460984238399987,
        "support": 1445
    },
    "weighted avg": {
        "precision": 0.5139827428490087,
        "recall": 0.41937716262975777,
        "f1-score": 0.4071568911344403,
        "support": 1445
    },
    "samples avg": {
        "precision": 0.4353448275862069,
        "recall": 0.4166666666666667,
        "f1-score": 0.42289272030651337,
        "support": 1445
    }
}