{
    "related-to": {
        "precision": 0.3238095238095238,
        "recall": 0.5396825396825397,
        "f1-score": 0.4047619047619047,
        "support": 126
    },
    "artifact": {
        "precision": 0.8571428571428571,
        "recall": 0.7272727272727273,
        "f1-score": 0.7868852459016394,
        "support": 33
    },
    "cause-effect": {
        "precision": 0.0,
        "recall": 0.0,
        "f1-score": 0.0,
        "support": 76
    },
    "compare": {
        "precision": 0.0,
        "recall": 0.0,
        "f1-score": 0.0,
        "support": 39
    },
    "general-affiliation": {
        "precision": 0.2517985611510791,
        "recall": 0.4794520547945205,
        "f1-score": 0.33018867924528306,
        "support": 73
    },
    "named": {
        "precision": 0.44329896907216493,
        "recall": 0.7962962962962963,
        "f1-score": 0.5695364238410595,
        "support": 108
    },
    "opposite": {
        "precision": 0.0,
        "recall": 0.0,
        "f1-score": 0.0,
        "support": 5
    },
    "origin": {
        "precision": 0.6923076923076923,
        "recall": 0.2872340425531915,
        "f1-score": 0.406015037593985,
        "support": 94
    },
    "part-of": {
        "precision": 0.1277533039647577,
        "recall": 0.32222222222222224,
        "f1-score": 0.1829652996845426,
        "support": 90
    },
    "physical": {
        "precision": 0.8532608695652174,
        "recall": 0.7008928571428571,
        "f1-score": 0.7696078431372549,
        "support": 224
    },
    "role": {
        "precision": 0.5756578947368421,
        "recall": 0.6118881118881119,
        "f1-score": 0.5932203389830508,
        "support": 286
    },
    "social": {
        "precision": 0.3333333333333333,
        "recall": 0.07142857142857142,
        "f1-score": 0.11764705882352941,
        "support": 14
    },
    "temporal": {
        "precision": 0.4883720930232558,
        "recall": 0.8076923076923077,
        "f1-score": 0.608695652173913,
        "support": 26
    },
    "topic": {
        "precision": 0.0,
        "recall": 0.0,
        "f1-score": 0.0,
        "support": 66
    },
    "type-of": {
        "precision": 1.0,
        "recall": 0.017094017094017096,
        "f1-score": 0.033613445378151266,
        "support": 117
    },
    "usage": {
        "precision": 0.0,
        "recall": 0.0,
        "f1-score": 0.0,
        "support": 24
    },
    "win-defeat": {
        "precision": 1.0,
        "recall": 0.4090909090909091,
        "f1-score": 0.5806451612903226,
        "support": 44
    },
    "micro avg": {
        "precision": 0.4619252873563218,
        "recall": 0.4449826989619377,
        "f1-score": 0.45329573493126546,
        "support": 1445
    },
    "macro avg": {
        "precision": 999999,
        "recall": 999999,
        "f1-score": 0.3166930641655668,
        "support": 1445
    },
    "weighted avg": {
        "precision": 0.5162982367514913,
        "recall": 0.4449826989619377,
        "f1-score": 0.41952988981169853,
        "support": 1445
    },
    "samples avg": {
        "precision": 0.4619252873563218,
        "recall": 0.4432471264367816,
        "f1-score": 0.44947318007662834,
        "support": 1445
    }
}