{"related-to": {"precision": 0.04339250493096647, "recall": 0.05314009661835749, "f1-score": 0.04777415852334419, "support": 414}, "artifact": {"precision": 0.075, "recall": 0.09448818897637795, "f1-score": 0.08362369337979093, "support": 635}, "cause-effect": {"precision": 0.0, "recall": 0.0, "f1-score": 0.0, "support": 86}, "compare": {"precision": 0.0, "recall": 0.0, "f1-score": 0.0, "support": 82}, "general-affiliation": {"precision": 0.14166085136078158, "recall": 0.1638418079096045, "f1-score": 0.15194610778443113, "support": 1239}, "named": {"precision": 0.06628787878787878, "recall": 0.06272401433691756, "f1-score": 0.06445672191528545, "support": 558}, "opposite": {"precision": 0.0, "recall": 0.0, "f1-score": 0.0, "support": 128}, "origin": {"precision": 0.02631578947368421, "recall": 0.013157894736842105, "f1-score": 0.017543859649122806, "support": 304}, "part-of": {"precision": 0.07717391304347826, "recall": 0.09847434119278779, "f1-score": 0.08653260207190736, "support": 721}, "physical": {"precision": 0.161723559037493, "recall": 0.1986254295532646, "f1-score": 0.1782850092535472, "support": 1455}, "role": {"precision": 0.2478231748158071, "recall": 0.18444666001994017, "f1-score": 0.21148899685624464, "support": 2006}, "social": {"precision": 0.0, "recall": 0.0, "f1-score": 0.0, "support": 105}, "temporal": {"precision": 0.03747072599531616, "recall": 0.0392156862745098, "f1-score": 0.03832335329341317, "support": 408}, "topic": {"precision": 0.0, "recall": 0.0, "f1-score": 0.0, "support": 170}, "type-of": {"precision": 0.025477707006369428, "recall": 0.011904761904761904, "f1-score": 0.016227180527383367, "support": 336}, "usage": {"precision": 0.0, "recall": 0.0, "f1-score": 0.0, "support": 200}, "win-defeat": {"precision": 0.04067796610169491, "recall": 0.03785488958990536, "f1-score": 0.0392156862745098, "support": 317}, "micro avg": {"precision": 0.12528841716658976, "recall": 0.11850720209515496, "f1-score": 0.1218034993270525, "support": 9164}, "macro avg": {"precision": 0.05547082767961588, "recall": 0.05634551594783937, "f1-score": 0.055024551148763534, "support": 9164}, "weighted avg": {"precision": 0.12122685155390009, "recall": 0.11850720209515496, "f1-score": 0.11807095310269758, "support": 9164}, "samples avg": {"precision": 0.12528841716658976, "recall": 0.1170012305799108, "f1-score": 0.11975080756806646, "support": 9164}}