{
    "related-to": {
        "precision": 0.26601941747572816,
        "recall": 0.3309178743961353,
        "f1-score": 0.294940796555436,
        "support": 414
    },
    "artifact": {
        "precision": 0.784471218206158,
        "recall": 0.9228346456692913,
        "f1-score": 0.8480463096960926,
        "support": 635
    },
    "cause-effect": {
        "precision": 0.0,
        "recall": 0.0,
        "f1-score": 0.0,
        "support": 86
    },
    "compare": {
        "precision": 0.875,
        "recall": 0.17073170731707318,
        "f1-score": 0.28571428571428575,
        "support": 82
    },
    "general-affiliation": {
        "precision": 0.7206666666666667,
        "recall": 0.8724778046811945,
        "f1-score": 0.7893391748813435,
        "support": 1239
    },
    "named": {
        "precision": 0.7604790419161677,
        "recall": 0.6827956989247311,
        "f1-score": 0.7195467422096318,
        "support": 558
    },
    "opposite": {
        "precision": 0.3103448275862069,
        "recall": 0.2109375,
        "f1-score": 0.25116279069767444,
        "support": 128
    },
    "origin": {
        "precision": 0.5025641025641026,
        "recall": 0.3223684210526316,
        "f1-score": 0.3927855711422845,
        "support": 304
    },
    "part-of": {
        "precision": 0.3267838676318511,
        "recall": 0.43828016643550627,
        "f1-score": 0.3744075829383886,
        "support": 721
    },
    "physical": {
        "precision": 0.8043052837573386,
        "recall": 0.8474226804123711,
        "f1-score": 0.8253012048192772,
        "support": 1455
    },
    "role": {
        "precision": 0.7031150667514304,
        "recall": 0.551345962113659,
        "f1-score": 0.618049734562727,
        "support": 2006
    },
    "social": {
        "precision": 0.4418604651162791,
        "recall": 0.3619047619047619,
        "f1-score": 0.3979057591623037,
        "support": 105
    },
    "temporal": {
        "precision": 0.7366167023554604,
        "recall": 0.8431372549019608,
        "f1-score": 0.7862857142857143,
        "support": 408
    },
    "topic": {
        "precision": 0.3333333333333333,
        "recall": 0.023529411764705882,
        "f1-score": 0.04395604395604396,
        "support": 170
    },
    "type-of": {
        "precision": 0.7483443708609272,
        "recall": 0.33630952380952384,
        "f1-score": 0.4640657084188912,
        "support": 336
    },
    "usage": {
        "precision": 0.8108108108108109,
        "recall": 0.15,
        "f1-score": 0.25316455696202533,
        "support": 200
    },
    "win-defeat": {
        "precision": 0.7722419928825622,
        "recall": 0.6845425867507886,
        "f1-score": 0.7257525083612039,
        "support": 317
    },
    "micro avg": {
        "precision": 0.66047531149054,
        "recall": 0.6247271933653427,
        "f1-score": 0.6421040825482279,
        "support": 9164
    },
    "macro avg": {
        "precision": 999999,
        "recall": 999999,
        "f1-score": 0.474730852021372,
        "support": 9164
    },
    "weighted avg": {
        "precision": 0.662168331057243,
        "recall": 0.6247271933653427,
        "f1-score": 0.6255288154250664,
        "support": 9164
    },
    "samples avg": {
        "precision": 0.66047531149054,
        "recall": 0.6345946777418859,
        "f1-score": 0.6431895093062605,
        "support": 9164
    }
}