{"related-to": {"precision": 0.043478260869565216, "recall": 0.013157894736842105, "f1-score": 0.020202020202020204, "support": 76}, "artifact": {"precision": 0.0, "recall": 0.0, "f1-score": 0.0, "support": 2}, "cause-effect": {"precision": 0.0, "recall": 0.0, "f1-score": 0.0, "support": 0}, "compare": {"precision": 0.0, "recall": 0.0, "f1-score": 0.0, "support": 6}, "general-affiliation": {"precision": 0.01694915254237288, "recall": 0.03225806451612903, "f1-score": 0.022222222222222223, "support": 31}, "named": {"precision": 0.08040201005025126, "recall": 0.12307692307692308, "f1-score": 0.0972644376899696, "support": 130}, "opposite": {"precision": 0.058823529411764705, "recall": 0.018867924528301886, "f1-score": 0.028571428571428574, "support": 53}, "origin": {"precision": 0.06666666666666667, "recall": 0.01818181818181818, "f1-score": 0.028571428571428574, "support": 55}, "part-of": {"precision": 0.08163265306122448, "recall": 0.06837606837606838, "f1-score": 0.07441860465116278, "support": 117}, "physical": {"precision": 0.22889305816135083, "recall": 0.2982885085574572, "f1-score": 0.25902335456475584, "support": 409}, "role": {"precision": 0.4642313546423135, "recall": 0.3652694610778443, "f1-score": 0.40884718498659517, "support": 835}, "social": {"precision": 0.0, "recall": 0.0, "f1-score": 0.0, "support": 21}, "temporal": {"precision": 0.1552511415525114, "recall": 0.11074918566775244, "f1-score": 0.12927756653992395, "support": 307}, "topic": {"precision": 0.0, "recall": 0.0, "f1-score": 0.0, "support": 13}, "type-of": {"precision": 0.0, "recall": 0.0, "f1-score": 0.0, "support": 28}, "usage": {"precision": 0.0, "recall": 0.0, "f1-score": 0.0, "support": 0}, "win-defeat": {"precision": 0.0, "recall": 0.0, "f1-score": 0.0, "support": 41}, "micro avg": {"precision": 0.2670671764063353, "recall": 0.23022598870056496, "f1-score": 0.2472819216182048, "support": 2124}, "macro avg": {"precision": 0.0703722251151777, "recall": 0.06166034404230216, "f1-score": 0.06284695576467687, "support": 2124}, "weighted avg": {"precision": 0.26343216071847075, "recall": 0.23022598870056496, "f1-score": 0.24184438548135007, "support": 2124}, "samples avg": {"precision": 0.2670671764063353, "recall": 0.22665210267613325, "f1-score": 0.24012379391953392, "support": 2124}}