{
    "related-to": {
        "precision": 0.041666666666666664,
        "recall": 0.013157894736842105,
        "f1-score": 0.02,
        "support": 76
    },
    "artifact": {
        "precision": 0.1111111111111111,
        "recall": 0.5,
        "f1-score": 0.1818181818181818,
        "support": 2
    },
    "cause-effect": {
        "precision": 0.0,
        "recall": 0.0,
        "f1-score": 0.0,
        "support": 0
    },
    "compare": {
        "precision": 0.0,
        "recall": 0.0,
        "f1-score": 0.0,
        "support": 6
    },
    "general-affiliation": {
        "precision": 0.34210526315789475,
        "recall": 0.41935483870967744,
        "f1-score": 0.3768115942028986,
        "support": 31
    },
    "named": {
        "precision": 0.5212765957446809,
        "recall": 0.7538461538461538,
        "f1-score": 0.6163522012578616,
        "support": 130
    },
    "opposite": {
        "precision": 0.2,
        "recall": 0.03773584905660377,
        "f1-score": 0.06349206349206349,
        "support": 53
    },
    "origin": {
        "precision": 0.5714285714285714,
        "recall": 0.07272727272727272,
        "f1-score": 0.1290322580645161,
        "support": 55
    },
    "part-of": {
        "precision": 0.328125,
        "recall": 0.1794871794871795,
        "f1-score": 0.23204419889502761,
        "support": 117
    },
    "physical": {
        "precision": 0.6161137440758294,
        "recall": 0.9535452322738386,
        "f1-score": 0.7485604606525913,
        "support": 409
    },
    "role": {
        "precision": 0.6926677067082684,
        "recall": 0.5317365269461077,
        "f1-score": 0.6016260162601627,
        "support": 835
    },
    "social": {
        "precision": 0.0,
        "recall": 0.0,
        "f1-score": 0.0,
        "support": 21
    },
    "temporal": {
        "precision": 0.9113300492610837,
        "recall": 0.6026058631921825,
        "f1-score": 0.7254901960784313,
        "support": 307
    },
    "topic": {
        "precision": 0.0,
        "recall": 0.0,
        "f1-score": 0.0,
        "support": 13
    },
    "type-of": {
        "precision": 0.21428571428571427,
        "recall": 0.10714285714285714,
        "f1-score": 0.14285714285714285,
        "support": 28
    },
    "usage": {
        "precision": 0.0,
        "recall": 0.0,
        "f1-score": 0.0,
        "support": 0
    },
    "win-defeat": {
        "precision": 0.0,
        "recall": 0.0,
        "f1-score": 0.0,
        "support": 41
    },
    "micro avg": {
        "precision": 0.6346258874931732,
        "recall": 0.5470809792843692,
        "f1-score": 0.5876106194690266,
        "support": 2124
    },
    "macro avg": {
        "precision": 999999,
        "recall": 999999,
        "f1-score": 0.25587228757192515,
        "support": 2124
    },
    "weighted avg": {
        "precision": 0.601848252106278,
        "recall": 0.5470809792843692,
        "f1-score": 0.5492213036520801,
        "support": 2124
    },
    "samples avg": {
        "precision": 0.6346258874931732,
        "recall": 0.5638995084653194,
        "f1-score": 0.5874749681412708,
        "support": 2124
    }
}