{"related-to": {"precision": 0.0, "recall": 0.0, "f1-score": 0.0, "support": 72}, "artifact": {"precision": 0.18181818181818182, "recall": 0.2866666666666667, "f1-score": 0.222509702457956, "support": 300}, "cause-effect": {"precision": 0.0, "recall": 0.0, "f1-score": 0.0, "support": 1}, "compare": {"precision": 0.0, "recall": 0.0, "f1-score": 0.0, "support": 8}, "general-affiliation": {"precision": 0.2302158273381295, "recall": 0.0975609756097561, "f1-score": 0.13704496788008566, "support": 328}, "named": {"precision": 0.046153846153846156, "recall": 0.031914893617021274, "f1-score": 0.03773584905660377, "support": 94}, "opposite": {"precision": 0.0, "recall": 0.0, "f1-score": 0.0, "support": 14}, "origin": {"precision": 0.014705882352941176, "recall": 0.02127659574468085, "f1-score": 0.017391304347826087, "support": 47}, "part-of": {"precision": 0.06666666666666667, "recall": 0.07291666666666667, "f1-score": 0.06965174129353234, "support": 96}, "physical": {"precision": 0.08333333333333333, "recall": 0.09770114942528736, "f1-score": 0.08994708994708994, "support": 174}, "role": {"precision": 0.1850828729281768, "recall": 0.2648221343873518, "f1-score": 0.2178861788617886, "support": 253}, "social": {"precision": 0.0, "recall": 0.0, "f1-score": 0.0, "support": 47}, "temporal": {"precision": 0.02564102564102564, "recall": 0.034482758620689655, "f1-score": 0.029411764705882353, "support": 29}, "topic": {"precision": 0.0, "recall": 0.0, "f1-score": 0.0, "support": 42}, "type-of": {"precision": 0.07692307692307693, "recall": 0.05555555555555555, "f1-score": 0.06451612903225808, "support": 18}, "usage": {"precision": 0.0, "recall": 0.0, "f1-score": 0.0, "support": 2}, "win-defeat": {"precision": 0.04054054054054054, "recall": 0.030927835051546393, "f1-score": 0.03508771929824561, "support": 97}, "micro avg": {"precision": 0.1371069182389937, "recall": 0.1344019728729963, "f1-score": 0.1357409713574097, "support": 1622}, "macro avg": {"precision": 0.055945956099759914, "recall": 0.05846030772618954, "f1-score": 0.054187202757721674, "support": 1622}, "weighted avg": {"precision": 0.12877465371940633, "recall": 0.1344019728729963, "f1-score": 0.12265630435000606, "support": 1622}, "samples avg": {"precision": 0.1371069182389937, "recall": 0.1349056603773585, "f1-score": 0.13563941299790355, "support": 1622}}