{
    "related-to": {
        "precision": 0.1,
        "recall": 0.041666666666666664,
        "f1-score": 0.058823529411764705,
        "support": 72
    },
    "artifact": {
        "precision": 0.7317880794701986,
        "recall": 0.7366666666666667,
        "f1-score": 0.7342192691029901,
        "support": 300
    },
    "cause-effect": {
        "precision": 0.0,
        "recall": 0.0,
        "f1-score": 0.0,
        "support": 1
    },
    "compare": {
        "precision": 0.0,
        "recall": 0.0,
        "f1-score": 0.0,
        "support": 8
    },
    "general-affiliation": {
        "precision": 0.8763440860215054,
        "recall": 0.4969512195121951,
        "f1-score": 0.6342412451361867,
        "support": 328
    },
    "named": {
        "precision": 0.6216216216216216,
        "recall": 0.48936170212765956,
        "f1-score": 0.5476190476190476,
        "support": 94
    },
    "opposite": {
        "precision": 0.0,
        "recall": 0.0,
        "f1-score": 0.0,
        "support": 14
    },
    "origin": {
        "precision": 0.16494845360824742,
        "recall": 0.3404255319148936,
        "f1-score": 0.2222222222222222,
        "support": 47
    },
    "part-of": {
        "precision": 0.2073170731707317,
        "recall": 0.3541666666666667,
        "f1-score": 0.2615384615384615,
        "support": 96
    },
    "physical": {
        "precision": 0.6831683168316832,
        "recall": 0.7931034482758621,
        "f1-score": 0.7340425531914894,
        "support": 174
    },
    "role": {
        "precision": 0.4897959183673469,
        "recall": 0.6640316205533597,
        "f1-score": 0.563758389261745,
        "support": 253
    },
    "social": {
        "precision": 0.0,
        "recall": 0.0,
        "f1-score": 0.0,
        "support": 47
    },
    "temporal": {
        "precision": 0.5581395348837209,
        "recall": 0.8275862068965517,
        "f1-score": 0.6666666666666666,
        "support": 29
    },
    "topic": {
        "precision": 0.0,
        "recall": 0.0,
        "f1-score": 0.0,
        "support": 42
    },
    "type-of": {
        "precision": 0.6363636363636364,
        "recall": 0.7777777777777778,
        "f1-score": 0.7000000000000001,
        "support": 18
    },
    "usage": {
        "precision": 0.0,
        "recall": 0.0,
        "f1-score": 0.0,
        "support": 2
    },
    "win-defeat": {
        "precision": 0.6638655462184874,
        "recall": 0.8144329896907216,
        "f1-score": 0.7314814814814814,
        "support": 97
    },
    "micro avg": {
        "precision": 0.569811320754717,
        "recall": 0.5585696670776819,
        "f1-score": 0.5641344956413449,
        "support": 1622
    },
    "macro avg": {
        "precision": 999999,
        "recall": 999999,
        "f1-score": 0.3443889920960033,
        "support": 1622
    },
    "weighted avg": {
        "precision": 0.5765042769775228,
        "recall": 0.5585696670776819,
        "f1-score": 0.5504327029945242,
        "support": 1622
    },
    "samples avg": {
        "precision": 0.569811320754717,
        "recall": 0.5635220125786163,
        "f1-score": 0.5656184486373165,
        "support": 1622
    }
}