{"related-to": {"precision": 0.02702702702702703, "recall": 0.013888888888888888, "f1-score": 0.01834862385321101, "support": 72}, "artifact": {"precision": 0.1948529411764706, "recall": 0.35333333333333333, "f1-score": 0.25118483412322273, "support": 300}, "cause-effect": {"precision": 0.0, "recall": 0.0, "f1-score": 0.0, "support": 1}, "compare": {"precision": 0.0, "recall": 0.0, "f1-score": 0.0, "support": 8}, "general-affiliation": {"precision": 0.16964285714285715, "recall": 0.057926829268292686, "f1-score": 0.08636363636363636, "support": 328}, "named": {"precision": 0.08163265306122448, "recall": 0.0425531914893617, "f1-score": 0.055944055944055944, "support": 94}, "opposite": {"precision": 0.0, "recall": 0.0, "f1-score": 0.0, "support": 14}, "origin": {"precision": 0.0, "recall": 0.0, "f1-score": 0.0, "support": 47}, "part-of": {"precision": 0.09090909090909091, "recall": 0.08333333333333333, "f1-score": 0.08695652173913043, "support": 96}, "physical": {"precision": 0.07575757575757576, "recall": 0.08620689655172414, "f1-score": 0.08064516129032259, "support": 174}, "role": {"precision": 0.14447592067988668, "recall": 0.2015810276679842, "f1-score": 0.16831683168316833, "support": 253}, "social": {"precision": 0.0, "recall": 0.0, "f1-score": 0.0, "support": 47}, "temporal": {"precision": 0.09090909090909091, "recall": 0.10344827586206896, "f1-score": 0.0967741935483871, "support": 29}, "topic": {"precision": 0.0, "recall": 0.0, "f1-score": 0.0, "support": 42}, "type-of": {"precision": 0.0, "recall": 0.0, "f1-score": 0.0, "support": 18}, "usage": {"precision": 0.0, "recall": 0.0, "f1-score": 0.0, "support": 2}, "win-defeat": {"precision": 0.058823529411764705, "recall": 0.061855670103092786, "f1-score": 0.06030150753768844, "support": 97}, "micro avg": {"precision": 0.1339622641509434, "recall": 0.1313193588162762, "f1-score": 0.13262764632627647, "support": 1622}, "macro avg": {"precision": 0.054942981533822835, "recall": 0.05906632038224, "f1-score": 0.05322560976957782, "support": 1622}, "weighted avg": {"precision": 0.11746109720092876, "recall": 0.1313193588162762, "f1-score": 0.11336775927976894, "support": 1622}, "samples avg": {"precision": 0.1339622641509434, "recall": 0.1311320754716981, "f1-score": 0.1320754716981132, "support": 1622}}