{
    "related-to": {
        "precision": 0.07692307692307693,
        "recall": 0.027777777777777776,
        "f1-score": 0.04081632653061225,
        "support": 72
    },
    "artifact": {
        "precision": 0.6140776699029126,
        "recall": 0.8433333333333334,
        "f1-score": 0.7106741573033708,
        "support": 300
    },
    "cause-effect": {
        "precision": 0.0,
        "recall": 0.0,
        "f1-score": 0.0,
        "support": 1
    },
    "compare": {
        "precision": 0.0,
        "recall": 0.0,
        "f1-score": 0.0,
        "support": 8
    },
    "general-affiliation": {
        "precision": 0.8055555555555556,
        "recall": 0.4420731707317073,
        "f1-score": 0.5708661417322834,
        "support": 328
    },
    "named": {
        "precision": 0.5445544554455446,
        "recall": 0.5851063829787234,
        "f1-score": 0.5641025641025641,
        "support": 94
    },
    "opposite": {
        "precision": 0.0,
        "recall": 0.0,
        "f1-score": 0.0,
        "support": 14
    },
    "origin": {
        "precision": 0.41935483870967744,
        "recall": 0.2765957446808511,
        "f1-score": 0.3333333333333333,
        "support": 47
    },
    "part-of": {
        "precision": 0.09900990099009901,
        "recall": 0.10416666666666667,
        "f1-score": 0.10152284263959392,
        "support": 96
    },
    "physical": {
        "precision": 0.7624309392265194,
        "recall": 0.7931034482758621,
        "f1-score": 0.7774647887323944,
        "support": 174
    },
    "role": {
        "precision": 0.46226415094339623,
        "recall": 0.7747035573122529,
        "f1-score": 0.5790251107828656,
        "support": 253
    },
    "social": {
        "precision": 1.0,
        "recall": 0.06382978723404255,
        "f1-score": 0.12,
        "support": 47
    },
    "temporal": {
        "precision": 0.6216216216216216,
        "recall": 0.7931034482758621,
        "f1-score": 0.696969696969697,
        "support": 29
    },
    "topic": {
        "precision": 0.0,
        "recall": 0.0,
        "f1-score": 0.0,
        "support": 42
    },
    "type-of": {
        "precision": 0.6666666666666666,
        "recall": 0.4444444444444444,
        "f1-score": 0.5333333333333333,
        "support": 18
    },
    "usage": {
        "precision": 0.0,
        "recall": 0.0,
        "f1-score": 0.0,
        "support": 2
    },
    "win-defeat": {
        "precision": 0.7162162162162162,
        "recall": 0.5463917525773195,
        "f1-score": 0.6198830409356725,
        "support": 97
    },
    "micro avg": {
        "precision": 0.5654088050314465,
        "recall": 0.5542540073982737,
        "f1-score": 0.5597758405977583,
        "support": 1622
    },
    "macro avg": {
        "precision": 999999,
        "recall": 999999,
        "f1-score": 0.3322347844938659,
        "support": 1622
    },
    "weighted avg": {
        "precision": 0.5736760450505157,
        "recall": 0.5542540073982737,
        "f1-score": 0.5297019853424759,
        "support": 1622
    },
    "samples avg": {
        "precision": 0.5654088050314465,
        "recall": 0.5568134171907757,
        "f1-score": 0.5596436058700209,
        "support": 1622
    }
}