{
    "related-to": {
        "precision": 0.292358803986711,
        "recall": 0.4251207729468599,
        "f1-score": 0.3464566929133859,
        "support": 414
    },
    "artifact": {
        "precision": 0.7963224893917963,
        "recall": 0.8866141732283465,
        "f1-score": 0.8390461997019373,
        "support": 635
    },
    "cause-effect": {
        "precision": 0.0,
        "recall": 0.0,
        "f1-score": 0.0,
        "support": 86
    },
    "compare": {
        "precision": 0.8333333333333334,
        "recall": 0.12195121951219512,
        "f1-score": 0.21276595744680848,
        "support": 82
    },
    "general-affiliation": {
        "precision": 0.7226775956284153,
        "recall": 0.8539144471347861,
        "f1-score": 0.7828338882722901,
        "support": 1239
    },
    "named": {
        "precision": 0.6661290322580645,
        "recall": 0.7401433691756273,
        "f1-score": 0.7011884550084889,
        "support": 558
    },
    "opposite": {
        "precision": 0.36065573770491804,
        "recall": 0.171875,
        "f1-score": 0.23280423280423282,
        "support": 128
    },
    "origin": {
        "precision": 0.4954545454545455,
        "recall": 0.35855263157894735,
        "f1-score": 0.416030534351145,
        "support": 304
    },
    "part-of": {
        "precision": 0.3683492496589359,
        "recall": 0.37447988904299584,
        "f1-score": 0.3713892709766163,
        "support": 721
    },
    "physical": {
        "precision": 0.7717601547388782,
        "recall": 0.822680412371134,
        "f1-score": 0.7964071856287426,
        "support": 1455
    },
    "role": {
        "precision": 0.6672423719055843,
        "recall": 0.577766699900299,
        "f1-score": 0.6192893401015228,
        "support": 2006
    },
    "social": {
        "precision": 0.6333333333333333,
        "recall": 0.18095238095238095,
        "f1-score": 0.28148148148148144,
        "support": 105
    },
    "temporal": {
        "precision": 0.7505668934240363,
        "recall": 0.8112745098039216,
        "f1-score": 0.7797408716136631,
        "support": 408
    },
    "topic": {
        "precision": 0.7021276595744681,
        "recall": 0.19411764705882353,
        "f1-score": 0.30414746543778803,
        "support": 170
    },
    "type-of": {
        "precision": 0.7310344827586207,
        "recall": 0.31547619047619047,
        "f1-score": 0.4407484407484408,
        "support": 336
    },
    "usage": {
        "precision": 0.47368421052631576,
        "recall": 0.045,
        "f1-score": 0.0821917808219178,
        "support": 200
    },
    "win-defeat": {
        "precision": 0.7455197132616488,
        "recall": 0.6561514195583596,
        "f1-score": 0.697986577181208,
        "support": 317
    },
    "micro avg": {
        "precision": 0.655629903091832,
        "recall": 0.6201440419030991,
        "f1-score": 0.6373934499775684,
        "support": 9164
    },
    "macro avg": {
        "precision": 999999,
        "recall": 999999,
        "f1-score": 0.4649710808523335,
        "support": 9164
    },
    "weighted avg": {
        "precision": 0.6497905412950864,
        "recall": 0.6201440419030991,
        "f1-score": 0.6181979265737206,
        "support": 9164
    },
    "samples avg": {
        "precision": 0.655629903091832,
        "recall": 0.6299992308875557,
        "f1-score": 0.6385171512075065,
        "support": 9164
    }
}