{
    "related-to": {
        "precision": 1.0,
        "recall": 0.19230769230769232,
        "f1-score": 0.32258064516129037,
        "support": 26
    },
    "artifact": {
        "precision": 0.7212643678160919,
        "recall": 0.9691119691119691,
        "f1-score": 0.8270181219110377,
        "support": 259
    },
    "cause-effect": {
        "precision": 0.0,
        "recall": 0.0,
        "f1-score": 0.0,
        "support": 4
    },
    "compare": {
        "precision": 0.0,
        "recall": 0.0,
        "f1-score": 0.0,
        "support": 5
    },
    "general-affiliation": {
        "precision": 0.8331242158092849,
        "recall": 0.9196675900277008,
        "f1-score": 0.8742593811718236,
        "support": 722
    },
    "named": {
        "precision": 0.8181818181818182,
        "recall": 0.10843373493975904,
        "f1-score": 0.19148936170212766,
        "support": 83
    },
    "opposite": {
        "precision": 0.0,
        "recall": 0.0,
        "f1-score": 0.0,
        "support": 6
    },
    "origin": {
        "precision": 0.5384615384615384,
        "recall": 0.3684210526315789,
        "f1-score": 0.4375,
        "support": 19
    },
    "part-of": {
        "precision": 0.42063492063492064,
        "recall": 0.30113636363636365,
        "f1-score": 0.3509933774834438,
        "support": 176
    },
    "physical": {
        "precision": 0.843298969072165,
        "recall": 0.9808153477218226,
        "f1-score": 0.9068736141906873,
        "support": 417
    },
    "role": {
        "precision": 0.7186544342507645,
        "recall": 0.6200527704485488,
        "f1-score": 0.6657223796033993,
        "support": 379
    },
    "social": {
        "precision": 0.0,
        "recall": 0.0,
        "f1-score": 0.0,
        "support": 22
    },
    "temporal": {
        "precision": 0.17647058823529413,
        "recall": 0.125,
        "f1-score": 0.14634146341463414,
        "support": 24
    },
    "topic": {
        "precision": 0.0,
        "recall": 0.0,
        "f1-score": 0.0,
        "support": 8
    },
    "type-of": {
        "precision": 0.9882352941176471,
        "recall": 0.7058823529411765,
        "f1-score": 0.8235294117647058,
        "support": 119
    },
    "usage": {
        "precision": 1.0,
        "recall": 0.4807692307692308,
        "f1-score": 0.6493506493506493,
        "support": 52
    },
    "win-defeat": {
        "precision": 0.6774193548387096,
        "recall": 0.6774193548387096,
        "f1-score": 0.6774193548387096,
        "support": 93
    },
    "micro avg": {
        "precision": 0.7753001715265866,
        "recall": 0.7489643744821872,
        "f1-score": 0.7619047619047619,
        "support": 2414
    },
    "macro avg": {
        "precision": 999999,
        "recall": 999999,
        "f1-score": 0.4042986917995593,
        "support": 2414
    },
    "weighted avg": {
        "precision": 0.7569825004358148,
        "recall": 0.7489643744821872,
        "f1-score": 0.7326157924146486,
        "support": 2414
    },
    "samples avg": {
        "precision": 0.7753001715265866,
        "recall": 0.7605774728416237,
        "f1-score": 0.7654373927958834,
        "support": 2414
    }
}