{"related-to": {"precision": 0.0, "recall": 0.0, "f1-score": 0.0, "support": 74}, "artifact": {"precision": 0.20594965675057209, "recall": 0.30201342281879195, "f1-score": 0.24489795918367346, "support": 298}, "cause-effect": {"precision": 0.0, "recall": 0.0, "f1-score": 0.0, "support": 1}, "compare": {"precision": 0.0, "recall": 0.0, "f1-score": 0.0, "support": 8}, "general-affiliation": {"precision": 0.2, "recall": 0.06363636363636363, "f1-score": 0.09655172413793102, "support": 330}, "named": {"precision": 0.06060606060606061, "recall": 0.021505376344086023, "f1-score": 0.031746031746031744, "support": 93}, "opposite": {"precision": 0.0, "recall": 0.0, "f1-score": 0.0, "support": 14}, "origin": {"precision": 0.033707865168539325, "recall": 0.06382978723404255, "f1-score": 0.04411764705882353, "support": 47}, "part-of": {"precision": 0.09883720930232558, "recall": 0.17894736842105263, "f1-score": 0.12734082397003743, "support": 95}, "physical": {"precision": 0.11818181818181818, "recall": 0.1511627906976744, "f1-score": 0.13265306122448978, "support": 172}, "role": {"precision": 0.1518324607329843, "recall": 0.23107569721115537, "f1-score": 0.18325434439178515, "support": 251}, "social": {"precision": 0.0, "recall": 0.0, "f1-score": 0.0, "support": 47}, "temporal": {"precision": 0.0, "recall": 0.0, "f1-score": 0.0, "support": 29}, "topic": {"precision": 0.0, "recall": 0.0, "f1-score": 0.0, "support": 42}, "type-of": {"precision": 0.0, "recall": 0.0, "f1-score": 0.0, "support": 18}, "usage": {"precision": 0.0, "recall": 0.0, "f1-score": 0.0, "support": 2}, "win-defeat": {"precision": 0.07228915662650602, "recall": 0.061224489795918366, "f1-score": 0.06629834254143646, "support": 98}, "micro avg": {"precision": 0.1405166981726528, "recall": 0.13773934527486104, "f1-score": 0.1391141609482221, "support": 1619}, "macro avg": {"precision": 0.055376719256988595, "recall": 0.06314089977406383, "f1-score": 0.054521172603188735, "support": 1619}, "weighted avg": {"precision": 0.12940378234424077, "recall": 0.13773934527486104, "f1-score": 0.1218501259947883, "support": 1619}, "samples avg": {"precision": 0.1405166981726528, "recall": 0.13799621928166353, "f1-score": 0.13883637891199327, "support": 1619}}