{"related-to": {"precision": 0.0, "recall": 0.0, "f1-score": 0.0, "support": 26}, "artifact": {"precision": 0.10726643598615918, "recall": 0.11969111969111969, "f1-score": 0.11313868613138685, "support": 259}, "cause-effect": {"precision": 0.0, "recall": 0.0, "f1-score": 0.0, "support": 4}, "compare": {"precision": 0.0, "recall": 0.0, "f1-score": 0.0, "support": 5}, "general-affiliation": {"precision": 0.3099236641221374, "recall": 0.28116343490304707, "f1-score": 0.29484386347131447, "support": 722}, "named": {"precision": 0.02531645569620253, "recall": 0.024096385542168676, "f1-score": 0.024691358024691357, "support": 83}, "opposite": {"precision": 0.0, "recall": 0.0, "f1-score": 0.0, "support": 6}, "origin": {"precision": 0.0, "recall": 0.0, "f1-score": 0.0, "support": 19}, "part-of": {"precision": 0.0979020979020979, "recall": 0.07954545454545454, "f1-score": 0.0877742946708464, "support": 176}, "physical": {"precision": 0.15885416666666666, "recall": 0.14628297362110312, "f1-score": 0.1523096129837703, "support": 417}, "role": {"precision": 0.16326530612244897, "recall": 0.18997361477572558, "f1-score": 0.17560975609756097, "support": 379}, "social": {"precision": 0.0, "recall": 0.0, "f1-score": 0.0, "support": 22}, "temporal": {"precision": 0.023255813953488372, "recall": 0.041666666666666664, "f1-score": 0.029850746268656712, "support": 24}, "topic": {"precision": 0.0, "recall": 0.0, "f1-score": 0.0, "support": 8}, "type-of": {"precision": 0.0136986301369863, "recall": 0.008403361344537815, "f1-score": 0.010416666666666668, "support": 119}, "usage": {"precision": 0.0, "recall": 0.0, "f1-score": 0.0, "support": 52}, "win-defeat": {"precision": 0.03225806451612903, "recall": 0.03225806451612903, "f1-score": 0.03225806451612903, "support": 93}, "micro avg": {"precision": 0.16638078902229847, "recall": 0.16072908036454017, "f1-score": 0.16350611040876528, "support": 2414}, "macro avg": {"precision": 0.05480827265307743, "recall": 0.05429888680035013, "f1-score": 0.054170179343001335, "support": 2414}, "weighted avg": {"precision": 0.167434524652753, "recall": 0.16072908036454017, "f1-score": 0.16350582234110422, "support": 2414}, "samples avg": {"precision": 0.16638078902229847, "recall": 0.16244997141223555, "f1-score": 0.1637364208118925, "support": 2414}}