{
    "related-to": {
        "precision": 0.06666666666666667,
        "recall": 0.013888888888888888,
        "f1-score": 0.022988505747126436,
        "support": 72
    },
    "artifact": {
        "precision": 0.8189655172413793,
        "recall": 0.95,
        "f1-score": 0.8796296296296298,
        "support": 300
    },
    "cause-effect": {
        "precision": 0.0,
        "recall": 0.0,
        "f1-score": 0.0,
        "support": 1
    },
    "compare": {
        "precision": 0.0,
        "recall": 0.0,
        "f1-score": 0.0,
        "support": 8
    },
    "general-affiliation": {
        "precision": 0.7741935483870968,
        "recall": 0.8780487804878049,
        "f1-score": 0.8228571428571428,
        "support": 328
    },
    "named": {
        "precision": 0.3273809523809524,
        "recall": 0.5851063829787234,
        "f1-score": 0.4198473282442748,
        "support": 94
    },
    "opposite": {
        "precision": 0.0,
        "recall": 0.0,
        "f1-score": 0.0,
        "support": 14
    },
    "origin": {
        "precision": 1.0,
        "recall": 0.02127659574468085,
        "f1-score": 0.04166666666666667,
        "support": 47
    },
    "part-of": {
        "precision": 0.1875,
        "recall": 0.0625,
        "f1-score": 0.09375,
        "support": 96
    },
    "physical": {
        "precision": 0.7593582887700535,
        "recall": 0.8160919540229885,
        "f1-score": 0.7867036011080332,
        "support": 174
    },
    "role": {
        "precision": 0.6296296296296297,
        "recall": 0.6719367588932806,
        "f1-score": 0.6500956022944551,
        "support": 253
    },
    "social": {
        "precision": 0.5142857142857142,
        "recall": 0.3829787234042553,
        "f1-score": 0.43902439024390244,
        "support": 47
    },
    "temporal": {
        "precision": 0.6428571428571429,
        "recall": 0.6206896551724138,
        "f1-score": 0.6315789473684211,
        "support": 29
    },
    "topic": {
        "precision": 0.13333333333333333,
        "recall": 0.047619047619047616,
        "f1-score": 0.07017543859649122,
        "support": 42
    },
    "type-of": {
        "precision": 0.7777777777777778,
        "recall": 0.3888888888888889,
        "f1-score": 0.5185185185185185,
        "support": 18
    },
    "usage": {
        "precision": 0.0,
        "recall": 0.0,
        "f1-score": 0.0,
        "support": 2
    },
    "win-defeat": {
        "precision": 0.6363636363636364,
        "recall": 0.7216494845360825,
        "f1-score": 0.6763285024154589,
        "support": 97
    },
    "micro avg": {
        "precision": 0.6685534591194968,
        "recall": 0.6553637484586929,
        "f1-score": 0.661892901618929,
        "support": 1622
    },
    "macro avg": {
        "precision": 999999,
        "recall": 999999,
        "f1-score": 0.3560684866876542,
        "support": 1622
    },
    "weighted avg": {
        "precision": 0.6262423832003916,
        "recall": 0.6553637484586929,
        "f1-score": 0.6190260805334452,
        "support": 1622
    },
    "samples avg": {
        "precision": 0.6685534591194968,
        "recall": 0.6605870020964361,
        "f1-score": 0.6632075471698113,
        "support": 1622
    }
}