{"related-to": {"precision": 0.007692307692307693, "recall": 0.038461538461538464, "f1-score": 0.012820512820512822, "support": 26}, "artifact": {"precision": 0.1016949152542373, "recall": 0.11583011583011583, "f1-score": 0.10830324909747294, "support": 259}, "cause-effect": {"precision": 0.0, "recall": 0.0, "f1-score": 0.0, "support": 4}, "compare": {"precision": 0.0, "recall": 0.0, "f1-score": 0.0, "support": 5}, "general-affiliation": {"precision": 0.3032345013477089, "recall": 0.31163434903047094, "f1-score": 0.30737704918032793, "support": 722}, "named": {"precision": 0.041666666666666664, "recall": 0.03614457831325301, "f1-score": 0.03870967741935484, "support": 83}, "opposite": {"precision": 0.0, "recall": 0.0, "f1-score": 0.0, "support": 6}, "origin": {"precision": 0.0, "recall": 0.0, "f1-score": 0.0, "support": 19}, "part-of": {"precision": 0.08661417322834646, "recall": 0.0625, "f1-score": 0.0726072607260726, "support": 176}, "physical": {"precision": 0.1676300578034682, "recall": 0.13908872901678657, "f1-score": 0.15203145478374835, "support": 417}, "role": {"precision": 0.14871794871794872, "recall": 0.15303430079155672, "f1-score": 0.15084525357607284, "support": 379}, "social": {"precision": 0.0, "recall": 0.0, "f1-score": 0.0, "support": 22}, "temporal": {"precision": 0.0, "recall": 0.0, "f1-score": 0.0, "support": 24}, "topic": {"precision": 0.0, "recall": 0.0, "f1-score": 0.0, "support": 8}, "type-of": {"precision": 0.015873015873015872, "recall": 0.008403361344537815, "f1-score": 0.01098901098901099, "support": 119}, "usage": {"precision": 0.0, "recall": 0.0, "f1-score": 0.0, "support": 52}, "win-defeat": {"precision": 0.031578947368421054, "recall": 0.03225806451612903, "f1-score": 0.031914893617021274, "support": 93}, "micro avg": {"precision": 0.1672384219554031, "recall": 0.1615575807787904, "f1-score": 0.16434892541087232, "support": 2414}, "macro avg": {"precision": 0.053217796114830636, "recall": 0.052785590429669904, "f1-score": 0.05209402130644675, "support": 2414}, "weighted avg": {"precision": 0.16373997038430674, "recall": 0.1615575807787904, "f1-score": 0.16203195138177334, "support": 2414}, "samples avg": {"precision": 0.1672384219554031, "recall": 0.16380789022298456, "f1-score": 0.1649514008004574, "support": 2414}}