{"related-to": {"precision": 0.0, "recall": 0.0, "f1-score": 0.0, "support": 76}, "artifact": {"precision": 0.0, "recall": 0.0, "f1-score": 0.0, "support": 2}, "cause-effect": {"precision": 0.0, "recall": 0.0, "f1-score": 0.0, "support": 0}, "compare": {"precision": 0.0, "recall": 0.0, "f1-score": 0.0, "support": 6}, "general-affiliation": {"precision": 0.019230769230769232, "recall": 0.03225806451612903, "f1-score": 0.024096385542168676, "support": 31}, "named": {"precision": 0.09326424870466321, "recall": 0.13846153846153847, "f1-score": 0.11145510835913314, "support": 130}, "opposite": {"precision": 0.0, "recall": 0.0, "f1-score": 0.0, "support": 53}, "origin": {"precision": 0.05555555555555555, "recall": 0.01818181818181818, "f1-score": 0.0273972602739726, "support": 55}, "part-of": {"precision": 0.09565217391304348, "recall": 0.09401709401709402, "f1-score": 0.09482758620689656, "support": 117}, "physical": {"precision": 0.22727272727272727, "recall": 0.33007334963325186, "f1-score": 0.26919242273180455, "support": 409}, "role": {"precision": 0.4633333333333333, "recall": 0.332934131736527, "f1-score": 0.3874564459930314, "support": 835}, "social": {"precision": 0.0, "recall": 0.0, "f1-score": 0.0, "support": 21}, "temporal": {"precision": 0.164021164021164, "recall": 0.10097719869706841, "f1-score": 0.125, "support": 307}, "topic": {"precision": 0.0, "recall": 0.0, "f1-score": 0.0, "support": 13}, "type-of": {"precision": 0.0, "recall": 0.0, "f1-score": 0.0, "support": 28}, "usage": {"precision": 0.0, "recall": 0.0, "f1-score": 0.0, "support": 0}, "win-defeat": {"precision": 0.0, "recall": 0.0, "f1-score": 0.0, "support": 41}, "micro avg": {"precision": 0.2594210813762971, "recall": 0.2236346516007533, "f1-score": 0.2402022756005057, "support": 2124}, "macro avg": {"precision": 0.06578411600183859, "recall": 0.06158254089667217, "f1-score": 0.0611426593592357, "support": 2124}, "weighted avg": {"precision": 0.26231626281709886, "recall": 0.2236346516007533, "f1-score": 0.23532893702507496, "support": 2124}, "samples avg": {"precision": 0.2594210813762971, "recall": 0.2263790278536319, "f1-score": 0.2373930456945203, "support": 2124}}