{
    "related-to": {
        "precision": 0.0,
        "recall": 0.0,
        "f1-score": 0.0,
        "support": 76
    },
    "artifact": {
        "precision": 0.1111111111111111,
        "recall": 0.5,
        "f1-score": 0.1818181818181818,
        "support": 2
    },
    "cause-effect": {
        "precision": 0.0,
        "recall": 0.0,
        "f1-score": 0.0,
        "support": 0
    },
    "compare": {
        "precision": 0.0,
        "recall": 0.0,
        "f1-score": 0.0,
        "support": 6
    },
    "general-affiliation": {
        "precision": 0.1792452830188679,
        "recall": 0.6129032258064516,
        "f1-score": 0.2773722627737226,
        "support": 31
    },
    "named": {
        "precision": 0.5141509433962265,
        "recall": 0.8384615384615385,
        "f1-score": 0.6374269005847955,
        "support": 130
    },
    "opposite": {
        "precision": 0.5454545454545454,
        "recall": 0.11320754716981132,
        "f1-score": 0.1875,
        "support": 53
    },
    "origin": {
        "precision": 0.23529411764705882,
        "recall": 0.07272727272727272,
        "f1-score": 0.11111111111111113,
        "support": 55
    },
    "part-of": {
        "precision": 0.1386861313868613,
        "recall": 0.1623931623931624,
        "f1-score": 0.1496062992125984,
        "support": 117
    },
    "physical": {
        "precision": 0.573373676248109,
        "recall": 0.9266503667481663,
        "f1-score": 0.7084112149532711,
        "support": 409
    },
    "role": {
        "precision": 0.7464788732394366,
        "recall": 0.444311377245509,
        "f1-score": 0.557057057057057,
        "support": 835
    },
    "social": {
        "precision": 0.0,
        "recall": 0.0,
        "f1-score": 0.0,
        "support": 21
    },
    "temporal": {
        "precision": 0.8410596026490066,
        "recall": 0.41368078175895767,
        "f1-score": 0.5545851528384279,
        "support": 307
    },
    "topic": {
        "precision": 0.0,
        "recall": 0.0,
        "f1-score": 0.0,
        "support": 13
    },
    "type-of": {
        "precision": 1.0,
        "recall": 0.14285714285714285,
        "f1-score": 0.25,
        "support": 28
    },
    "usage": {
        "precision": 0.0,
        "recall": 0.0,
        "f1-score": 0.0,
        "support": 0
    },
    "win-defeat": {
        "precision": 1.0,
        "recall": 0.024390243902439025,
        "f1-score": 0.047619047619047616,
        "support": 41
    },
    "micro avg": {
        "precision": 0.56799563080284,
        "recall": 0.4896421845574388,
        "f1-score": 0.5259165613147915,
        "support": 2124
    },
    "macro avg": {
        "precision": 999999,
        "recall": 999999,
        "f1-score": 0.2441671485312142,
        "support": 2124
    },
    "weighted avg": {
        "precision": 0.6194538531746279,
        "recall": 0.4896421845574388,
        "f1-score": 0.498810298557881,
        "support": 2124
    },
    "samples avg": {
        "precision": 0.56799563080284,
        "recall": 0.5079191698525396,
        "f1-score": 0.5279446568359731,
        "support": 2124
    }
}