{"related-to": {"precision": 0.01818181818181818, "recall": 0.038461538461538464, "f1-score": 0.024691358024691357, "support": 26}, "artifact": {"precision": 0.11549295774647887, "recall": 0.1583011583011583, "f1-score": 0.13355048859934854, "support": 259}, "cause-effect": {"precision": 0.0, "recall": 0.0, "f1-score": 0.0, "support": 4}, "compare": {"precision": 0.0, "recall": 0.0, "f1-score": 0.0, "support": 5}, "general-affiliation": {"precision": 0.3120567375886525, "recall": 0.24376731301939059, "f1-score": 0.2737169517884915, "support": 722}, "named": {"precision": 0.009708737864077669, "recall": 0.012048192771084338, "f1-score": 0.01075268817204301, "support": 83}, "opposite": {"precision": 0.0, "recall": 0.0, "f1-score": 0.0, "support": 6}, "origin": {"precision": 0.0, "recall": 0.0, "f1-score": 0.0, "support": 19}, "part-of": {"precision": 0.058333333333333334, "recall": 0.03977272727272727, "f1-score": 0.0472972972972973, "support": 176}, "physical": {"precision": 0.16907216494845362, "recall": 0.19664268585131894, "f1-score": 0.18181818181818182, "support": 417}, "role": {"precision": 0.15402298850574714, "recall": 0.17678100263852242, "f1-score": 0.16461916461916462, "support": 379}, "social": {"precision": 0.0, "recall": 0.0, "f1-score": 0.0, "support": 22}, "temporal": {"precision": 0.0, "recall": 0.0, "f1-score": 0.0, "support": 24}, "topic": {"precision": 0.0, "recall": 0.0, "f1-score": 0.0, "support": 8}, "type-of": {"precision": 0.13793103448275862, "recall": 0.03361344537815126, "f1-score": 0.05405405405405405, "support": 119}, "usage": {"precision": 0.0, "recall": 0.0, "f1-score": 0.0, "support": 52}, "win-defeat": {"precision": 0.03937007874015748, "recall": 0.053763440860215055, "f1-score": 0.04545454545454546, "support": 93}, "micro avg": {"precision": 0.1646655231560892, "recall": 0.15907207953603977, "f1-score": 0.16182048040455121, "support": 2414}, "macro avg": {"precision": 0.05965705008185161, "recall": 0.05606773556200627, "f1-score": 0.05505616057810692, "support": 2414}, "weighted avg": {"precision": 0.17221038758530396, "recall": 0.15907207953603977, "f1-score": 0.161947199195658, "support": 2414}, "samples avg": {"precision": 0.1646655231560892, "recall": 0.160305889079474, "f1-score": 0.161735277301315, "support": 2414}}