{
    "related-to": {
        "precision": 0.019801980198019802,
        "recall": 0.07692307692307693,
        "f1-score": 0.031496062992125984,
        "support": 26
    },
    "artifact": {
        "precision": 0.759075907590759,
        "recall": 0.888030888030888,
        "f1-score": 0.8185053380782918,
        "support": 259
    },
    "cause-effect": {
        "precision": 0.0,
        "recall": 0.0,
        "f1-score": 0.0,
        "support": 4
    },
    "compare": {
        "precision": 0.0,
        "recall": 0.0,
        "f1-score": 0.0,
        "support": 5
    },
    "general-affiliation": {
        "precision": 0.8692052980132451,
        "recall": 0.7271468144044322,
        "f1-score": 0.7918552036199095,
        "support": 722
    },
    "named": {
        "precision": 0.5353535353535354,
        "recall": 0.6385542168674698,
        "f1-score": 0.5824175824175823,
        "support": 83
    },
    "opposite": {
        "precision": 0.0,
        "recall": 0.0,
        "f1-score": 0.0,
        "support": 6
    },
    "origin": {
        "precision": 0.0,
        "recall": 0.0,
        "f1-score": 0.0,
        "support": 19
    },
    "part-of": {
        "precision": 0.18497109826589594,
        "recall": 0.18181818181818182,
        "f1-score": 0.18338108882521492,
        "support": 176
    },
    "physical": {
        "precision": 0.7462039045553145,
        "recall": 0.8249400479616307,
        "f1-score": 0.7835990888382688,
        "support": 417
    },
    "role": {
        "precision": 0.587467362924282,
        "recall": 0.5936675461741425,
        "f1-score": 0.5905511811023622,
        "support": 379
    },
    "social": {
        "precision": 0.4166666666666667,
        "recall": 0.22727272727272727,
        "f1-score": 0.29411764705882354,
        "support": 22
    },
    "temporal": {
        "precision": 0.38181818181818183,
        "recall": 0.875,
        "f1-score": 0.5316455696202532,
        "support": 24
    },
    "topic": {
        "precision": 0.5,
        "recall": 0.125,
        "f1-score": 0.2,
        "support": 8
    },
    "type-of": {
        "precision": 0.9523809523809523,
        "recall": 0.5042016806722689,
        "f1-score": 0.6593406593406593,
        "support": 119
    },
    "usage": {
        "precision": 0.0,
        "recall": 0.0,
        "f1-score": 0.0,
        "support": 52
    },
    "win-defeat": {
        "precision": 0.6567164179104478,
        "recall": 0.4731182795698925,
        "f1-score": 0.5499999999999999,
        "support": 93
    },
    "micro avg": {
        "precision": 0.6612349914236707,
        "recall": 0.6387738193869097,
        "f1-score": 0.6498103666245258,
        "support": 2414
    },
    "macro avg": {
        "precision": 999999,
        "recall": 999999,
        "f1-score": 0.353935848346676,
        "support": 2414
    },
    "weighted avg": {
        "precision": 0.676150130664058,
        "recall": 0.6387738193869097,
        "f1-score": 0.6487855452521196,
        "support": 2414
    },
    "samples avg": {
        "precision": 0.6612349914236707,
        "recall": 0.6483704974271012,
        "f1-score": 0.6525871926815323,
        "support": 2414
    }
}