{
    "related-to": {
        "precision": 0.07142857142857142,
        "recall": 0.038461538461538464,
        "f1-score": 0.05,
        "support": 26
    },
    "artifact": {
        "precision": 0.7090395480225988,
        "recall": 0.9691119691119691,
        "f1-score": 0.8189233278955954,
        "support": 259
    },
    "cause-effect": {
        "precision": 0.0,
        "recall": 0.0,
        "f1-score": 0.0,
        "support": 4
    },
    "compare": {
        "precision": 0.0,
        "recall": 0.0,
        "f1-score": 0.0,
        "support": 5
    },
    "general-affiliation": {
        "precision": 0.8555900621118012,
        "recall": 0.7631578947368421,
        "f1-score": 0.8067349926793558,
        "support": 722
    },
    "named": {
        "precision": 0.7936507936507936,
        "recall": 0.6024096385542169,
        "f1-score": 0.6849315068493151,
        "support": 83
    },
    "opposite": {
        "precision": 0.0,
        "recall": 0.0,
        "f1-score": 0.0,
        "support": 6
    },
    "origin": {
        "precision": 0.10526315789473684,
        "recall": 0.10526315789473684,
        "f1-score": 0.10526315789473684,
        "support": 19
    },
    "part-of": {
        "precision": 0.20987654320987653,
        "recall": 0.19318181818181818,
        "f1-score": 0.20118343195266272,
        "support": 176
    },
    "physical": {
        "precision": 0.9021739130434783,
        "recall": 0.7961630695443646,
        "f1-score": 0.8458598726114649,
        "support": 417
    },
    "role": {
        "precision": 0.5698447893569845,
        "recall": 0.6781002638522428,
        "f1-score": 0.6192771084337348,
        "support": 379
    },
    "social": {
        "precision": 0.18181818181818182,
        "recall": 0.09090909090909091,
        "f1-score": 0.12121212121212123,
        "support": 22
    },
    "temporal": {
        "precision": 0.3114754098360656,
        "recall": 0.7916666666666666,
        "f1-score": 0.4470588235294118,
        "support": 24
    },
    "topic": {
        "precision": 0.8333333333333334,
        "recall": 0.625,
        "f1-score": 0.7142857142857143,
        "support": 8
    },
    "type-of": {
        "precision": 0.9661016949152542,
        "recall": 0.4789915966386555,
        "f1-score": 0.6404494382022472,
        "support": 119
    },
    "usage": {
        "precision": 0.0,
        "recall": 0.0,
        "f1-score": 0.0,
        "support": 52
    },
    "win-defeat": {
        "precision": 0.6890756302521008,
        "recall": 0.8817204301075269,
        "f1-score": 0.7735849056603774,
        "support": 93
    },
    "micro avg": {
        "precision": 0.7045454545454546,
        "recall": 0.6806130903065452,
        "f1-score": 0.6923725242309314,
        "support": 2414
    },
    "macro avg": {
        "precision": 999999,
        "recall": 999999,
        "f1-score": 0.40169202360039635,
        "support": 2414
    },
    "weighted avg": {
        "precision": 0.703154766708447,
        "recall": 0.6806130903065452,
        "f1-score": 0.6813662966964056,
        "support": 2414
    },
    "samples avg": {
        "precision": 0.7045454545454546,
        "recall": 0.6895368782161235,
        "f1-score": 0.6944682675814752,
        "support": 2414
    }
}