{
    "related-to": {
        "precision": 0.2593220338983051,
        "recall": 0.3695652173913043,
        "f1-score": 0.3047808764940239,
        "support": 414
    },
    "artifact": {
        "precision": 0.76775956284153,
        "recall": 0.8850393700787401,
        "f1-score": 0.8222384784198976,
        "support": 635
    },
    "cause-effect": {
        "precision": 0.0,
        "recall": 0.0,
        "f1-score": 0.0,
        "support": 86
    },
    "compare": {
        "precision": 0.7272727272727273,
        "recall": 0.0975609756097561,
        "f1-score": 0.17204301075268819,
        "support": 82
    },
    "general-affiliation": {
        "precision": 0.6587009803921569,
        "recall": 0.8676351896690879,
        "f1-score": 0.7488679902473006,
        "support": 1239
    },
    "named": {
        "precision": 0.6862416107382551,
        "recall": 0.7329749103942652,
        "f1-score": 0.708838821490468,
        "support": 558
    },
    "opposite": {
        "precision": 0.30303030303030304,
        "recall": 0.15625,
        "f1-score": 0.20618556701030927,
        "support": 128
    },
    "origin": {
        "precision": 0.4367816091954023,
        "recall": 0.375,
        "f1-score": 0.40353982300884955,
        "support": 304
    },
    "part-of": {
        "precision": 0.3824451410658307,
        "recall": 0.33841886269070737,
        "f1-score": 0.35908756438557765,
        "support": 721
    },
    "physical": {
        "precision": 0.8269493844049247,
        "recall": 0.8309278350515464,
        "f1-score": 0.8289338361330134,
        "support": 1455
    },
    "role": {
        "precision": 0.6934264107038977,
        "recall": 0.5942173479561316,
        "f1-score": 0.64,
        "support": 2006
    },
    "social": {
        "precision": 0.47058823529411764,
        "recall": 0.22857142857142856,
        "f1-score": 0.3076923076923077,
        "support": 105
    },
    "temporal": {
        "precision": 0.7990074441687345,
        "recall": 0.7892156862745098,
        "f1-score": 0.7940813810110974,
        "support": 408
    },
    "topic": {
        "precision": 0.7704918032786885,
        "recall": 0.27647058823529413,
        "f1-score": 0.4069264069264069,
        "support": 170
    },
    "type-of": {
        "precision": 0.6733333333333333,
        "recall": 0.3005952380952381,
        "f1-score": 0.41563786008230447,
        "support": 336
    },
    "usage": {
        "precision": 0.5294117647058824,
        "recall": 0.045,
        "f1-score": 0.08294930875576036,
        "support": 200
    },
    "win-defeat": {
        "precision": 0.7598566308243727,
        "recall": 0.668769716088328,
        "f1-score": 0.7114093959731543,
        "support": 317
    },
    "micro avg": {
        "precision": 0.6577065066912783,
        "recall": 0.622108249672632,
        "f1-score": 0.639412292507851,
        "support": 9164
    },
    "macro avg": {
        "precision": 999999,
        "recall": 999999,
        "f1-score": 0.46548309578724467,
        "support": 9164
    },
    "weighted avg": {
        "precision": 0.6519533854039719,
        "recall": 0.622108249672632,
        "f1-score": 0.6210091462595503,
        "support": 9164
    },
    "samples avg": {
        "precision": 0.6577065066912783,
        "recall": 0.6317105060759883,
        "f1-score": 0.640343793262575,
        "support": 9164
    }
}