{
    "related-to": {
        "precision": 0.2898550724637681,
        "recall": 0.2898550724637681,
        "f1-score": 0.2898550724637681,
        "support": 414
    },
    "artifact": {
        "precision": 0.8305555555555556,
        "recall": 0.9417322834645669,
        "f1-score": 0.8826568265682656,
        "support": 635
    },
    "cause-effect": {
        "precision": 0.0,
        "recall": 0.0,
        "f1-score": 0.0,
        "support": 86
    },
    "compare": {
        "precision": 0.8333333333333334,
        "recall": 0.06097560975609756,
        "f1-score": 0.11363636363636363,
        "support": 82
    },
    "general-affiliation": {
        "precision": 0.7118533071381794,
        "recall": 0.8773204196933011,
        "f1-score": 0.7859725234996385,
        "support": 1239
    },
    "named": {
        "precision": 0.6634980988593155,
        "recall": 0.6254480286738351,
        "f1-score": 0.6439114391143911,
        "support": 558
    },
    "opposite": {
        "precision": 0.23404255319148937,
        "recall": 0.0859375,
        "f1-score": 0.1257142857142857,
        "support": 128
    },
    "origin": {
        "precision": 0.5263157894736842,
        "recall": 0.39473684210526316,
        "f1-score": 0.45112781954887216,
        "support": 304
    },
    "part-of": {
        "precision": 0.30313293818797626,
        "recall": 0.49653259361997226,
        "f1-score": 0.3764458464773922,
        "support": 721
    },
    "physical": {
        "precision": 0.7925973197192087,
        "recall": 0.8536082474226804,
        "f1-score": 0.8219722038385174,
        "support": 1455
    },
    "role": {
        "precision": 0.6823295830575777,
        "recall": 0.5139581256231306,
        "f1-score": 0.5862951379016207,
        "support": 2006
    },
    "social": {
        "precision": 0.5094339622641509,
        "recall": 0.2571428571428571,
        "f1-score": 0.34177215189873417,
        "support": 105
    },
    "temporal": {
        "precision": 0.7533632286995515,
        "recall": 0.8235294117647058,
        "f1-score": 0.7868852459016392,
        "support": 408
    },
    "topic": {
        "precision": 1.0,
        "recall": 0.058823529411764705,
        "f1-score": 0.1111111111111111,
        "support": 170
    },
    "type-of": {
        "precision": 0.7878787878787878,
        "recall": 0.23214285714285715,
        "f1-score": 0.3586206896551724,
        "support": 336
    },
    "usage": {
        "precision": 0.0,
        "recall": 0.0,
        "f1-score": 0.0,
        "support": 200
    },
    "win-defeat": {
        "precision": 0.713855421686747,
        "recall": 0.7476340694006309,
        "f1-score": 0.7303543913713405,
        "support": 317
    },
    "micro avg": {
        "precision": 0.6470927549607752,
        "recall": 0.6120689655172413,
        "f1-score": 0.6290937640197397,
        "support": 9164
    },
    "macro avg": {
        "precision": 999999,
        "recall": 999999,
        "f1-score": 0.43566653580594783,
        "support": 9164
    },
    "weighted avg": {
        "precision": 0.6460426714987919,
        "recall": 0.6120689655172413,
        "f1-score": 0.6053579429862582,
        "support": 9164
    },
    "samples avg": {
        "precision": 0.6470927549607752,
        "recall": 0.6217504999230887,
        "f1-score": 0.6301722811875097,
        "support": 9164
    }
}