{"related-to": {"precision": 0.0, "recall": 0.0, "f1-score": 0.0, "support": 26}, "artifact": {"precision": 0.13215859030837004, "recall": 0.11583011583011583, "f1-score": 0.12345679012345678, "support": 259}, "cause-effect": {"precision": 0.0, "recall": 0.0, "f1-score": 0.0, "support": 4}, "compare": {"precision": 0.0, "recall": 0.0, "f1-score": 0.0, "support": 5}, "general-affiliation": {"precision": 0.3090727816550349, "recall": 0.4293628808864266, "f1-score": 0.35942028985507246, "support": 722}, "named": {"precision": 0.0, "recall": 0.0, "f1-score": 0.0, "support": 83}, "opposite": {"precision": 0.0, "recall": 0.0, "f1-score": 0.0, "support": 6}, "origin": {"precision": 0.1111111111111111, "recall": 0.05263157894736842, "f1-score": 0.07142857142857142, "support": 19}, "part-of": {"precision": 0.06741573033707865, "recall": 0.03409090909090909, "f1-score": 0.045283018867924525, "support": 176}, "physical": {"precision": 0.16890080428954424, "recall": 0.1510791366906475, "f1-score": 0.15949367088607594, "support": 417}, "role": {"precision": 0.18333333333333332, "recall": 0.14511873350923482, "f1-score": 0.16200294550810015, "support": 379}, "social": {"precision": 0.0, "recall": 0.0, "f1-score": 0.0, "support": 22}, "temporal": {"precision": 0.019230769230769232, "recall": 0.041666666666666664, "f1-score": 0.02631578947368421, "support": 24}, "topic": {"precision": 0.0, "recall": 0.0, "f1-score": 0.0, "support": 8}, "type-of": {"precision": 0.1111111111111111, "recall": 0.025210084033613446, "f1-score": 0.04109589041095891, "support": 119}, "usage": {"precision": 0.0, "recall": 0.0, "f1-score": 0.0, "support": 52}, "win-defeat": {"precision": 0.04, "recall": 0.06451612903225806, "f1-score": 0.04938271604938271, "support": 93}, "micro avg": {"precision": 0.2036878216123499, "recall": 0.19676884838442418, "f1-score": 0.20016856300042138, "support": 2414}, "macro avg": {"precision": 0.06719613125743251, "recall": 0.06232389615807296, "f1-score": 0.061051746035483946, "support": 2414}, "weighted avg": {"precision": 0.17757855521999752, "recall": 0.19676884838442418, "f1-score": 0.18178387394414414, "support": 2414}, "samples avg": {"precision": 0.2036878216123499, "recall": 0.1996140651801029, "f1-score": 0.2009719839908519, "support": 2414}}