{"related-to": {"precision": 0.013333333333333334, "recall": 0.038461538461538464, "f1-score": 0.019801980198019806, "support": 26}, "artifact": {"precision": 0.12771739130434784, "recall": 0.18146718146718147, "f1-score": 0.14992025518341306, "support": 259}, "cause-effect": {"precision": 0.0, "recall": 0.0, "f1-score": 0.0, "support": 4}, "compare": {"precision": 0.0, "recall": 0.0, "f1-score": 0.0, "support": 5}, "general-affiliation": {"precision": 0.31176470588235294, "recall": 0.29362880886426596, "f1-score": 0.30242510699001424, "support": 722}, "named": {"precision": 0.044444444444444446, "recall": 0.024096385542168676, "f1-score": 0.03125, "support": 83}, "opposite": {"precision": 0.0, "recall": 0.0, "f1-score": 0.0, "support": 6}, "origin": {"precision": 0.0, "recall": 0.0, "f1-score": 0.0, "support": 19}, "part-of": {"precision": 0.0, "recall": 0.0, "f1-score": 0.0, "support": 176}, "physical": {"precision": 0.19205298013245034, "recall": 0.20863309352517986, "f1-score": 0.2, "support": 417}, "role": {"precision": 0.2019704433497537, "recall": 0.21635883905013192, "f1-score": 0.2089171974522293, "support": 379}, "social": {"precision": 0.0, "recall": 0.0, "f1-score": 0.0, "support": 22}, "temporal": {"precision": 0.022222222222222223, "recall": 0.041666666666666664, "f1-score": 0.028985507246376815, "support": 24}, "topic": {"precision": 0.0, "recall": 0.0, "f1-score": 0.0, "support": 8}, "type-of": {"precision": 0.13725490196078433, "recall": 0.058823529411764705, "f1-score": 0.08235294117647059, "support": 119}, "usage": {"precision": 0.0, "recall": 0.0, "f1-score": 0.0, "support": 52}, "win-defeat": {"precision": 0.04201680672268908, "recall": 0.053763440860215055, "f1-score": 0.04716981132075472, "support": 93}, "micro avg": {"precision": 0.19039451114922812, "recall": 0.18392709196354598, "f1-score": 0.1871049304677623, "support": 2414}, "macro avg": {"precision": 0.06428101349131636, "recall": 0.0656999696381831, "f1-score": 0.06298957644513403, "support": 2414}, "weighted avg": {"precision": 0.1821108525215848, "recall": 0.18392709196354598, "f1-score": 0.18133841643976012, "support": 2414}, "samples avg": {"precision": 0.19039451114922812, "recall": 0.18753573470554605, "f1-score": 0.1884648370497427, "support": 2414}}