{
    "related-to": {
        "precision": 0.0,
        "recall": 0.0,
        "f1-score": 0.0,
        "support": 26
    },
    "artifact": {
        "precision": 0.538961038961039,
        "recall": 0.9613899613899614,
        "f1-score": 0.6907073509015257,
        "support": 259
    },
    "cause-effect": {
        "precision": 0.0,
        "recall": 0.0,
        "f1-score": 0.0,
        "support": 4
    },
    "compare": {
        "precision": 0.0,
        "recall": 0.0,
        "f1-score": 0.0,
        "support": 5
    },
    "general-affiliation": {
        "precision": 0.8032564450474898,
        "recall": 0.8199445983379502,
        "f1-score": 0.8115147361206306,
        "support": 722
    },
    "named": {
        "precision": 0.7017543859649122,
        "recall": 0.4819277108433735,
        "f1-score": 0.5714285714285715,
        "support": 83
    },
    "opposite": {
        "precision": 0.0,
        "recall": 0.0,
        "f1-score": 0.0,
        "support": 6
    },
    "origin": {
        "precision": 0.5,
        "recall": 0.15789473684210525,
        "f1-score": 0.23999999999999996,
        "support": 19
    },
    "part-of": {
        "precision": 0.04672897196261682,
        "recall": 0.028409090909090908,
        "f1-score": 0.0353356890459364,
        "support": 176
    },
    "physical": {
        "precision": 0.8264462809917356,
        "recall": 0.7194244604316546,
        "f1-score": 0.7692307692307693,
        "support": 417
    },
    "role": {
        "precision": 0.6444444444444445,
        "recall": 0.6886543535620053,
        "f1-score": 0.6658163265306123,
        "support": 379
    },
    "social": {
        "precision": 0.0,
        "recall": 0.0,
        "f1-score": 0.0,
        "support": 22
    },
    "temporal": {
        "precision": 0.32432432432432434,
        "recall": 0.5,
        "f1-score": 0.39344262295081966,
        "support": 24
    },
    "topic": {
        "precision": 0.0,
        "recall": 0.0,
        "f1-score": 0.0,
        "support": 8
    },
    "type-of": {
        "precision": 0.9508196721311475,
        "recall": 0.48739495798319327,
        "f1-score": 0.6444444444444444,
        "support": 119
    },
    "usage": {
        "precision": 0.0,
        "recall": 0.0,
        "f1-score": 0.0,
        "support": 52
    },
    "win-defeat": {
        "precision": 0.6125,
        "recall": 0.5268817204301075,
        "f1-score": 0.5664739884393064,
        "support": 93
    },
    "micro avg": {
        "precision": 0.6728130360205832,
        "recall": 0.6499585749792874,
        "f1-score": 0.6611883691529709,
        "support": 2414
    },
    "macro avg": {
        "precision": 999999,
        "recall": 999999,
        "f1-score": 0.3169643822995656,
        "support": 2414
    },
    "weighted avg": {
        "precision": 0.6471741275480918,
        "recall": 0.6499585749792874,
        "f1-score": 0.6358499201955856,
        "support": 2414
    },
    "samples avg": {
        "precision": 0.6728130360205832,
        "recall": 0.6605917667238422,
        "f1-score": 0.6645940537449971,
        "support": 2414
    }
}