{"related-to": {"precision": 0.11042944785276074, "recall": 0.16666666666666666, "f1-score": 0.1328413284132841, "support": 108}, "artifact": {"precision": 0.05263157894736842, "recall": 0.07317073170731707, "f1-score": 0.06122448979591836, "support": 41}, "cause-effect": {"precision": 0.0, "recall": 0.0, "f1-score": 0.0, "support": 5}, "compare": {"precision": 0.0, "recall": 0.0, "f1-score": 0.0, "support": 24}, "general-affiliation": {"precision": 0.06666666666666667, "recall": 0.10666666666666667, "f1-score": 0.08205128205128205, "support": 75}, "named": {"precision": 0.08139534883720931, "recall": 0.10071942446043165, "f1-score": 0.09003215434083602, "support": 139}, "opposite": {"precision": 0.0, "recall": 0.0, "f1-score": 0.0, "support": 11}, "origin": {"precision": 0.18181818181818182, "recall": 0.0898876404494382, "f1-score": 0.12030075187969926, "support": 89}, "part-of": {"precision": 0.16964285714285715, "recall": 0.26635514018691586, "f1-score": 0.20727272727272728, "support": 214}, "physical": {"precision": 0.08181818181818182, "recall": 0.08823529411764706, "f1-score": 0.0849056603773585, "support": 102}, "role": {"precision": 0.06796116504854369, "recall": 0.06422018348623854, "f1-score": 0.0660377358490566, "support": 109}, "social": {"precision": 0.0, "recall": 0.0, "f1-score": 0.0, "support": 1}, "temporal": {"precision": 0.16666666666666666, "recall": 0.047619047619047616, "f1-score": 0.07407407407407407, "support": 21}, "topic": {"precision": 0.0, "recall": 0.0, "f1-score": 0.0, "support": 41}, "type-of": {"precision": 0.0, "recall": 0.0, "f1-score": 0.0, "support": 54}, "usage": {"precision": 0.0, "recall": 0.0, "f1-score": 0.0, "support": 122}, "win-defeat": {"precision": 0.0, "recall": 0.0, "f1-score": 0.0, "support": 7}, "micro avg": {"precision": 0.11091393078970718, "recall": 0.10748065348237318, "f1-score": 0.1091703056768559, "support": 1163}, "macro avg": {"precision": 0.057590005576378604, "recall": 0.05903181149178643, "f1-score": 0.05404354141495508, "support": 1163}, "weighted avg": {"precision": 0.08782187423856215, "recall": 0.10748065348237318, "f1-score": 0.0928654856687359, "support": 1163}, "samples avg": {"precision": 0.11091393078970718, "recall": 0.10825199645075421, "f1-score": 0.10913930789707187, "support": 1163}}