{
    "related-to": {
        "precision": 0.16299559471365638,
        "recall": 0.3425925925925926,
        "f1-score": 0.2208955223880597,
        "support": 108
    },
    "artifact": {
        "precision": 0.5,
        "recall": 0.5853658536585366,
        "f1-score": 0.5393258426966292,
        "support": 41
    },
    "cause-effect": {
        "precision": 0.0,
        "recall": 0.0,
        "f1-score": 0.0,
        "support": 5
    },
    "compare": {
        "precision": 0.0,
        "recall": 0.0,
        "f1-score": 0.0,
        "support": 24
    },
    "general-affiliation": {
        "precision": 0.14705882352941177,
        "recall": 0.3333333333333333,
        "f1-score": 0.20408163265306123,
        "support": 75
    },
    "named": {
        "precision": 0.7181208053691275,
        "recall": 0.7697841726618705,
        "f1-score": 0.7430555555555556,
        "support": 139
    },
    "opposite": {
        "precision": 1.0,
        "recall": 0.18181818181818182,
        "f1-score": 0.3076923076923077,
        "support": 11
    },
    "origin": {
        "precision": 0.47058823529411764,
        "recall": 0.2696629213483146,
        "f1-score": 0.34285714285714286,
        "support": 89
    },
    "part-of": {
        "precision": 0.3246753246753247,
        "recall": 0.35046728971962615,
        "f1-score": 0.33707865168539325,
        "support": 214
    },
    "physical": {
        "precision": 0.8673469387755102,
        "recall": 0.8333333333333334,
        "f1-score": 0.8499999999999999,
        "support": 102
    },
    "role": {
        "precision": 0.6183206106870229,
        "recall": 0.7431192660550459,
        "f1-score": 0.6749999999999999,
        "support": 109
    },
    "social": {
        "precision": 0.0,
        "recall": 0.0,
        "f1-score": 0.0,
        "support": 1
    },
    "temporal": {
        "precision": 0.4,
        "recall": 0.19047619047619047,
        "f1-score": 0.25806451612903225,
        "support": 21
    },
    "topic": {
        "precision": 0.0,
        "recall": 0.0,
        "f1-score": 0.0,
        "support": 41
    },
    "type-of": {
        "precision": 0.0,
        "recall": 0.0,
        "f1-score": 0.0,
        "support": 54
    },
    "usage": {
        "precision": 0.0,
        "recall": 0.0,
        "f1-score": 0.0,
        "support": 122
    },
    "win-defeat": {
        "precision": 0.5,
        "recall": 0.7142857142857143,
        "f1-score": 0.588235294117647,
        "support": 7
    },
    "micro avg": {
        "precision": 0.4161490683229814,
        "recall": 0.4032674118658641,
        "f1-score": 0.4096069868995633,
        "support": 1163
    },
    "macro avg": {
        "precision": 999999,
        "recall": 999999,
        "f1-score": 0.29801685092793107,
        "support": 1163
    },
    "weighted avg": {
        "precision": 0.3775416463299854,
        "recall": 0.4032674118658641,
        "f1-score": 0.37868070085707867,
        "support": 1163
    },
    "samples avg": {
        "precision": 0.4161490683229814,
        "recall": 0.4053534457261166,
        "f1-score": 0.40890269151138714,
        "support": 1163
    }
}