{
    "related-to": {
        "precision": 0.1925925925925926,
        "recall": 0.24074074074074073,
        "f1-score": 0.2139917695473251,
        "support": 108
    },
    "artifact": {
        "precision": 0.5686274509803921,
        "recall": 0.7073170731707317,
        "f1-score": 0.6304347826086957,
        "support": 41
    },
    "cause-effect": {
        "precision": 0.0,
        "recall": 0.0,
        "f1-score": 0.0,
        "support": 5
    },
    "compare": {
        "precision": 0.0,
        "recall": 0.0,
        "f1-score": 0.0,
        "support": 24
    },
    "general-affiliation": {
        "precision": 0.16831683168316833,
        "recall": 0.22666666666666666,
        "f1-score": 0.19318181818181818,
        "support": 75
    },
    "named": {
        "precision": 0.7536231884057971,
        "recall": 0.7482014388489209,
        "f1-score": 0.7509025270758124,
        "support": 139
    },
    "opposite": {
        "precision": 1.0,
        "recall": 0.18181818181818182,
        "f1-score": 0.3076923076923077,
        "support": 11
    },
    "origin": {
        "precision": 0.6,
        "recall": 0.23595505617977527,
        "f1-score": 0.3387096774193548,
        "support": 89
    },
    "part-of": {
        "precision": 0.327683615819209,
        "recall": 0.5420560747663551,
        "f1-score": 0.4084507042253521,
        "support": 214
    },
    "physical": {
        "precision": 0.7014925373134329,
        "recall": 0.9215686274509803,
        "f1-score": 0.7966101694915254,
        "support": 102
    },
    "role": {
        "precision": 0.4533333333333333,
        "recall": 0.6238532110091743,
        "f1-score": 0.525096525096525,
        "support": 109
    },
    "social": {
        "precision": 0.0,
        "recall": 0.0,
        "f1-score": 0.0,
        "support": 1
    },
    "temporal": {
        "precision": 0.3333333333333333,
        "recall": 0.23809523809523808,
        "f1-score": 0.2777777777777778,
        "support": 21
    },
    "topic": {
        "precision": 0.0,
        "recall": 0.0,
        "f1-score": 0.0,
        "support": 41
    },
    "type-of": {
        "precision": 0.0,
        "recall": 0.0,
        "f1-score": 0.0,
        "support": 54
    },
    "usage": {
        "precision": 0.0,
        "recall": 0.0,
        "f1-score": 0.0,
        "support": 122
    },
    "win-defeat": {
        "precision": 0.4444444444444444,
        "recall": 0.5714285714285714,
        "f1-score": 0.5,
        "support": 7
    },
    "micro avg": {
        "precision": 0.43123336291038156,
        "recall": 0.4178847807394669,
        "f1-score": 0.4244541484716157,
        "support": 1163
    },
    "macro avg": {
        "precision": 999999,
        "recall": 999999,
        "f1-score": 0.2907557681833232,
        "support": 1163
    },
    "weighted avg": {
        "precision": 0.36723309380100155,
        "recall": 0.4178847807394669,
        "f1-score": 0.3753949647991362,
        "support": 1163
    },
    "samples avg": {
        "precision": 0.43123336291038156,
        "recall": 0.419550428867199,
        "f1-score": 0.42339544513457555,
        "support": 1163
    }
}