{
    "related-to": {
        "precision": 0.31007751937984496,
        "recall": 0.6349206349206349,
        "f1-score": 0.41666666666666663,
        "support": 126
    },
    "artifact": {
        "precision": 0.17647058823529413,
        "recall": 0.09090909090909091,
        "f1-score": 0.12000000000000001,
        "support": 33
    },
    "cause-effect": {
        "precision": 0.0,
        "recall": 0.0,
        "f1-score": 0.0,
        "support": 76
    },
    "compare": {
        "precision": 0.6842105263157895,
        "recall": 0.3333333333333333,
        "f1-score": 0.44827586206896547,
        "support": 39
    },
    "general-affiliation": {
        "precision": 0.2833333333333333,
        "recall": 0.2328767123287671,
        "f1-score": 0.2556390977443609,
        "support": 73
    },
    "named": {
        "precision": 0.5035460992907801,
        "recall": 0.6574074074074074,
        "f1-score": 0.570281124497992,
        "support": 108
    },
    "opposite": {
        "precision": 0.0,
        "recall": 0.0,
        "f1-score": 0.0,
        "support": 5
    },
    "origin": {
        "precision": 0.2692307692307692,
        "recall": 0.22340425531914893,
        "f1-score": 0.2441860465116279,
        "support": 94
    },
    "part-of": {
        "precision": 0.1317365269461078,
        "recall": 0.24444444444444444,
        "f1-score": 0.17120622568093388,
        "support": 90
    },
    "physical": {
        "precision": 0.5910652920962199,
        "recall": 0.7678571428571429,
        "f1-score": 0.6679611650485437,
        "support": 224
    },
    "role": {
        "precision": 0.2982456140350877,
        "recall": 0.35664335664335667,
        "f1-score": 0.3248407643312102,
        "support": 286
    },
    "social": {
        "precision": 0.0,
        "recall": 0.0,
        "f1-score": 0.0,
        "support": 14
    },
    "temporal": {
        "precision": 0.0,
        "recall": 0.0,
        "f1-score": 0.0,
        "support": 26
    },
    "topic": {
        "precision": 0.0,
        "recall": 0.0,
        "f1-score": 0.0,
        "support": 66
    },
    "type-of": {
        "precision": 0.6666666666666666,
        "recall": 0.017094017094017096,
        "f1-score": 0.03333333333333333,
        "support": 117
    },
    "usage": {
        "precision": 0.0,
        "recall": 0.0,
        "f1-score": 0.0,
        "support": 24
    },
    "win-defeat": {
        "precision": 0.9285714285714286,
        "recall": 0.29545454545454547,
        "f1-score": 0.4482758620689656,
        "support": 44
    },
    "micro avg": {
        "precision": 0.3706896551724138,
        "recall": 0.3570934256055363,
        "f1-score": 0.36376454000704966,
        "support": 1445
    },
    "macro avg": {
        "precision": 999999,
        "recall": 999999,
        "f1-score": 0.21768624399721173,
        "support": 1445
    },
    "weighted avg": {
        "precision": 0.36011198136349604,
        "recall": 0.3570934256055363,
        "f1-score": 0.3174454812358634,
        "support": 1445
    },
    "samples avg": {
        "precision": 0.3706896551724138,
        "recall": 0.35237068965517243,
        "f1-score": 0.3584770114942529,
        "support": 1445
    }
}