{
    "related-to": {
        "precision": 0.26813880126182965,
        "recall": 0.6746031746031746,
        "f1-score": 0.3837471783295711,
        "support": 126
    },
    "artifact": {
        "precision": 0.6774193548387096,
        "recall": 0.6363636363636364,
        "f1-score": 0.65625,
        "support": 33
    },
    "cause-effect": {
        "precision": 0.0,
        "recall": 0.0,
        "f1-score": 0.0,
        "support": 76
    },
    "compare": {
        "precision": 0.0,
        "recall": 0.0,
        "f1-score": 0.0,
        "support": 39
    },
    "general-affiliation": {
        "precision": 0.30097087378640774,
        "recall": 0.4246575342465753,
        "f1-score": 0.35227272727272724,
        "support": 73
    },
    "named": {
        "precision": 0.4326923076923077,
        "recall": 0.8333333333333334,
        "f1-score": 0.5696202531645571,
        "support": 108
    },
    "opposite": {
        "precision": 0.6666666666666666,
        "recall": 0.4,
        "f1-score": 0.5,
        "support": 5
    },
    "origin": {
        "precision": 0.37142857142857144,
        "recall": 0.2765957446808511,
        "f1-score": 0.3170731707317073,
        "support": 94
    },
    "part-of": {
        "precision": 0.15384615384615385,
        "recall": 0.24444444444444444,
        "f1-score": 0.18884120171673818,
        "support": 90
    },
    "physical": {
        "precision": 0.8557213930348259,
        "recall": 0.7678571428571429,
        "f1-score": 0.8094117647058824,
        "support": 224
    },
    "role": {
        "precision": 0.5858585858585859,
        "recall": 0.40559440559440557,
        "f1-score": 0.47933884297520657,
        "support": 286
    },
    "social": {
        "precision": 1.0,
        "recall": 0.14285714285714285,
        "f1-score": 0.25,
        "support": 14
    },
    "temporal": {
        "precision": 0.75,
        "recall": 0.8076923076923077,
        "f1-score": 0.7777777777777779,
        "support": 26
    },
    "topic": {
        "precision": 0.23529411764705882,
        "recall": 0.06060606060606061,
        "f1-score": 0.0963855421686747,
        "support": 66
    },
    "type-of": {
        "precision": 0.46153846153846156,
        "recall": 0.05128205128205128,
        "f1-score": 0.0923076923076923,
        "support": 117
    },
    "usage": {
        "precision": 0.0,
        "recall": 0.0,
        "f1-score": 0.0,
        "support": 24
    },
    "win-defeat": {
        "precision": 0.6923076923076923,
        "recall": 0.8181818181818182,
        "f1-score": 0.7500000000000001,
        "support": 44
    },
    "micro avg": {
        "precision": 0.45545977011494254,
        "recall": 0.4387543252595156,
        "f1-score": 0.44695100458230524,
        "support": 1445
    },
    "macro avg": {
        "precision": 999999,
        "recall": 999999,
        "f1-score": 0.3660603618323844,
        "support": 1445
    },
    "weighted avg": {
        "precision": 0.463435184360705,
        "recall": 0.4387543252595156,
        "f1-score": 0.41441293390718037,
        "support": 1445
    },
    "samples avg": {
        "precision": 0.45545977011494254,
        "recall": 0.4389367816091954,
        "f1-score": 0.4444444444444444,
        "support": 1445
    }
}