{
    "related-to": {
        "precision": 0.0,
        "recall": 0.0,
        "f1-score": 0.0,
        "support": 26
    },
    "artifact": {
        "precision": 0.7079646017699115,
        "recall": 0.9266409266409267,
        "f1-score": 0.8026755852842808,
        "support": 259
    },
    "cause-effect": {
        "precision": 0.0,
        "recall": 0.0,
        "f1-score": 0.0,
        "support": 4
    },
    "compare": {
        "precision": 0.0,
        "recall": 0.0,
        "f1-score": 0.0,
        "support": 5
    },
    "general-affiliation": {
        "precision": 0.8142681426814268,
        "recall": 0.9168975069252078,
        "f1-score": 0.8625407166123779,
        "support": 722
    },
    "named": {
        "precision": 1.0,
        "recall": 0.012048192771084338,
        "f1-score": 0.02380952380952381,
        "support": 83
    },
    "opposite": {
        "precision": 0.0,
        "recall": 0.0,
        "f1-score": 0.0,
        "support": 6
    },
    "origin": {
        "precision": 0.4,
        "recall": 0.3157894736842105,
        "f1-score": 0.35294117647058826,
        "support": 19
    },
    "part-of": {
        "precision": 0.34579439252336447,
        "recall": 0.42045454545454547,
        "f1-score": 0.3794871794871795,
        "support": 176
    },
    "physical": {
        "precision": 0.7670329670329671,
        "recall": 0.8369304556354916,
        "f1-score": 0.8004587155963302,
        "support": 417
    },
    "role": {
        "precision": 0.7121212121212122,
        "recall": 0.49604221635883905,
        "f1-score": 0.5847589424572317,
        "support": 379
    },
    "social": {
        "precision": 0.0,
        "recall": 0.0,
        "f1-score": 0.0,
        "support": 22
    },
    "temporal": {
        "precision": 0.26666666666666666,
        "recall": 0.3333333333333333,
        "f1-score": 0.2962962962962963,
        "support": 24
    },
    "topic": {
        "precision": 0.0,
        "recall": 0.0,
        "f1-score": 0.0,
        "support": 8
    },
    "type-of": {
        "precision": 0.9523809523809523,
        "recall": 0.6722689075630253,
        "f1-score": 0.7881773399014779,
        "support": 119
    },
    "usage": {
        "precision": 1.0,
        "recall": 0.28846153846153844,
        "f1-score": 0.44776119402985076,
        "support": 52
    },
    "win-defeat": {
        "precision": 0.7653061224489796,
        "recall": 0.8064516129032258,
        "f1-score": 0.7853403141361257,
        "support": 93
    },
    "micro avg": {
        "precision": 0.7281303602058319,
        "recall": 0.7033968516984258,
        "f1-score": 0.7155499367888748,
        "support": 2414
    },
    "macro avg": {
        "precision": 999999,
        "recall": 999999,
        "f1-score": 0.36024982259301547,
        "support": 2414
    },
    "weighted avg": {
        "precision": 0.7271655896132081,
        "recall": 0.7033968516984258,
        "f1-score": 0.6871410769926264,
        "support": 2414
    },
    "samples avg": {
        "precision": 0.7281303602058319,
        "recall": 0.7133361921097771,
        "f1-score": 0.7181961120640366,
        "support": 2414
    }
}