{"related-to": {"precision": 0.0, "recall": 0.0, "f1-score": 0.0, "support": 26}, "artifact": {"precision": 0.10909090909090909, "recall": 0.11583011583011583, "f1-score": 0.11235955056179775, "support": 259}, "cause-effect": {"precision": 0.0, "recall": 0.0, "f1-score": 0.0, "support": 4}, "compare": {"precision": 0.0, "recall": 0.0, "f1-score": 0.0, "support": 5}, "general-affiliation": {"precision": 0.34782608695652173, "recall": 0.12188365650969529, "f1-score": 0.18051282051282053, "support": 722}, "named": {"precision": 0.031746031746031744, "recall": 0.024096385542168676, "f1-score": 0.027397260273972605, "support": 83}, "opposite": {"precision": 0.0, "recall": 0.0, "f1-score": 0.0, "support": 6}, "origin": {"precision": 0.0, "recall": 0.0, "f1-score": 0.0, "support": 19}, "part-of": {"precision": 0.10666666666666667, "recall": 0.18181818181818182, "f1-score": 0.13445378151260506, "support": 176}, "physical": {"precision": 0.18803418803418803, "recall": 0.21103117505995203, "f1-score": 0.19887005649717512, "support": 417}, "role": {"precision": 0.15637860082304528, "recall": 0.3007915567282322, "f1-score": 0.20577617328519857, "support": 379}, "social": {"precision": 0.0, "recall": 0.0, "f1-score": 0.0, "support": 22}, "temporal": {"precision": 0.0, "recall": 0.0, "f1-score": 0.0, "support": 24}, "topic": {"precision": 0.0, "recall": 0.0, "f1-score": 0.0, "support": 8}, "type-of": {"precision": 0.078125, "recall": 0.04201680672268908, "f1-score": 0.054644808743169404, "support": 119}, "usage": {"precision": 0.0, "recall": 0.0, "f1-score": 0.0, "support": 52}, "win-defeat": {"precision": 0.0660377358490566, "recall": 0.07526881720430108, "f1-score": 0.07035175879396985, "support": 93}, "micro avg": {"precision": 0.1569468267581475, "recall": 0.1516155758077879, "f1-score": 0.15423514538558789, "support": 2414}, "macro avg": {"precision": 0.06375913053920113, "recall": 0.0631021585538433, "f1-score": 0.057903894716512284, "support": 2414}, "weighted avg": {"precision": 0.1880320483685008, "recall": 0.1516155758077879, "f1-score": 0.1488536235283384, "support": 2414}, "samples avg": {"precision": 0.1569468267581475, "recall": 0.14958547741566608, "f1-score": 0.15201543739279588, "support": 2414}}