{"related-to": {"precision": 0.0, "recall": 0.0, "f1-score": 0.0, "support": 26}, "artifact": {"precision": 0.1016949152542373, "recall": 0.11583011583011583, "f1-score": 0.10830324909747294, "support": 259}, "cause-effect": {"precision": 0.0, "recall": 0.0, "f1-score": 0.0, "support": 4}, "compare": {"precision": 0.0, "recall": 0.0, "f1-score": 0.0, "support": 5}, "general-affiliation": {"precision": 0.3291731669266771, "recall": 0.2922437673130194, "f1-score": 0.30961115187087307, "support": 722}, "named": {"precision": 0.037037037037037035, "recall": 0.024096385542168676, "f1-score": 0.029197080291970802, "support": 83}, "opposite": {"precision": 0.0, "recall": 0.0, "f1-score": 0.0, "support": 6}, "origin": {"precision": 0.0, "recall": 0.0, "f1-score": 0.0, "support": 19}, "part-of": {"precision": 0.08156028368794327, "recall": 0.13068181818181818, "f1-score": 0.10043668122270742, "support": 176}, "physical": {"precision": 0.20093457943925233, "recall": 0.20623501199040767, "f1-score": 0.20355029585798814, "support": 417}, "role": {"precision": 0.16020671834625322, "recall": 0.16358839050131926, "f1-score": 0.16187989556135773, "support": 379}, "social": {"precision": 0.0, "recall": 0.0, "f1-score": 0.0, "support": 22}, "temporal": {"precision": 0.025, "recall": 0.041666666666666664, "f1-score": 0.03125, "support": 24}, "topic": {"precision": 0.0, "recall": 0.0, "f1-score": 0.0, "support": 8}, "type-of": {"precision": 0.08333333333333333, "recall": 0.05042016806722689, "f1-score": 0.06282722513089005, "support": 119}, "usage": {"precision": 0.0, "recall": 0.0, "f1-score": 0.0, "support": 52}, "win-defeat": {"precision": 0.023255813953488372, "recall": 0.021505376344086023, "f1-score": 0.0223463687150838, "support": 93}, "micro avg": {"precision": 0.1813893653516295, "recall": 0.1752278376139188, "f1-score": 0.17825537294563842, "support": 2414}, "macro avg": {"precision": 0.061305638116366, "recall": 0.061545158849225214, "f1-score": 0.06055305574990259, "support": 2414}, "weighted avg": {"precision": 0.18169768716603135, "recall": 0.1752278376139188, "f1-score": 0.17739337721543508, "support": 2414}, "samples avg": {"precision": 0.1813893653516295, "recall": 0.17710120068610635, "f1-score": 0.1785305889079474, "support": 2414}}