{
    "related-to": {
        "precision": 0.0,
        "recall": 0.0,
        "f1-score": 0.0,
        "support": 76
    },
    "artifact": {
        "precision": 0.0,
        "recall": 0.0,
        "f1-score": 0.0,
        "support": 2
    },
    "cause-effect": {
        "precision": 0.0,
        "recall": 0.0,
        "f1-score": 0.0,
        "support": 0
    },
    "compare": {
        "precision": 0.0,
        "recall": 0.0,
        "f1-score": 0.0,
        "support": 6
    },
    "general-affiliation": {
        "precision": 0.16831683168316833,
        "recall": 0.5483870967741935,
        "f1-score": 0.25757575757575757,
        "support": 31
    },
    "named": {
        "precision": 0.45161290322580644,
        "recall": 0.5384615384615384,
        "f1-score": 0.4912280701754386,
        "support": 130
    },
    "opposite": {
        "precision": 0.21428571428571427,
        "recall": 0.11320754716981132,
        "f1-score": 0.14814814814814814,
        "support": 53
    },
    "origin": {
        "precision": 0.0,
        "recall": 0.0,
        "f1-score": 0.0,
        "support": 55
    },
    "part-of": {
        "precision": 0.10526315789473684,
        "recall": 0.017094017094017096,
        "f1-score": 0.029411764705882356,
        "support": 117
    },
    "physical": {
        "precision": 0.6822810590631364,
        "recall": 0.8190709046454768,
        "f1-score": 0.7444444444444445,
        "support": 409
    },
    "role": {
        "precision": 0.6226415094339622,
        "recall": 0.5532934131736527,
        "f1-score": 0.5859226379201014,
        "support": 835
    },
    "social": {
        "precision": 0.0,
        "recall": 0.0,
        "f1-score": 0.0,
        "support": 21
    },
    "temporal": {
        "precision": 0.9016949152542373,
        "recall": 0.8664495114006515,
        "f1-score": 0.8837209302325583,
        "support": 307
    },
    "topic": {
        "precision": 0.0,
        "recall": 0.0,
        "f1-score": 0.0,
        "support": 13
    },
    "type-of": {
        "precision": 0.0,
        "recall": 0.0,
        "f1-score": 0.0,
        "support": 28
    },
    "usage": {
        "precision": 0.0,
        "recall": 0.0,
        "f1-score": 0.0,
        "support": 0
    },
    "win-defeat": {
        "precision": 0.0,
        "recall": 0.0,
        "f1-score": 0.0,
        "support": 41
    },
    "micro avg": {
        "precision": 0.6324412889131622,
        "recall": 0.5451977401129944,
        "f1-score": 0.5855878634639696,
        "support": 2124
    },
    "macro avg": {
        "precision": 999999,
        "recall": 999999,
        "f1-score": 0.20936345021348873,
        "support": 2124
    },
    "weighted avg": {
        "precision": 0.5477304068030094,
        "recall": 0.5451977401129944,
        "f1-score": 0.540566399224366,
        "support": 2124
    },
    "samples avg": {
        "precision": 0.6324412889131622,
        "recall": 0.55598033861278,
        "f1-score": 0.5814673220462407,
        "support": 2124
    }
}