{
    "related-to": {
        "precision": 0.2791666666666667,
        "recall": 0.5317460317460317,
        "f1-score": 0.36612021857923494,
        "support": 126
    },
    "artifact": {
        "precision": 0.88,
        "recall": 0.6666666666666666,
        "f1-score": 0.7586206896551725,
        "support": 33
    },
    "cause-effect": {
        "precision": 0.0,
        "recall": 0.0,
        "f1-score": 0.0,
        "support": 76
    },
    "compare": {
        "precision": 0.0,
        "recall": 0.0,
        "f1-score": 0.0,
        "support": 39
    },
    "general-affiliation": {
        "precision": 0.3125,
        "recall": 0.410958904109589,
        "f1-score": 0.35502958579881655,
        "support": 73
    },
    "named": {
        "precision": 0.35833333333333334,
        "recall": 0.7962962962962963,
        "f1-score": 0.49425287356321834,
        "support": 108
    },
    "opposite": {
        "precision": 0.0,
        "recall": 0.0,
        "f1-score": 0.0,
        "support": 5
    },
    "origin": {
        "precision": 0.5609756097560976,
        "recall": 0.24468085106382978,
        "f1-score": 0.34074074074074073,
        "support": 94
    },
    "part-of": {
        "precision": 0.10218978102189781,
        "recall": 0.15555555555555556,
        "f1-score": 0.12334801762114538,
        "support": 90
    },
    "physical": {
        "precision": 0.8201058201058201,
        "recall": 0.6919642857142857,
        "f1-score": 0.7506053268765133,
        "support": 224
    },
    "role": {
        "precision": 0.5236686390532544,
        "recall": 0.6188811188811189,
        "f1-score": 0.5673076923076923,
        "support": 286
    },
    "social": {
        "precision": 0.0,
        "recall": 0.0,
        "f1-score": 0.0,
        "support": 14
    },
    "temporal": {
        "precision": 0.6206896551724138,
        "recall": 0.6923076923076923,
        "f1-score": 0.6545454545454545,
        "support": 26
    },
    "topic": {
        "precision": 0.0,
        "recall": 0.0,
        "f1-score": 0.0,
        "support": 66
    },
    "type-of": {
        "precision": 0.2413793103448276,
        "recall": 0.05982905982905983,
        "f1-score": 0.09589041095890412,
        "support": 117
    },
    "usage": {
        "precision": 0.0,
        "recall": 0.0,
        "f1-score": 0.0,
        "support": 24
    },
    "win-defeat": {
        "precision": 1.0,
        "recall": 0.5227272727272727,
        "f1-score": 0.6865671641791045,
        "support": 44
    },
    "micro avg": {
        "precision": 0.4468390804597701,
        "recall": 0.43044982698961937,
        "f1-score": 0.43849136411702505,
        "support": 1445
    },
    "macro avg": {
        "precision": 999999,
        "recall": 999999,
        "f1-score": 0.3054722455779998,
        "support": 1445
    },
    "weighted avg": {
        "precision": 0.4218052127521149,
        "recall": 0.43044982698961937,
        "f1-score": 0.40306225603312895,
        "support": 1445
    },
    "samples avg": {
        "precision": 0.4468390804597701,
        "recall": 0.42852011494252873,
        "f1-score": 0.43462643678160917,
        "support": 1445
    }
}