{
    "related-to": {
        "precision": 0.29439252336448596,
        "recall": 0.5,
        "f1-score": 0.3705882352941176,
        "support": 126
    },
    "artifact": {
        "precision": 0.5416666666666666,
        "recall": 0.7878787878787878,
        "f1-score": 0.6419753086419753,
        "support": 33
    },
    "cause-effect": {
        "precision": 0.0,
        "recall": 0.0,
        "f1-score": 0.0,
        "support": 76
    },
    "compare": {
        "precision": 0.0,
        "recall": 0.0,
        "f1-score": 0.0,
        "support": 39
    },
    "general-affiliation": {
        "precision": 0.2830188679245283,
        "recall": 0.410958904109589,
        "f1-score": 0.33519553072625696,
        "support": 73
    },
    "named": {
        "precision": 0.3057324840764331,
        "recall": 0.8888888888888888,
        "f1-score": 0.4549763033175356,
        "support": 108
    },
    "opposite": {
        "precision": 0.0,
        "recall": 0.0,
        "f1-score": 0.0,
        "support": 5
    },
    "origin": {
        "precision": 0.43157894736842106,
        "recall": 0.43617021276595747,
        "f1-score": 0.43386243386243384,
        "support": 94
    },
    "part-of": {
        "precision": 0.0297029702970297,
        "recall": 0.03333333333333333,
        "f1-score": 0.03141361256544503,
        "support": 90
    },
    "physical": {
        "precision": 0.9225352112676056,
        "recall": 0.5848214285714286,
        "f1-score": 0.715846994535519,
        "support": 224
    },
    "role": {
        "precision": 0.6851851851851852,
        "recall": 0.5174825174825175,
        "f1-score": 0.5896414342629482,
        "support": 286
    },
    "social": {
        "precision": 0.5454545454545454,
        "recall": 0.42857142857142855,
        "f1-score": 0.4799999999999999,
        "support": 14
    },
    "temporal": {
        "precision": 0.6428571428571429,
        "recall": 0.6923076923076923,
        "f1-score": 0.6666666666666666,
        "support": 26
    },
    "topic": {
        "precision": 0.4166666666666667,
        "recall": 0.07575757575757576,
        "f1-score": 0.12820512820512822,
        "support": 66
    },
    "type-of": {
        "precision": 0.05172413793103448,
        "recall": 0.02564102564102564,
        "f1-score": 0.03428571428571429,
        "support": 117
    },
    "usage": {
        "precision": 0.0,
        "recall": 0.0,
        "f1-score": 0.0,
        "support": 24
    },
    "win-defeat": {
        "precision": 0.8717948717948718,
        "recall": 0.7727272727272727,
        "f1-score": 0.8192771084337349,
        "support": 44
    },
    "micro avg": {
        "precision": 0.4339080459770115,
        "recall": 0.4179930795847751,
        "f1-score": 0.42580190341910473,
        "support": 1445
    },
    "macro avg": {
        "precision": 999999,
        "recall": 999999,
        "f1-score": 0.3354079100469104,
        "support": 1445
    },
    "weighted avg": {
        "precision": 0.4503542076792361,
        "recall": 0.4179930795847751,
        "f1-score": 0.40599168260211604,
        "support": 1445
    },
    "samples avg": {
        "precision": 0.4339080459770115,
        "recall": 0.41522988505747127,
        "f1-score": 0.42145593869731796,
        "support": 1445
    }
}