{"related-to": {"precision": 0.05555555555555555, "recall": 0.041666666666666664, "f1-score": 0.04761904761904762, "support": 72}, "artifact": {"precision": 0.17365269461077845, "recall": 0.19333333333333333, "f1-score": 0.1829652996845426, "support": 300}, "cause-effect": {"precision": 0.0, "recall": 0.0, "f1-score": 0.0, "support": 1}, "compare": {"precision": 0.0, "recall": 0.0, "f1-score": 0.0, "support": 8}, "general-affiliation": {"precision": 0.1527777777777778, "recall": 0.03353658536585366, "f1-score": 0.05500000000000001, "support": 328}, "named": {"precision": 0.023255813953488372, "recall": 0.010638297872340425, "f1-score": 0.0145985401459854, "support": 94}, "opposite": {"precision": 0.0, "recall": 0.0, "f1-score": 0.0, "support": 14}, "origin": {"precision": 0.0, "recall": 0.0, "f1-score": 0.0, "support": 47}, "part-of": {"precision": 0.05392156862745098, "recall": 0.11458333333333333, "f1-score": 0.07333333333333332, "support": 96}, "physical": {"precision": 0.05803571428571429, "recall": 0.07471264367816093, "f1-score": 0.06532663316582915, "support": 174}, "role": {"precision": 0.15811088295687886, "recall": 0.30434782608695654, "f1-score": 0.20810810810810812, "support": 253}, "social": {"precision": 0.0, "recall": 0.0, "f1-score": 0.0, "support": 47}, "temporal": {"precision": 0.0, "recall": 0.0, "f1-score": 0.0, "support": 29}, "topic": {"precision": 0.0, "recall": 0.0, "f1-score": 0.0, "support": 42}, "type-of": {"precision": 0.0, "recall": 0.0, "f1-score": 0.0, "support": 18}, "usage": {"precision": 0.0, "recall": 0.0, "f1-score": 0.0, "support": 2}, "win-defeat": {"precision": 0.030927835051546393, "recall": 0.030927835051546393, "f1-score": 0.030927835051546393, "support": 97}, "micro avg": {"precision": 0.11132075471698114, "recall": 0.1091245376078915, "f1-score": 0.11021170610211706, "support": 1622}, "macro avg": {"precision": 0.04154340251877592, "recall": 0.04727920714048184, "f1-score": 0.03987522335931721, "support": 1622}, "weighted avg": {"precision": 0.10275567464119142, "recall": 0.1091245376078915, "f1-score": 0.09358114033900275, "support": 1622}, "samples avg": {"precision": 0.11132075471698114, "recall": 0.10786163522012579, "f1-score": 0.10901467505241089, "support": 1622}}