{
    "related-to": {
        "precision": 0.08,
        "recall": 0.1388888888888889,
        "f1-score": 0.10152284263959391,
        "support": 72
    },
    "artifact": {
        "precision": 0.5819672131147541,
        "recall": 0.47333333333333333,
        "f1-score": 0.5220588235294118,
        "support": 300
    },
    "cause-effect": {
        "precision": 0.0,
        "recall": 0.0,
        "f1-score": 0.0,
        "support": 1
    },
    "compare": {
        "precision": 0.0,
        "recall": 0.0,
        "f1-score": 0.0,
        "support": 8
    },
    "general-affiliation": {
        "precision": 0.7888888888888889,
        "recall": 0.21646341463414634,
        "f1-score": 0.3397129186602871,
        "support": 328
    },
    "named": {
        "precision": 0.45901639344262296,
        "recall": 0.2978723404255319,
        "f1-score": 0.3612903225806451,
        "support": 94
    },
    "opposite": {
        "precision": 0.25,
        "recall": 0.07142857142857142,
        "f1-score": 0.11111111111111112,
        "support": 14
    },
    "origin": {
        "precision": 0.14084507042253522,
        "recall": 0.2127659574468085,
        "f1-score": 0.16949152542372883,
        "support": 47
    },
    "part-of": {
        "precision": 0.12037037037037036,
        "recall": 0.13541666666666666,
        "f1-score": 0.12745098039215685,
        "support": 96
    },
    "physical": {
        "precision": 0.728110599078341,
        "recall": 0.9080459770114943,
        "f1-score": 0.8081841432225064,
        "support": 174
    },
    "role": {
        "precision": 0.34458259325044405,
        "recall": 0.766798418972332,
        "f1-score": 0.4754901960784314,
        "support": 253
    },
    "social": {
        "precision": 0.0,
        "recall": 0.0,
        "f1-score": 0.0,
        "support": 47
    },
    "temporal": {
        "precision": 0.6818181818181818,
        "recall": 0.5172413793103449,
        "f1-score": 0.5882352941176471,
        "support": 29
    },
    "topic": {
        "precision": 0.0,
        "recall": 0.0,
        "f1-score": 0.0,
        "support": 42
    },
    "type-of": {
        "precision": 1.0,
        "recall": 0.5555555555555556,
        "f1-score": 0.7142857142857143,
        "support": 18
    },
    "usage": {
        "precision": 0.0,
        "recall": 0.0,
        "f1-score": 0.0,
        "support": 2
    },
    "win-defeat": {
        "precision": 0.64,
        "recall": 0.4948453608247423,
        "f1-score": 0.5581395348837209,
        "support": 97
    },
    "micro avg": {
        "precision": 0.44025157232704404,
        "recall": 0.4315659679408138,
        "f1-score": 0.43586550435865506,
        "support": 1622
    },
    "macro avg": {
        "precision": 999999,
        "recall": 999999,
        "f1-score": 0.2868807886426444,
        "support": 1622
    },
    "weighted avg": {
        "precision": 0.5041010492871295,
        "recall": 0.4315659679408138,
        "f1-score": 0.41680020501786785,
        "support": 1622
    },
    "samples avg": {
        "precision": 0.44025157232704404,
        "recall": 0.43228511530398317,
        "f1-score": 0.4349056603773585,
        "support": 1622
    }
}