{
    "related-to": {
        "precision": 0.12014500774207419,
        "recall": 0.23674928060892975,
        "f1-score": 0.1414690762617196,
        "support": 414
    },
    "artifact": {
        "precision": 0.49505042495859664,
        "recall": 0.7094703262020335,
        "f1-score": 0.5272448497346995,
        "support": 635
    },
    "cause-effect": {
        "precision": 0.0,
        "recall": 0.0,
        "f1-score": 0.0,
        "support": 86
    },
    "compare": {
        "precision": 0.0,
        "recall": 0.0,
        "f1-score": 0.0,
        "support": 82
    },
    "general-affiliation": {
        "precision": 0.392128203525379,
        "recall": 0.4232344986904663,
        "f1-score": 0.3629055101192495,
        "support": 1239
    },
    "named": {
        "precision": 0.4643634464015319,
        "recall": 0.594224494204254,
        "f1-score": 0.5119004256954317,
        "support": 558
    },
    "opposite": {
        "precision": 0.23611111111111113,
        "recall": 0.06581311769991015,
        "f1-score": 0.07622377622377623,
        "support": 128
    },
    "origin": {
        "precision": 0.33293877312593356,
        "recall": 0.17492159538437074,
        "f1-score": 0.1982252635597943,
        "support": 304
    },
    "part-of": {
        "precision": 0.20937959483964785,
        "recall": 0.2384602298445756,
        "f1-score": 0.21335492620015806,
        "support": 721
    },
    "physical": {
        "precision": 0.6750975634511525,
        "recall": 0.8238259642469172,
        "f1-score": 0.7304805163306813,
        "support": 1455
    },
    "role": {
        "precision": 0.6146145962586356,
        "recall": 0.4870710069628725,
        "f1-score": 0.5319503580421265,
        "support": 2006
    },
    "social": {
        "precision": 0.24095238095238097,
        "recall": 0.10403426360873169,
        "f1-score": 0.1327827827827828,
        "support": 105
    },
    "temporal": {
        "precision": 0.5091143998120743,
        "recall": 0.6236255507568548,
        "f1-score": 0.47642664571564447,
        "support": 408
    },
    "topic": {
        "precision": 0.12222222222222223,
        "recall": 0.007792207792207792,
        "f1-score": 0.013725490196078433,
        "support": 170
    },
    "type-of": {
        "precision": 0.5279745989304814,
        "recall": 0.292357968828557,
        "f1-score": 0.3689963439084798,
        "support": 336
    },
    "usage": {
        "precision": 0.0,
        "recall": 0.0,
        "f1-score": 0.0,
        "support": 200
    },
    "win-defeat": {
        "precision": 0.46653957879448077,
        "recall": 0.4702256812495524,
        "f1-score": 0.4604926451049964,
        "support": 317
    },
    "micro avg": {
        "precision": 0.5102294676521394,
        "recall": 0.4860701723242511,
        "f1-score": 0.4975564026370421,
        "support": 9164
    },
    "macro avg": {
        "precision": 999999.0,
        "recall": 999999.0,
        "f1-score": 0.2844850830574889,
        "support": 9164
    },
    "weighted avg": {
        "precision": 0.49594978318061095,
        "recall": 0.4860701723242511,
        "f1-score": 0.4584124638060812,
        "support": 9164
    },
    "samples avg": {
        "precision": 0.5102294676521394,
        "recall": 0.4916038726917333,
        "f1-score": 0.49778645349646505,
        "support": 9164
    }
}