{"related-to": {"precision": 0.0, "recall": 0.0, "f1-score": 0.0, "support": 26}, "artifact": {"precision": 0.11564625850340136, "recall": 0.13127413127413126, "f1-score": 0.12296564195298373, "support": 259}, "cause-effect": {"precision": 0.0, "recall": 0.0, "f1-score": 0.0, "support": 4}, "compare": {"precision": 0.0, "recall": 0.0, "f1-score": 0.0, "support": 5}, "general-affiliation": {"precision": 0.29233226837060705, "recall": 0.25346260387811637, "f1-score": 0.27151335311572705, "support": 722}, "named": {"precision": 0.015873015873015872, "recall": 0.012048192771084338, "f1-score": 0.013698630136986302, "support": 83}, "opposite": {"precision": 0.0, "recall": 0.0, "f1-score": 0.0, "support": 6}, "origin": {"precision": 0.0, "recall": 0.0, "f1-score": 0.0, "support": 19}, "part-of": {"precision": 0.08450704225352113, "recall": 0.03409090909090909, "f1-score": 0.048582995951417, "support": 176}, "physical": {"precision": 0.17772511848341233, "recall": 0.17985611510791366, "f1-score": 0.17878426698450536, "support": 417}, "role": {"precision": 0.16776315789473684, "recall": 0.2691292875989446, "f1-score": 0.2066869300911854, "support": 379}, "social": {"precision": 0.0, "recall": 0.0, "f1-score": 0.0, "support": 22}, "temporal": {"precision": 0.0, "recall": 0.0, "f1-score": 0.0, "support": 24}, "topic": {"precision": 0.0, "recall": 0.0, "f1-score": 0.0, "support": 8}, "type-of": {"precision": 0.045454545454545456, "recall": 0.01680672268907563, "f1-score": 0.024539877300613498, "support": 119}, "usage": {"precision": 0.0, "recall": 0.0, "f1-score": 0.0, "support": 52}, "win-defeat": {"precision": 0.06666666666666667, "recall": 0.0967741935483871, "f1-score": 0.07894736842105263, "support": 93}, "micro avg": {"precision": 0.17667238421955403, "recall": 0.17067108533554268, "f1-score": 0.1736198904340497, "support": 2414}, "macro avg": {"precision": 0.05682165138234746, "recall": 0.05843777387991541, "f1-score": 0.055630533173792414, "support": 2414}, "weighted avg": {"precision": 0.1683967193988477, "recall": 0.17067108533554268, "f1-score": 0.16599754445038353, "support": 2414}, "samples avg": {"precision": 0.17667238421955403, "recall": 0.17138364779874213, "f1-score": 0.1730989136649514, "support": 2414}}