{
    "related-to": {
        "precision": 0.2857142857142857,
        "recall": 0.05555555555555555,
        "f1-score": 0.09302325581395349,
        "support": 72
    },
    "artifact": {
        "precision": 0.790633608815427,
        "recall": 0.9566666666666667,
        "f1-score": 0.865761689291101,
        "support": 300
    },
    "cause-effect": {
        "precision": 0.0,
        "recall": 0.0,
        "f1-score": 0.0,
        "support": 1
    },
    "compare": {
        "precision": 0.0,
        "recall": 0.0,
        "f1-score": 0.0,
        "support": 8
    },
    "general-affiliation": {
        "precision": 0.7780821917808219,
        "recall": 0.8658536585365854,
        "f1-score": 0.8196248196248196,
        "support": 328
    },
    "named": {
        "precision": 0.49074074074074076,
        "recall": 0.5638297872340425,
        "f1-score": 0.5247524752475248,
        "support": 94
    },
    "opposite": {
        "precision": 0.0,
        "recall": 0.0,
        "f1-score": 0.0,
        "support": 14
    },
    "origin": {
        "precision": 0.0,
        "recall": 0.0,
        "f1-score": 0.0,
        "support": 47
    },
    "part-of": {
        "precision": 0.34615384615384615,
        "recall": 0.09375,
        "f1-score": 0.14754098360655737,
        "support": 96
    },
    "physical": {
        "precision": 0.6946107784431138,
        "recall": 0.6666666666666666,
        "f1-score": 0.6803519061583578,
        "support": 174
    },
    "role": {
        "precision": 0.554858934169279,
        "recall": 0.6996047430830039,
        "f1-score": 0.6188811188811189,
        "support": 253
    },
    "social": {
        "precision": 0.45,
        "recall": 0.574468085106383,
        "f1-score": 0.5046728971962617,
        "support": 47
    },
    "temporal": {
        "precision": 0.5714285714285714,
        "recall": 0.6896551724137931,
        "f1-score": 0.625,
        "support": 29
    },
    "topic": {
        "precision": 0.16666666666666666,
        "recall": 0.07142857142857142,
        "f1-score": 0.1,
        "support": 42
    },
    "type-of": {
        "precision": 0.5833333333333334,
        "recall": 0.3888888888888889,
        "f1-score": 0.4666666666666666,
        "support": 18
    },
    "usage": {
        "precision": 0.0,
        "recall": 0.0,
        "f1-score": 0.0,
        "support": 2
    },
    "win-defeat": {
        "precision": 0.6796116504854369,
        "recall": 0.7216494845360825,
        "f1-score": 0.7,
        "support": 97
    },
    "micro avg": {
        "precision": 0.6647798742138364,
        "recall": 0.6516646115906288,
        "f1-score": 0.6581569115815691,
        "support": 1622
    },
    "macro avg": {
        "precision": 999999,
        "recall": 999999,
        "f1-score": 0.36154563602860945,
        "support": 1622
    },
    "weighted avg": {
        "precision": 0.600936013220105,
        "recall": 0.6516646115906288,
        "f1-score": 0.614091596830502,
        "support": 1622
    },
    "samples avg": {
        "precision": 0.6647798742138364,
        "recall": 0.6566037735849056,
        "f1-score": 0.659329140461216,
        "support": 1622
    }
}