{"related-to": {"precision": 0.10256410256410256, "recall": 0.05555555555555555, "f1-score": 0.07207207207207207, "support": 72}, "artifact": {"precision": 0.20655737704918034, "recall": 0.21, "f1-score": 0.20826446280991737, "support": 300}, "cause-effect": {"precision": 0.0, "recall": 0.0, "f1-score": 0.0, "support": 1}, "compare": {"precision": 0.0, "recall": 0.0, "f1-score": 0.0, "support": 8}, "general-affiliation": {"precision": 0.16470588235294117, "recall": 0.042682926829268296, "f1-score": 0.06779661016949153, "support": 328}, "named": {"precision": 0.06315789473684211, "recall": 0.06382978723404255, "f1-score": 0.06349206349206349, "support": 94}, "opposite": {"precision": 0.0, "recall": 0.0, "f1-score": 0.0, "support": 14}, "origin": {"precision": 0.04395604395604396, "recall": 0.0851063829787234, "f1-score": 0.057971014492753624, "support": 47}, "part-of": {"precision": 0.047619047619047616, "recall": 0.10416666666666667, "f1-score": 0.065359477124183, "support": 96}, "physical": {"precision": 0.11282051282051282, "recall": 0.12643678160919541, "f1-score": 0.11924119241192413, "support": 174}, "role": {"precision": 0.1693121693121693, "recall": 0.25296442687747034, "f1-score": 0.2028526148969889, "support": 253}, "social": {"precision": 0.0, "recall": 0.0, "f1-score": 0.0, "support": 47}, "temporal": {"precision": 0.0625, "recall": 0.06896551724137931, "f1-score": 0.06557377049180328, "support": 29}, "topic": {"precision": 0.0, "recall": 0.0, "f1-score": 0.0, "support": 42}, "type-of": {"precision": 0.0, "recall": 0.0, "f1-score": 0.0, "support": 18}, "usage": {"precision": 0.0, "recall": 0.0, "f1-score": 0.0, "support": 2}, "win-defeat": {"precision": 0.04878048780487805, "recall": 0.041237113402061855, "f1-score": 0.04469273743016759, "support": 97}, "micro avg": {"precision": 0.12138364779874214, "recall": 0.1189889025893958, "f1-score": 0.12017434620174347, "support": 1622}, "macro avg": {"precision": 0.06011608930680694, "recall": 0.06182030343496255, "f1-score": 0.05690094208184499, "support": 1622}, "weighted avg": {"precision": 0.12636283479505622, "recall": 0.1189889025893958, "f1-score": 0.11293448307317762, "support": 1622}, "samples avg": {"precision": 0.12138364779874214, "recall": 0.11719077568134173, "f1-score": 0.11855345911949686, "support": 1622}}