{
    "related-to": {
        "precision": 0.09722222222222222,
        "recall": 0.09722222222222222,
        "f1-score": 0.09722222222222222,
        "support": 72
    },
    "artifact": {
        "precision": 0.42638623326959846,
        "recall": 0.7433333333333333,
        "f1-score": 0.5419198055893073,
        "support": 300
    },
    "cause-effect": {
        "precision": 0.0,
        "recall": 0.0,
        "f1-score": 0.0,
        "support": 1
    },
    "compare": {
        "precision": 0.0,
        "recall": 0.0,
        "f1-score": 0.0,
        "support": 8
    },
    "general-affiliation": {
        "precision": 0.7662337662337663,
        "recall": 0.1798780487804878,
        "f1-score": 0.291358024691358,
        "support": 328
    },
    "named": {
        "precision": 0.5581395348837209,
        "recall": 0.5106382978723404,
        "f1-score": 0.5333333333333333,
        "support": 94
    },
    "opposite": {
        "precision": 0.0,
        "recall": 0.0,
        "f1-score": 0.0,
        "support": 14
    },
    "origin": {
        "precision": 0.1951219512195122,
        "recall": 0.1702127659574468,
        "f1-score": 0.18181818181818182,
        "support": 47
    },
    "part-of": {
        "precision": 0.275,
        "recall": 0.22916666666666666,
        "f1-score": 0.25,
        "support": 96
    },
    "physical": {
        "precision": 0.7487684729064039,
        "recall": 0.8735632183908046,
        "f1-score": 0.8063660477453581,
        "support": 174
    },
    "role": {
        "precision": 0.4625668449197861,
        "recall": 0.6837944664031621,
        "f1-score": 0.5518341307814991,
        "support": 253
    },
    "social": {
        "precision": 0.6666666666666666,
        "recall": 0.0425531914893617,
        "f1-score": 0.08,
        "support": 47
    },
    "temporal": {
        "precision": 0.5483870967741935,
        "recall": 0.5862068965517241,
        "f1-score": 0.5666666666666665,
        "support": 29
    },
    "topic": {
        "precision": 0.0,
        "recall": 0.0,
        "f1-score": 0.0,
        "support": 42
    },
    "type-of": {
        "precision": 0.7,
        "recall": 0.7777777777777778,
        "f1-score": 0.7368421052631577,
        "support": 18
    },
    "usage": {
        "precision": 0.0,
        "recall": 0.0,
        "f1-score": 0.0,
        "support": 2
    },
    "win-defeat": {
        "precision": 0.72,
        "recall": 0.5567010309278351,
        "f1-score": 0.627906976744186,
        "support": 97
    },
    "micro avg": {
        "precision": 0.489937106918239,
        "recall": 0.4802712700369914,
        "f1-score": 0.48505603985056045,
        "support": 1622
    },
    "macro avg": {
        "precision": 999999,
        "recall": 999999,
        "f1-score": 0.30972161734442766,
        "support": 1622
    },
    "weighted avg": {
        "precision": 0.5248261889532349,
        "recall": 0.4802712700369914,
        "f1-score": 0.44519442479778876,
        "support": 1622
    },
    "samples avg": {
        "precision": 0.489937106918239,
        "recall": 0.48364779874213837,
        "f1-score": 0.4857442348008385,
        "support": 1622
    }
}