{"related-to": {"precision": 0.0, "recall": 0.0, "f1-score": 0.0, "support": 6}, "artifact": {"precision": 0.0, "recall": 0.0, "f1-score": 0.0, "support": 0}, "cause-effect": {"precision": 0.0, "recall": 0.0, "f1-score": 0.0, "support": 0}, "compare": {"precision": 0.0, "recall": 0.0, "f1-score": 0.0, "support": 0}, "general-affiliation": {"precision": 0.0, "recall": 0.0, "f1-score": 0.0, "support": 10}, "named": {"precision": 0.0, "recall": 0.0, "f1-score": 0.0, "support": 4}, "opposite": {"precision": 0.0, "recall": 0.0, "f1-score": 0.0, "support": 39}, "origin": {"precision": 0.0, "recall": 0.0, "f1-score": 0.0, "support": 0}, "part-of": {"precision": 0.0, "recall": 0.0, "f1-score": 0.0, "support": 28}, "physical": {"precision": 0.35858585858585856, "recall": 0.5503875968992248, "f1-score": 0.43425076452599387, "support": 129}, "role": {"precision": 0.38235294117647056, "recall": 0.3611111111111111, "f1-score": 0.3714285714285714, "support": 144}, "social": {"precision": 0.0, "recall": 0.0, "f1-score": 0.0, "support": 0}, "temporal": {"precision": 0.0, "recall": 0.0, "f1-score": 0.0, "support": 1}, "topic": {"precision": 0.0, "recall": 0.0, "f1-score": 0.0, "support": 0}, "type-of": {"precision": 0.0, "recall": 0.0, "f1-score": 0.0, "support": 0}, "usage": {"precision": 0.0, "recall": 0.0, "f1-score": 0.0, "support": 0}, "win-defeat": {"precision": 0.0, "recall": 0.0, "f1-score": 0.0, "support": 35}, "micro avg": {"precision": 0.3106060606060606, "recall": 0.3106060606060606, "f1-score": 0.3106060606060606, "support": 396}, "macro avg": {"precision": 0.04358463528013701, "recall": 0.05361757105943152, "f1-score": 0.04739290211497443, "support": 396}, "weighted avg": {"precision": 0.2558494931489584, "recall": 0.3106060606060606, "f1-score": 0.2765254113877967, "support": 396}, "samples avg": {"precision": 0.3106060606060606, "recall": 0.3106060606060606, "f1-score": 0.3106060606060606, "support": 396}}