{
    "related-to": {
        "precision": 0.09090909090909091,
        "recall": 0.041666666666666664,
        "f1-score": 0.05714285714285715,
        "support": 72
    },
    "artifact": {
        "precision": 0.6220095693779905,
        "recall": 0.43333333333333335,
        "f1-score": 0.5108055009823183,
        "support": 300
    },
    "cause-effect": {
        "precision": 0.0,
        "recall": 0.0,
        "f1-score": 0.0,
        "support": 1
    },
    "compare": {
        "precision": 0.0,
        "recall": 0.0,
        "f1-score": 0.0,
        "support": 9
    },
    "general-affiliation": {
        "precision": 0.7596899224806202,
        "recall": 0.29878048780487804,
        "f1-score": 0.42888402625820565,
        "support": 328
    },
    "named": {
        "precision": 0.5897435897435898,
        "recall": 0.4791666666666667,
        "f1-score": 0.5287356321839081,
        "support": 96
    },
    "opposite": {
        "precision": 0.2857142857142857,
        "recall": 0.13333333333333333,
        "f1-score": 0.18181818181818182,
        "support": 15
    },
    "origin": {
        "precision": 0.03389830508474576,
        "recall": 0.0425531914893617,
        "f1-score": 0.03773584905660378,
        "support": 47
    },
    "part-of": {
        "precision": 0.10606060606060606,
        "recall": 0.29473684210526313,
        "f1-score": 0.15598885793871867,
        "support": 95
    },
    "physical": {
        "precision": 0.7202072538860104,
        "recall": 0.8034682080924855,
        "f1-score": 0.7595628415300547,
        "support": 173
    },
    "role": {
        "precision": 0.38585858585858585,
        "recall": 0.7579365079365079,
        "f1-score": 0.5113788487282462,
        "support": 252
    },
    "social": {
        "precision": 0.0,
        "recall": 0.0,
        "f1-score": 0.0,
        "support": 47
    },
    "temporal": {
        "precision": 0.7391304347826086,
        "recall": 0.5483870967741935,
        "f1-score": 0.6296296296296297,
        "support": 31
    },
    "topic": {
        "precision": 0.0,
        "recall": 0.0,
        "f1-score": 0.0,
        "support": 42
    },
    "type-of": {
        "precision": 0.7,
        "recall": 0.7777777777777778,
        "f1-score": 0.7368421052631577,
        "support": 18
    },
    "usage": {
        "precision": 0.0,
        "recall": 0.0,
        "f1-score": 0.0,
        "support": 2
    },
    "win-defeat": {
        "precision": 0.6341463414634146,
        "recall": 0.5360824742268041,
        "f1-score": 0.5810055865921787,
        "support": 97
    },
    "micro avg": {
        "precision": 0.4535175879396985,
        "recall": 0.4443076923076923,
        "f1-score": 0.4488654025489587,
        "support": 1625
    },
    "macro avg": {
        "precision": 999999,
        "recall": 999999,
        "f1-score": 0.3011488186543565,
        "support": 1625
    },
    "weighted avg": {
        "precision": 0.5130794793275016,
        "recall": 0.4443076923076923,
        "f1-score": 0.44155038536944824,
        "support": 1625
    },
    "samples avg": {
        "precision": 0.4535175879396985,
        "recall": 0.4452470686767169,
        "f1-score": 0.44796901172529313,
        "support": 1625
    }
}