{"related-to": {"precision": 0.0, "recall": 0.0, "f1-score": 0.0, "support": 76}, "artifact": {"precision": 0.0, "recall": 0.0, "f1-score": 0.0, "support": 2}, "cause-effect": {"precision": 0.0, "recall": 0.0, "f1-score": 0.0, "support": 0}, "compare": {"precision": 0.0, "recall": 0.0, "f1-score": 0.0, "support": 6}, "general-affiliation": {"precision": 0.0, "recall": 0.0, "f1-score": 0.0, "support": 31}, "named": {"precision": 0.046511627906976744, "recall": 0.046153846153846156, "f1-score": 0.04633204633204634, "support": 130}, "opposite": {"precision": 0.0, "recall": 0.0, "f1-score": 0.0, "support": 53}, "origin": {"precision": 0.0, "recall": 0.0, "f1-score": 0.0, "support": 55}, "part-of": {"precision": 0.06513409961685823, "recall": 0.1452991452991453, "f1-score": 0.08994708994708994, "support": 117}, "physical": {"precision": 0.22385321100917432, "recall": 0.2982885085574572, "f1-score": 0.2557651991614256, "support": 409}, "role": {"precision": 0.4538152610441767, "recall": 0.27065868263473053, "f1-score": 0.33908477119279823, "support": 835}, "social": {"precision": 0.0, "recall": 0.0, "f1-score": 0.0, "support": 21}, "temporal": {"precision": 0.200836820083682, "recall": 0.1563517915309446, "f1-score": 0.17582417582417584, "support": 307}, "topic": {"precision": 0.0, "recall": 0.0, "f1-score": 0.0, "support": 13}, "type-of": {"precision": 0.14285714285714285, "recall": 0.03571428571428571, "f1-score": 0.05714285714285715, "support": 28}, "usage": {"precision": 0.0, "recall": 0.0, "f1-score": 0.0, "support": 0}, "win-defeat": {"precision": 0.0, "recall": 0.0, "f1-score": 0.0, "support": 41}, "micro avg": {"precision": 0.2293828509011469, "recall": 0.1977401129943503, "f1-score": 0.21238938053097348, "support": 2124}, "macro avg": {"precision": 0.0666475389716477, "recall": 0.056027427052377024, "f1-score": 0.056711537623552535, "support": 2124}, "weighted avg": {"precision": 0.25885866823136044, "recall": 0.1977401129943503, "f1-score": 0.21651070994727264, "support": 2124}, "samples avg": {"precision": 0.2293828509011469, "recall": 0.19743309666848716, "f1-score": 0.2080830147460404, "support": 2124}}