{
    "related-to": {
        "precision": 0.0,
        "recall": 0.0,
        "f1-score": 0.0,
        "support": 76
    },
    "artifact": {
        "precision": 0.16666666666666666,
        "recall": 1.0,
        "f1-score": 0.2857142857142857,
        "support": 2
    },
    "cause-effect": {
        "precision": 0.0,
        "recall": 0.0,
        "f1-score": 0.0,
        "support": 0
    },
    "compare": {
        "precision": 0.0,
        "recall": 0.0,
        "f1-score": 0.0,
        "support": 6
    },
    "general-affiliation": {
        "precision": 0.36538461538461536,
        "recall": 0.6129032258064516,
        "f1-score": 0.45783132530120485,
        "support": 31
    },
    "named": {
        "precision": 0.7441860465116279,
        "recall": 0.7384615384615385,
        "f1-score": 0.7413127413127414,
        "support": 130
    },
    "opposite": {
        "precision": 0.22727272727272727,
        "recall": 0.09433962264150944,
        "f1-score": 0.13333333333333336,
        "support": 53
    },
    "origin": {
        "precision": 0.22448979591836735,
        "recall": 0.2,
        "f1-score": 0.21153846153846156,
        "support": 55
    },
    "part-of": {
        "precision": 0.21666666666666667,
        "recall": 0.2222222222222222,
        "f1-score": 0.21940928270042195,
        "support": 117
    },
    "physical": {
        "precision": 0.6194968553459119,
        "recall": 0.9633251833740831,
        "f1-score": 0.7540669856459331,
        "support": 409
    },
    "role": {
        "precision": 0.7295238095238096,
        "recall": 0.45868263473053894,
        "f1-score": 0.5632352941176472,
        "support": 835
    },
    "social": {
        "precision": 0.5714285714285714,
        "recall": 0.19047619047619047,
        "f1-score": 0.2857142857142857,
        "support": 21
    },
    "temporal": {
        "precision": 0.8333333333333334,
        "recall": 0.6677524429967426,
        "f1-score": 0.7414104882459314,
        "support": 307
    },
    "topic": {
        "precision": 0.0,
        "recall": 0.0,
        "f1-score": 0.0,
        "support": 13
    },
    "type-of": {
        "precision": 0.2692307692307692,
        "recall": 0.25,
        "f1-score": 0.2592592592592593,
        "support": 28
    },
    "usage": {
        "precision": 0.0,
        "recall": 0.0,
        "f1-score": 0.0,
        "support": 0
    },
    "win-defeat": {
        "precision": 0.5,
        "recall": 0.024390243902439025,
        "f1-score": 0.046511627906976744,
        "support": 41
    },
    "micro avg": {
        "precision": 0.6297105406881486,
        "recall": 0.5428436911487758,
        "f1-score": 0.5830594184576485,
        "support": 2124
    },
    "macro avg": {
        "precision": 999999,
        "recall": 999999,
        "f1-score": 0.31328915805269886,
        "support": 2124
    },
    "weighted avg": {
        "precision": 0.6198423848579975,
        "recall": 0.5428436911487758,
        "f1-score": 0.5541436665565075,
        "support": 2124
    },
    "samples avg": {
        "precision": 0.6297105406881486,
        "recall": 0.5587110868377936,
        "f1-score": 0.5823775714545787,
        "support": 2124
    }
}