{
    "related-to": {
        "precision": 0.0,
        "recall": 0.0,
        "f1-score": 0.0,
        "support": 76
    },
    "artifact": {
        "precision": 0.5,
        "recall": 1.0,
        "f1-score": 0.6666666666666666,
        "support": 2
    },
    "cause-effect": {
        "precision": 0.0,
        "recall": 0.0,
        "f1-score": 0.0,
        "support": 0
    },
    "compare": {
        "precision": 0.0,
        "recall": 0.0,
        "f1-score": 0.0,
        "support": 6
    },
    "general-affiliation": {
        "precision": 0.3225806451612903,
        "recall": 0.6451612903225806,
        "f1-score": 0.4301075268817204,
        "support": 31
    },
    "named": {
        "precision": 0.6865671641791045,
        "recall": 0.7076923076923077,
        "f1-score": 0.696969696969697,
        "support": 130
    },
    "opposite": {
        "precision": 0.5,
        "recall": 0.03773584905660377,
        "f1-score": 0.07017543859649122,
        "support": 53
    },
    "origin": {
        "precision": 0.16279069767441862,
        "recall": 0.12727272727272726,
        "f1-score": 0.14285714285714285,
        "support": 55
    },
    "part-of": {
        "precision": 0.38461538461538464,
        "recall": 0.08547008547008547,
        "f1-score": 0.13986013986013987,
        "support": 117
    },
    "physical": {
        "precision": 0.6434494195688225,
        "recall": 0.9486552567237164,
        "f1-score": 0.766798418972332,
        "support": 409
    },
    "role": {
        "precision": 0.6600846262341326,
        "recall": 0.5604790419161677,
        "f1-score": 0.6062176165803109,
        "support": 835
    },
    "social": {
        "precision": 1.0,
        "recall": 0.047619047619047616,
        "f1-score": 0.0909090909090909,
        "support": 21
    },
    "temporal": {
        "precision": 0.8458149779735683,
        "recall": 0.6254071661237784,
        "f1-score": 0.7191011235955056,
        "support": 307
    },
    "topic": {
        "precision": 0.0,
        "recall": 0.0,
        "f1-score": 0.0,
        "support": 13
    },
    "type-of": {
        "precision": 0.5454545454545454,
        "recall": 0.21428571428571427,
        "f1-score": 0.30769230769230765,
        "support": 28
    },
    "usage": {
        "precision": 0.0,
        "recall": 0.0,
        "f1-score": 0.0,
        "support": 0
    },
    "win-defeat": {
        "precision": 0.0,
        "recall": 0.0,
        "f1-score": 0.0,
        "support": 41
    },
    "micro avg": {
        "precision": 0.6488257782632442,
        "recall": 0.559322033898305,
        "f1-score": 0.6007585335018963,
        "support": 2124
    },
    "macro avg": {
        "precision": 999999,
        "recall": 999999,
        "f1-score": 0.309157011305427,
        "support": 2124
    },
    "weighted avg": {
        "precision": 0.6078091434722873,
        "recall": 0.559322033898305,
        "f1-score": 0.5575864352220621,
        "support": 2124
    },
    "samples avg": {
        "precision": 0.6488257782632442,
        "recall": 0.57400327689787,
        "f1-score": 0.598944110686328,
        "support": 2124
    }
}