{
    "related-to": {
        "precision": 0.8333333333333334,
        "recall": 0.19230769230769232,
        "f1-score": 0.3125,
        "support": 26
    },
    "artifact": {
        "precision": 0.7138728323699421,
        "recall": 0.9536679536679536,
        "f1-score": 0.8165289256198346,
        "support": 259
    },
    "cause-effect": {
        "precision": 0.0,
        "recall": 0.0,
        "f1-score": 0.0,
        "support": 4
    },
    "compare": {
        "precision": 0.0,
        "recall": 0.0,
        "f1-score": 0.0,
        "support": 5
    },
    "general-affiliation": {
        "precision": 0.8028169014084507,
        "recall": 0.9473684210526315,
        "f1-score": 0.869123252858958,
        "support": 722
    },
    "named": {
        "precision": 0.8,
        "recall": 0.0963855421686747,
        "f1-score": 0.17204301075268819,
        "support": 83
    },
    "opposite": {
        "precision": 0.0,
        "recall": 0.0,
        "f1-score": 0.0,
        "support": 6
    },
    "origin": {
        "precision": 0.6666666666666666,
        "recall": 0.21052631578947367,
        "f1-score": 0.32,
        "support": 19
    },
    "part-of": {
        "precision": 0.3443708609271523,
        "recall": 0.29545454545454547,
        "f1-score": 0.3180428134556575,
        "support": 176
    },
    "physical": {
        "precision": 0.8117647058823529,
        "recall": 0.8273381294964028,
        "f1-score": 0.819477434679335,
        "support": 417
    },
    "role": {
        "precision": 0.7773972602739726,
        "recall": 0.5989445910290238,
        "f1-score": 0.676602086438152,
        "support": 379
    },
    "social": {
        "precision": 0.0,
        "recall": 0.0,
        "f1-score": 0.0,
        "support": 22
    },
    "temporal": {
        "precision": 0.05660377358490566,
        "recall": 0.125,
        "f1-score": 0.07792207792207793,
        "support": 24
    },
    "topic": {
        "precision": 0.0,
        "recall": 0.0,
        "f1-score": 0.0,
        "support": 8
    },
    "type-of": {
        "precision": 0.9811320754716981,
        "recall": 0.4369747899159664,
        "f1-score": 0.6046511627906976,
        "support": 119
    },
    "usage": {
        "precision": 1.0,
        "recall": 0.46153846153846156,
        "f1-score": 0.631578947368421,
        "support": 52
    },
    "win-defeat": {
        "precision": 0.7280701754385965,
        "recall": 0.8924731182795699,
        "f1-score": 0.8019323671497586,
        "support": 93
    },
    "micro avg": {
        "precision": 0.7435677530017153,
        "recall": 0.7183098591549296,
        "f1-score": 0.7307206068268015,
        "support": 2414
    },
    "macro avg": {
        "precision": 999999,
        "recall": 999999,
        "f1-score": 0.3776707105315047,
        "support": 2414
    },
    "weighted avg": {
        "precision": 0.7443382970658511,
        "recall": 0.7183098591549296,
        "f1-score": 0.705405053865793,
        "support": 2414
    },
    "samples avg": {
        "precision": 0.7435677530017153,
        "recall": 0.7290594625500285,
        "f1-score": 0.7338479130931962,
        "support": 2414
    }
}