{"related-to": {"precision": 0.1, "recall": 0.041666666666666664, "f1-score": 0.058823529411764705, "support": 72}, "artifact": {"precision": 0.21006944444444445, "recall": 0.4033333333333333, "f1-score": 0.2762557077625571, "support": 300}, "cause-effect": {"precision": 0.0, "recall": 0.0, "f1-score": 0.0, "support": 1}, "compare": {"precision": 0.0, "recall": 0.0, "f1-score": 0.0, "support": 8}, "general-affiliation": {"precision": 0.25, "recall": 0.0975609756097561, "f1-score": 0.14035087719298248, "support": 328}, "named": {"precision": 0.0, "recall": 0.0, "f1-score": 0.0, "support": 94}, "opposite": {"precision": 0.0, "recall": 0.0, "f1-score": 0.0, "support": 14}, "origin": {"precision": 0.043478260869565216, "recall": 0.02127659574468085, "f1-score": 0.028571428571428567, "support": 47}, "part-of": {"precision": 0.10588235294117647, "recall": 0.09375, "f1-score": 0.09944751381215468, "support": 96}, "physical": {"precision": 0.07727272727272727, "recall": 0.09770114942528736, "f1-score": 0.08629441624365483, "support": 174}, "role": {"precision": 0.17215189873417722, "recall": 0.26877470355731226, "f1-score": 0.20987654320987653, "support": 253}, "social": {"precision": 0.0, "recall": 0.0, "f1-score": 0.0, "support": 47}, "temporal": {"precision": 0.037037037037037035, "recall": 0.034482758620689655, "f1-score": 0.03571428571428571, "support": 29}, "topic": {"precision": 0.0, "recall": 0.0, "f1-score": 0.0, "support": 42}, "type-of": {"precision": 0.0, "recall": 0.0, "f1-score": 0.0, "support": 18}, "usage": {"precision": 0.0, "recall": 0.0, "f1-score": 0.0, "support": 2}, "win-defeat": {"precision": 0.07407407407407407, "recall": 0.041237113402061855, "f1-score": 0.052980132450331126, "support": 97}, "micro avg": {"precision": 0.1610062893081761, "recall": 0.15782983970406905, "f1-score": 0.15940224159402244, "support": 1622}, "macro avg": {"precision": 0.06293916443371775, "recall": 0.06469313507998754, "f1-score": 0.05813614319817857, "support": 1622}, "weighted avg": {"precision": 0.14160799115968958, "recall": 0.15782983970406905, "f1-score": 0.13460277042319824, "support": 1622}, "samples avg": {"precision": 0.1610062893081761, "recall": 0.15880503144654087, "f1-score": 0.15953878406708594, "support": 1622}}