{
    "related-to": {
        "precision": 0.1935483870967742,
        "recall": 0.08333333333333333,
        "f1-score": 0.11650485436893204,
        "support": 72
    },
    "artifact": {
        "precision": 0.4372623574144487,
        "recall": 0.7666666666666667,
        "f1-score": 0.5569007263922519,
        "support": 300
    },
    "cause-effect": {
        "precision": 0.0,
        "recall": 0.0,
        "f1-score": 0.0,
        "support": 1
    },
    "compare": {
        "precision": 0.0,
        "recall": 0.0,
        "f1-score": 0.0,
        "support": 8
    },
    "general-affiliation": {
        "precision": 0.6964285714285714,
        "recall": 0.23780487804878048,
        "f1-score": 0.35454545454545455,
        "support": 328
    },
    "named": {
        "precision": 0.7368421052631579,
        "recall": 0.44680851063829785,
        "f1-score": 0.5562913907284768,
        "support": 94
    },
    "opposite": {
        "precision": 0.5,
        "recall": 0.14285714285714285,
        "f1-score": 0.22222222222222224,
        "support": 14
    },
    "origin": {
        "precision": 0.22727272727272727,
        "recall": 0.10638297872340426,
        "f1-score": 0.14492753623188404,
        "support": 47
    },
    "part-of": {
        "precision": 0.13675213675213677,
        "recall": 0.16666666666666666,
        "f1-score": 0.15023474178403756,
        "support": 96
    },
    "physical": {
        "precision": 0.6553191489361702,
        "recall": 0.8850574712643678,
        "f1-score": 0.7530562347188264,
        "support": 174
    },
    "role": {
        "precision": 0.39466666666666667,
        "recall": 0.5849802371541502,
        "f1-score": 0.47133757961783435,
        "support": 253
    },
    "social": {
        "precision": 0.0,
        "recall": 0.0,
        "f1-score": 0.0,
        "support": 47
    },
    "temporal": {
        "precision": 0.6363636363636364,
        "recall": 0.4827586206896552,
        "f1-score": 0.5490196078431373,
        "support": 29
    },
    "topic": {
        "precision": 0.0,
        "recall": 0.0,
        "f1-score": 0.0,
        "support": 42
    },
    "type-of": {
        "precision": 1.0,
        "recall": 0.5555555555555556,
        "f1-score": 0.7142857142857143,
        "support": 18
    },
    "usage": {
        "precision": 0.0,
        "recall": 0.0,
        "f1-score": 0.0,
        "support": 2
    },
    "win-defeat": {
        "precision": 0.6455696202531646,
        "recall": 0.5257731958762887,
        "f1-score": 0.5795454545454546,
        "support": 97
    },
    "micro avg": {
        "precision": 0.47547169811320755,
        "recall": 0.46609124537607893,
        "f1-score": 0.47073474470734744,
        "support": 1622
    },
    "macro avg": {
        "precision": 999999,
        "recall": 999999,
        "f1-score": 0.3040512657226015,
        "support": 1622
    },
    "weighted avg": {
        "precision": 0.48493646173199545,
        "recall": 0.46609124537607893,
        "f1-score": 0.43382300914722116,
        "support": 1622
    },
    "samples avg": {
        "precision": 0.47547169811320755,
        "recall": 0.4684486373165618,
        "f1-score": 0.4707547169811321,
        "support": 1622
    }
}