{"related-to": {"precision": 0.02127659574468085, "recall": 0.038461538461538464, "f1-score": 0.0273972602739726, "support": 26}, "artifact": {"precision": 0.11009174311926606, "recall": 0.18532818532818532, "f1-score": 0.13812949640287772, "support": 259}, "cause-effect": {"precision": 0.0, "recall": 0.0, "f1-score": 0.0, "support": 4}, "compare": {"precision": 0.0, "recall": 0.0, "f1-score": 0.0, "support": 5}, "general-affiliation": {"precision": 0.2967581047381546, "recall": 0.16481994459833796, "f1-score": 0.21193232413178983, "support": 722}, "named": {"precision": 0.058823529411764705, "recall": 0.1927710843373494, "f1-score": 0.09014084507042253, "support": 83}, "opposite": {"precision": 0.0, "recall": 0.0, "f1-score": 0.0, "support": 6}, "origin": {"precision": 0.1111111111111111, "recall": 0.05263157894736842, "f1-score": 0.07142857142857142, "support": 19}, "part-of": {"precision": 0.08673469387755102, "recall": 0.09659090909090909, "f1-score": 0.0913978494623656, "support": 176}, "physical": {"precision": 0.20758928571428573, "recall": 0.22302158273381295, "f1-score": 0.21502890173410405, "support": 417}, "role": {"precision": 0.13793103448275862, "recall": 0.11609498680738786, "f1-score": 0.1260744985673352, "support": 379}, "social": {"precision": 0.0, "recall": 0.0, "f1-score": 0.0, "support": 22}, "temporal": {"precision": 0.0, "recall": 0.0, "f1-score": 0.0, "support": 24}, "topic": {"precision": 0.0, "recall": 0.0, "f1-score": 0.0, "support": 8}, "type-of": {"precision": 0.0, "recall": 0.0, "f1-score": 0.0, "support": 119}, "usage": {"precision": 0.0, "recall": 0.0, "f1-score": 0.0, "support": 52}, "win-defeat": {"precision": 0.028037383177570093, "recall": 0.03225806451612903, "f1-score": 0.029999999999999995, "support": 93}, "micro avg": {"precision": 0.14665523156089194, "recall": 0.14167357083678542, "f1-score": 0.14412136536030343, "support": 2414}, "macro avg": {"precision": 0.062256087139831925, "recall": 0.06482222793064815, "f1-score": 0.05891351453361406, "support": 2414}, "weighted avg": {"precision": 0.16861356487169532, "recall": 0.14167357083678542, "f1-score": 0.14692093945407064, "support": 2414}, "samples avg": {"precision": 0.14665523156089194, "recall": 0.14301029159519726, "f1-score": 0.14422527158376214, "support": 2414}}