{
    "related-to": {
        "precision": 0.09523809523809523,
        "recall": 0.07692307692307693,
        "f1-score": 0.0851063829787234,
        "support": 26
    },
    "artifact": {
        "precision": 0.6040268456375839,
        "recall": 0.694980694980695,
        "f1-score": 0.6463195691202872,
        "support": 259
    },
    "cause-effect": {
        "precision": 0.0,
        "recall": 0.0,
        "f1-score": 0.0,
        "support": 4
    },
    "compare": {
        "precision": 0.0,
        "recall": 0.0,
        "f1-score": 0.0,
        "support": 5
    },
    "general-affiliation": {
        "precision": 0.7984293193717278,
        "recall": 0.4224376731301939,
        "f1-score": 0.552536231884058,
        "support": 722
    },
    "named": {
        "precision": 0.5797101449275363,
        "recall": 0.4819277108433735,
        "f1-score": 0.5263157894736842,
        "support": 83
    },
    "opposite": {
        "precision": 0.0,
        "recall": 0.0,
        "f1-score": 0.0,
        "support": 6
    },
    "origin": {
        "precision": 0.023809523809523808,
        "recall": 0.05263157894736842,
        "f1-score": 0.03278688524590164,
        "support": 19
    },
    "part-of": {
        "precision": 0.11142061281337047,
        "recall": 0.22727272727272727,
        "f1-score": 0.14953271028037382,
        "support": 176
    },
    "physical": {
        "precision": 0.9157894736842105,
        "recall": 0.8345323741007195,
        "f1-score": 0.8732747804265998,
        "support": 417
    },
    "role": {
        "precision": 0.4895833333333333,
        "recall": 0.7440633245382586,
        "f1-score": 0.5905759162303665,
        "support": 379
    },
    "social": {
        "precision": 0.5,
        "recall": 0.045454545454545456,
        "f1-score": 0.08333333333333334,
        "support": 22
    },
    "temporal": {
        "precision": 0.3953488372093023,
        "recall": 0.7083333333333334,
        "f1-score": 0.5074626865671642,
        "support": 24
    },
    "topic": {
        "precision": 0.0,
        "recall": 0.0,
        "f1-score": 0.0,
        "support": 8
    },
    "type-of": {
        "precision": 0.9848484848484849,
        "recall": 0.5462184873949579,
        "f1-score": 0.7027027027027027,
        "support": 119
    },
    "usage": {
        "precision": 0.0,
        "recall": 0.0,
        "f1-score": 0.0,
        "support": 52
    },
    "win-defeat": {
        "precision": 0.7391304347826086,
        "recall": 0.7311827956989247,
        "f1-score": 0.7351351351351352,
        "support": 93
    },
    "micro avg": {
        "precision": 0.5784734133790738,
        "recall": 0.5588235294117647,
        "f1-score": 0.5684787189211968,
        "support": 2414
    },
    "macro avg": {
        "precision": 999999,
        "recall": 999999,
        "f1-score": 0.32265188961049,
        "support": 2414
    },
    "weighted avg": {
        "precision": 0.6534483135889215,
        "recall": 0.5588235294117647,
        "f1-score": 0.5771131295876389,
        "support": 2414
    },
    "samples avg": {
        "precision": 0.5784734133790738,
        "recall": 0.5651086335048598,
        "f1-score": 0.5695397369925671,
        "support": 2414
    }
}