{"related-to": {"precision": 0.061971830985915494, "recall": 0.10628019323671498, "f1-score": 0.07829181494661921, "support": 414}, "artifact": {"precision": 0.06391478029294274, "recall": 0.07559055118110236, "f1-score": 0.06926406926406928, "support": 635}, "cause-effect": {"precision": 0.0, "recall": 0.0, "f1-score": 0.0, "support": 86}, "compare": {"precision": 0.0, "recall": 0.0, "f1-score": 0.0, "support": 82}, "general-affiliation": {"precision": 0.13405017921146953, "recall": 0.1509281678773204, "f1-score": 0.14198936977980256, "support": 1239}, "named": {"precision": 0.05872193436960276, "recall": 0.06093189964157706, "f1-score": 0.059806508355321024, "support": 558}, "opposite": {"precision": 0.061224489795918366, "recall": 0.0234375, "f1-score": 0.03389830508474576, "support": 128}, "origin": {"precision": 0.032, "recall": 0.02631578947368421, "f1-score": 0.028880866425992777, "support": 304}, "part-of": {"precision": 0.07572115384615384, "recall": 0.08737864077669903, "f1-score": 0.08113329040566646, "support": 721}, "physical": {"precision": 0.16393442622950818, "recall": 0.15807560137457044, "f1-score": 0.16095171448565432, "support": 1455}, "role": {"precision": 0.22965641952983726, "recall": 0.18993020937188435, "f1-score": 0.20791268758526602, "support": 2006}, "social": {"precision": 0.04, "recall": 0.01904761904761905, "f1-score": 0.02580645161290323, "support": 105}, "temporal": {"precision": 0.043478260869565216, "recall": 0.049019607843137254, "f1-score": 0.04608294930875577, "support": 408}, "topic": {"precision": 0.023255813953488372, "recall": 0.0058823529411764705, "f1-score": 0.009389671361502348, "support": 170}, "type-of": {"precision": 0.06547619047619048, "recall": 0.03273809523809524, "f1-score": 0.04365079365079365, "support": 336}, "usage": {"precision": 0.024390243902439025, "recall": 0.005, "f1-score": 0.008298755186721992, "support": 200}, "win-defeat": {"precision": 0.039568345323741004, "recall": 0.03470031545741325, "f1-score": 0.03697478991596639, "support": 317}, "micro avg": {"precision": 0.12044300876788186, "recall": 0.11392405063291139, "f1-score": 0.11709286675639301, "support": 9164}, "macro avg": {"precision": 0.06572729816392778, "recall": 0.060309208438881996, "f1-score": 0.060725413962928285, "support": 9164}, "weighted avg": {"precision": 0.12022982565999218, "recall": 0.11392405063291139, "f1-score": 0.1156395691691062, "support": 9164}, "samples avg": {"precision": 0.12044300876788186, "recall": 0.11255960621442855, "f1-score": 0.11517458852484232, "support": 9164}}