{"related-to": {"precision": 0.0, "recall": 0.0, "f1-score": 0.0, "support": 6}, "artifact": {"precision": 0.0, "recall": 0.0, "f1-score": 0.0, "support": 0}, "cause-effect": {"precision": 0.0, "recall": 0.0, "f1-score": 0.0, "support": 0}, "compare": {"precision": 0.0, "recall": 0.0, "f1-score": 0.0, "support": 0}, "general-affiliation": {"precision": 0.0, "recall": 0.0, "f1-score": 0.0, "support": 10}, "named": {"precision": 0.0, "recall": 0.0, "f1-score": 0.0, "support": 4}, "opposite": {"precision": 0.0, "recall": 0.0, "f1-score": 0.0, "support": 39}, "origin": {"precision": 0.0, "recall": 0.0, "f1-score": 0.0, "support": 0}, "part-of": {"precision": 0.2, "recall": 0.03571428571428571, "f1-score": 0.06060606060606061, "support": 28}, "physical": {"precision": 0.3333333333333333, "recall": 0.6511627906976745, "f1-score": 0.4409448818897638, "support": 129}, "role": {"precision": 0.3645833333333333, "recall": 0.24305555555555555, "f1-score": 0.2916666666666667, "support": 144}, "social": {"precision": 0.0, "recall": 0.0, "f1-score": 0.0, "support": 0}, "temporal": {"precision": 0.0, "recall": 0.0, "f1-score": 0.0, "support": 1}, "topic": {"precision": 0.0, "recall": 0.0, "f1-score": 0.0, "support": 0}, "type-of": {"precision": 0.0, "recall": 0.0, "f1-score": 0.0, "support": 0}, "usage": {"precision": 0.0, "recall": 0.0, "f1-score": 0.0, "support": 0}, "win-defeat": {"precision": 0.14285714285714285, "recall": 0.02857142857142857, "f1-score": 0.04761904761904761, "support": 35}, "micro avg": {"precision": 0.3055555555555556, "recall": 0.3055555555555556, "f1-score": 0.3055555555555556, "support": 396}, "macro avg": {"precision": 0.061221988795518205, "recall": 0.05638259179640849, "f1-score": 0.04946097981067875, "support": 396}, "weighted avg": {"precision": 0.2679292929292929, "recall": 0.3055555555555556, "f1-score": 0.25819577304903, "support": 396}, "samples avg": {"precision": 0.3055555555555556, "recall": 0.3055555555555556, "f1-score": 0.3055555555555556, "support": 396}}