{
    "related-to": {
        "precision": 0.23529411764705882,
        "recall": 0.05555555555555555,
        "f1-score": 0.0898876404494382,
        "support": 72
    },
    "artifact": {
        "precision": 0.7258485639686684,
        "recall": 0.9266666666666666,
        "f1-score": 0.8140556368960468,
        "support": 300
    },
    "cause-effect": {
        "precision": 0.0,
        "recall": 0.0,
        "f1-score": 0.0,
        "support": 1
    },
    "compare": {
        "precision": 0.0,
        "recall": 0.0,
        "f1-score": 0.0,
        "support": 8
    },
    "general-affiliation": {
        "precision": 0.7480314960629921,
        "recall": 0.8689024390243902,
        "f1-score": 0.8039492242595204,
        "support": 328
    },
    "named": {
        "precision": 0.4017094017094017,
        "recall": 0.5,
        "f1-score": 0.44549763033175355,
        "support": 94
    },
    "opposite": {
        "precision": 0.0,
        "recall": 0.0,
        "f1-score": 0.0,
        "support": 14
    },
    "origin": {
        "precision": 0.3333333333333333,
        "recall": 0.02127659574468085,
        "f1-score": 0.04,
        "support": 47
    },
    "part-of": {
        "precision": 0.3076923076923077,
        "recall": 0.041666666666666664,
        "f1-score": 0.07339449541284403,
        "support": 96
    },
    "physical": {
        "precision": 0.6972972972972973,
        "recall": 0.7413793103448276,
        "f1-score": 0.7186629526462395,
        "support": 174
    },
    "role": {
        "precision": 0.636734693877551,
        "recall": 0.616600790513834,
        "f1-score": 0.6265060240963854,
        "support": 253
    },
    "social": {
        "precision": 0.37254901960784315,
        "recall": 0.40425531914893614,
        "f1-score": 0.38775510204081626,
        "support": 47
    },
    "temporal": {
        "precision": 0.35294117647058826,
        "recall": 0.6206896551724138,
        "f1-score": 0.45000000000000007,
        "support": 29
    },
    "topic": {
        "precision": 0.35714285714285715,
        "recall": 0.11904761904761904,
        "f1-score": 0.17857142857142858,
        "support": 42
    },
    "type-of": {
        "precision": 0.7,
        "recall": 0.3888888888888889,
        "f1-score": 0.5,
        "support": 18
    },
    "usage": {
        "precision": 0.0,
        "recall": 0.0,
        "f1-score": 0.0,
        "support": 2
    },
    "win-defeat": {
        "precision": 0.6271186440677966,
        "recall": 0.7628865979381443,
        "f1-score": 0.6883720930232557,
        "support": 97
    },
    "micro avg": {
        "precision": 0.6459119496855346,
        "recall": 0.6331689272503083,
        "f1-score": 0.6394769613947696,
        "support": 1622
    },
    "macro avg": {
        "precision": 999999,
        "recall": 999999,
        "f1-score": 0.34215601339574875,
        "support": 1622
    },
    "weighted avg": {
        "precision": 0.5928576461961802,
        "recall": 0.6331689272503083,
        "f1-score": 0.5938881357738098,
        "support": 1622
    },
    "samples avg": {
        "precision": 0.6459119496855346,
        "recall": 0.6379454926624738,
        "f1-score": 0.6405660377358491,
        "support": 1622
    }
}