{"related-to": {"precision": 0.10404624277456648, "recall": 0.16666666666666666, "f1-score": 0.1281138790035587, "support": 108}, "artifact": {"precision": 0.0, "recall": 0.0, "f1-score": 0.0, "support": 41}, "cause-effect": {"precision": 0.0, "recall": 0.0, "f1-score": 0.0, "support": 5}, "compare": {"precision": 0.0, "recall": 0.0, "f1-score": 0.0, "support": 24}, "general-affiliation": {"precision": 0.06896551724137931, "recall": 0.05333333333333334, "f1-score": 0.06015037593984963, "support": 75}, "named": {"precision": 0.08148148148148149, "recall": 0.15827338129496402, "f1-score": 0.10757946210268948, "support": 139}, "opposite": {"precision": 0.0, "recall": 0.0, "f1-score": 0.0, "support": 11}, "origin": {"precision": 0.0851063829787234, "recall": 0.0449438202247191, "f1-score": 0.0588235294117647, "support": 89}, "part-of": {"precision": 0.16517857142857142, "recall": 0.17289719626168223, "f1-score": 0.1689497716894977, "support": 214}, "physical": {"precision": 0.078125, "recall": 0.09803921568627451, "f1-score": 0.08695652173913043, "support": 102}, "role": {"precision": 0.09248554913294797, "recall": 0.14678899082568808, "f1-score": 0.11347517730496452, "support": 109}, "social": {"precision": 0.0, "recall": 0.0, "f1-score": 0.0, "support": 1}, "temporal": {"precision": 0.0, "recall": 0.0, "f1-score": 0.0, "support": 21}, "topic": {"precision": 0.0, "recall": 0.0, "f1-score": 0.0, "support": 41}, "type-of": {"precision": 0.0, "recall": 0.0, "f1-score": 0.0, "support": 54}, "usage": {"precision": 0.0, "recall": 0.0, "f1-score": 0.0, "support": 122}, "win-defeat": {"precision": 0.0, "recall": 0.0, "f1-score": 0.0, "support": 7}, "micro avg": {"precision": 0.09849157054125998, "recall": 0.09544282029234738, "f1-score": 0.09694323144104804, "support": 1163}, "macro avg": {"precision": 0.03972874970809824, "recall": 0.04946721201725459, "f1-score": 0.04259110101126207, "support": 1163}, "weighted avg": {"precision": 0.07627488492260924, "recall": 0.09544282029234738, "f1-score": 0.08248497606447026, "support": 1163}, "samples avg": {"precision": 0.09849157054125998, "recall": 0.09671694764862467, "f1-score": 0.09730848861283643, "support": 1163}}