{"related-to": {"precision": 0.0, "recall": 0.0, "f1-score": 0.0, "support": 6}, "artifact": {"precision": 0.0, "recall": 0.0, "f1-score": 0.0, "support": 0}, "cause-effect": {"precision": 0.0, "recall": 0.0, "f1-score": 0.0, "support": 0}, "compare": {"precision": 0.0, "recall": 0.0, "f1-score": 0.0, "support": 0}, "general-affiliation": {"precision": 0.0, "recall": 0.0, "f1-score": 0.0, "support": 10}, "named": {"precision": 0.0, "recall": 0.0, "f1-score": 0.0, "support": 4}, "opposite": {"precision": 0.0, "recall": 0.0, "f1-score": 0.0, "support": 39}, "origin": {"precision": 0.0, "recall": 0.0, "f1-score": 0.0, "support": 0}, "part-of": {"precision": 0.0, "recall": 0.0, "f1-score": 0.0, "support": 28}, "physical": {"precision": 0.3684210526315789, "recall": 0.43410852713178294, "f1-score": 0.398576512455516, "support": 129}, "role": {"precision": 0.4057142857142857, "recall": 0.4930555555555556, "f1-score": 0.445141065830721, "support": 144}, "social": {"precision": 0.0, "recall": 0.0, "f1-score": 0.0, "support": 0}, "temporal": {"precision": 0.0, "recall": 0.0, "f1-score": 0.0, "support": 1}, "topic": {"precision": 0.0, "recall": 0.0, "f1-score": 0.0, "support": 0}, "type-of": {"precision": 0.0, "recall": 0.0, "f1-score": 0.0, "support": 0}, "usage": {"precision": 0.0, "recall": 0.0, "f1-score": 0.0, "support": 0}, "win-defeat": {"precision": 0.3333333333333333, "recall": 0.02857142857142857, "f1-score": 0.05263157894736842, "support": 35}, "micro avg": {"precision": 0.32323232323232326, "recall": 0.32323232323232326, "f1-score": 0.32323232323232326, "support": 396}, "macro avg": {"precision": 0.0651452159811293, "recall": 0.056219735956398065, "f1-score": 0.05272642101374149, "support": 396}, "weighted avg": {"precision": 0.2970096959570644, "recall": 0.32323232323232326, "f1-score": 0.29636057790288706, "support": 396}, "samples avg": {"precision": 0.32323232323232326, "recall": 0.32323232323232326, "f1-score": 0.32323232323232326, "support": 396}}