{
    "related-to": {
        "precision": 0.0,
        "recall": 0.0,
        "f1-score": 0.0,
        "support": 6
    },
    "artifact": {
        "precision": 0.0,
        "recall": 0.0,
        "f1-score": 0.0,
        "support": 0
    },
    "cause-effect": {
        "precision": 0.0,
        "recall": 0.0,
        "f1-score": 0.0,
        "support": 0
    },
    "compare": {
        "precision": 0.0,
        "recall": 0.0,
        "f1-score": 0.0,
        "support": 0
    },
    "general-affiliation": {
        "precision": 0.13793103448275862,
        "recall": 0.4,
        "f1-score": 0.20512820512820515,
        "support": 10
    },
    "named": {
        "precision": 0.5,
        "recall": 0.75,
        "f1-score": 0.6,
        "support": 4
    },
    "opposite": {
        "precision": 0.0,
        "recall": 0.0,
        "f1-score": 0.0,
        "support": 39
    },
    "origin": {
        "precision": 0.0,
        "recall": 0.0,
        "f1-score": 0.0,
        "support": 0
    },
    "part-of": {
        "precision": 0.4,
        "recall": 0.14285714285714285,
        "f1-score": 0.21052631578947364,
        "support": 28
    },
    "physical": {
        "precision": 0.5125,
        "recall": 0.9534883720930233,
        "f1-score": 0.6666666666666665,
        "support": 129
    },
    "role": {
        "precision": 0.5842696629213483,
        "recall": 0.3611111111111111,
        "f1-score": 0.44635193133047213,
        "support": 144
    },
    "social": {
        "precision": 0.0,
        "recall": 0.0,
        "f1-score": 0.0,
        "support": 0
    },
    "temporal": {
        "precision": 0.125,
        "recall": 1.0,
        "f1-score": 0.2222222222222222,
        "support": 1
    },
    "topic": {
        "precision": 0.0,
        "recall": 0.0,
        "f1-score": 0.0,
        "support": 0
    },
    "type-of": {
        "precision": 0.0,
        "recall": 0.0,
        "f1-score": 0.0,
        "support": 0
    },
    "usage": {
        "precision": 0.0,
        "recall": 0.0,
        "f1-score": 0.0,
        "support": 0
    },
    "win-defeat": {
        "precision": 0.0,
        "recall": 0.0,
        "f1-score": 0.0,
        "support": 35
    },
    "micro avg": {
        "precision": 0.4722222222222222,
        "recall": 0.4722222222222222,
        "f1-score": 0.4722222222222222,
        "support": 396
    },
    "macro avg": {
        "precision": 999999,
        "recall": 999999,
        "f1-score": 0.2612105934596711,
        "support": 396
    },
    "weighted avg": {
        "precision": 0.4165445500138933,
        "recall": 0.4722222222222222,
        "f1-score": 0.4061689879474685,
        "support": 396
    },
    "samples avg": {
        "precision": 0.4722222222222222,
        "recall": 0.4722222222222222,
        "f1-score": 0.4722222222222222,
        "support": 396
    }
}