{
    "related-to": {
        "precision": 0.5,
        "recall": 0.3333333333333333,
        "f1-score": 0.4,
        "support": 6
    },
    "artifact": {
        "precision": 0.0,
        "recall": 0.0,
        "f1-score": 0.0,
        "support": 0
    },
    "cause-effect": {
        "precision": 0.0,
        "recall": 0.0,
        "f1-score": 0.0,
        "support": 0
    },
    "compare": {
        "precision": 0.0,
        "recall": 0.0,
        "f1-score": 0.0,
        "support": 0
    },
    "general-affiliation": {
        "precision": 0.75,
        "recall": 0.3,
        "f1-score": 0.4285714285714285,
        "support": 10
    },
    "named": {
        "precision": 0.2727272727272727,
        "recall": 0.75,
        "f1-score": 0.39999999999999997,
        "support": 4
    },
    "opposite": {
        "precision": 0.0,
        "recall": 0.0,
        "f1-score": 0.0,
        "support": 39
    },
    "origin": {
        "precision": 0.0,
        "recall": 0.0,
        "f1-score": 0.0,
        "support": 0
    },
    "part-of": {
        "precision": 0.08333333333333333,
        "recall": 0.03571428571428571,
        "f1-score": 0.05,
        "support": 28
    },
    "physical": {
        "precision": 0.4632352941176471,
        "recall": 0.9767441860465116,
        "f1-score": 0.6284289276807979,
        "support": 129
    },
    "role": {
        "precision": 0.38636363636363635,
        "recall": 0.11805555555555555,
        "f1-score": 0.18085106382978722,
        "support": 144
    },
    "social": {
        "precision": 0.0,
        "recall": 0.0,
        "f1-score": 0.0,
        "support": 0
    },
    "temporal": {
        "precision": 0.027777777777777776,
        "recall": 1.0,
        "f1-score": 0.05405405405405406,
        "support": 1
    },
    "topic": {
        "precision": 0.0,
        "recall": 0.0,
        "f1-score": 0.0,
        "support": 0
    },
    "type-of": {
        "precision": 0.0,
        "recall": 0.0,
        "f1-score": 0.0,
        "support": 0
    },
    "usage": {
        "precision": 0.0,
        "recall": 0.0,
        "f1-score": 0.0,
        "support": 0
    },
    "win-defeat": {
        "precision": 0.6,
        "recall": 0.08571428571428572,
        "f1-score": 0.15,
        "support": 35
    },
    "micro avg": {
        "precision": 0.3939393939393939,
        "recall": 0.3939393939393939,
        "f1-score": 0.3939393939393939,
        "support": 396
    },
    "macro avg": {
        "precision": 999999,
        "recall": 999999,
        "f1-score": 0.2546561637928964,
        "support": 396
    },
    "weighted avg": {
        "precision": 0.3796609514635361,
        "recall": 0.3939393939393939,
        "f1-score": 0.3083324575810117,
        "support": 396
    },
    "samples avg": {
        "precision": 0.3939393939393939,
        "recall": 0.3939393939393939,
        "f1-score": 0.3939393939393939,
        "support": 396
    }
}