{"related-to": {"precision": 0.10043668122270742, "recall": 0.18253968253968253, "f1-score": 0.12957746478873242, "support": 126}, "artifact": {"precision": 0.038461538461538464, "recall": 0.030303030303030304, "f1-score": 0.03389830508474576, "support": 33}, "cause-effect": {"precision": 0.0, "recall": 0.0, "f1-score": 0.0, "support": 76}, "compare": {"precision": 0.0, "recall": 0.0, "f1-score": 0.0, "support": 39}, "general-affiliation": {"precision": 0.045871559633027525, "recall": 0.0684931506849315, "f1-score": 0.054945054945054944, "support": 73}, "named": {"precision": 0.06829268292682927, "recall": 0.12962962962962962, "f1-score": 0.08945686900958466, "support": 108}, "opposite": {"precision": 0.0, "recall": 0.0, "f1-score": 0.0, "support": 5}, "origin": {"precision": 0.10144927536231885, "recall": 0.07446808510638298, "f1-score": 0.08588957055214723, "support": 94}, "part-of": {"precision": 0.06779661016949153, "recall": 0.2222222222222222, "f1-score": 0.1038961038961039, "support": 90}, "physical": {"precision": 0.13846153846153847, "recall": 0.12053571428571429, "f1-score": 0.12887828162291168, "support": 224}, "role": {"precision": 0.2111111111111111, "recall": 0.13286713286713286, "f1-score": 0.1630901287553648, "support": 286}, "social": {"precision": 0.0, "recall": 0.0, "f1-score": 0.0, "support": 14}, "temporal": {"precision": 0.034482758620689655, "recall": 0.038461538461538464, "f1-score": 0.03636363636363637, "support": 26}, "topic": {"precision": 0.0, "recall": 0.0, "f1-score": 0.0, "support": 66}, "type-of": {"precision": 0.0, "recall": 0.0, "f1-score": 0.0, "support": 117}, "usage": {"precision": 0.0, "recall": 0.0, "f1-score": 0.0, "support": 24}, "win-defeat": {"precision": 0.07317073170731707, "recall": 0.06818181818181818, "f1-score": 0.07058823529411763, "support": 44}, "micro avg": {"precision": 0.09985632183908046, "recall": 0.09619377162629758, "f1-score": 0.09799083538949593, "support": 1445}, "macro avg": {"precision": 0.05173732280450408, "recall": 0.06280600025188723, "f1-score": 0.052740214724258785, "support": 1445}, "weighted avg": {"precision": 0.09397622098569895, "recall": 0.09619377162629758, "f1-score": 0.08865456974651523, "support": 1445}, "samples avg": {"precision": 0.09985632183908046, "recall": 0.09375, "f1-score": 0.09578544061302681, "support": 1445}}