{
    "related-to": {
        "precision": 0.3342541436464088,
        "recall": 0.2922705314009662,
        "f1-score": 0.3118556701030928,
        "support": 414
    },
    "artifact": {
        "precision": 0.8437956204379562,
        "recall": 0.9102362204724409,
        "f1-score": 0.8757575757575757,
        "support": 635
    },
    "cause-effect": {
        "precision": 0.0,
        "recall": 0.0,
        "f1-score": 0.0,
        "support": 86
    },
    "compare": {
        "precision": 0.7894736842105263,
        "recall": 0.18292682926829268,
        "f1-score": 0.297029702970297,
        "support": 82
    },
    "general-affiliation": {
        "precision": 0.7407407407407407,
        "recall": 0.8716707021791767,
        "f1-score": 0.8008898776418242,
        "support": 1239
    },
    "named": {
        "precision": 0.54875,
        "recall": 0.7867383512544803,
        "f1-score": 0.6465390279823269,
        "support": 558
    },
    "opposite": {
        "precision": 0.1951219512195122,
        "recall": 0.0625,
        "f1-score": 0.09467455621301775,
        "support": 128
    },
    "origin": {
        "precision": 0.5035971223021583,
        "recall": 0.4605263157894737,
        "f1-score": 0.4810996563573883,
        "support": 304
    },
    "part-of": {
        "precision": 0.3591989987484355,
        "recall": 0.39805825242718446,
        "f1-score": 0.3776315789473685,
        "support": 721
    },
    "physical": {
        "precision": 0.7659942363112392,
        "recall": 0.9134020618556701,
        "f1-score": 0.8332288401253918,
        "support": 1455
    },
    "role": {
        "precision": 0.7386785449146251,
        "recall": 0.49601196410767695,
        "f1-score": 0.5934983596779003,
        "support": 2006
    },
    "social": {
        "precision": 0.4520547945205479,
        "recall": 0.6285714285714286,
        "f1-score": 0.5258964143426293,
        "support": 105
    },
    "temporal": {
        "precision": 0.7428571428571429,
        "recall": 0.8284313725490197,
        "f1-score": 0.7833140208574739,
        "support": 408
    },
    "topic": {
        "precision": 0.8490566037735849,
        "recall": 0.2647058823529412,
        "f1-score": 0.4035874439461884,
        "support": 170
    },
    "type-of": {
        "precision": 0.7116564417177914,
        "recall": 0.34523809523809523,
        "f1-score": 0.4649298597194389,
        "support": 336
    },
    "usage": {
        "precision": 0.8,
        "recall": 0.14,
        "f1-score": 0.23829787234042554,
        "support": 200
    },
    "win-defeat": {
        "precision": 0.7773972602739726,
        "recall": 0.7160883280757098,
        "f1-score": 0.7454844006568144,
        "support": 317
    },
    "micro avg": {
        "precision": 0.6705122288878634,
        "recall": 0.6342208642514185,
        "f1-score": 0.651861821444594,
        "support": 9164
    },
    "macro avg": {
        "precision": 999999,
        "recall": 999999,
        "f1-score": 0.49845381515524434,
        "support": 9164
    },
    "weighted avg": {
        "precision": 0.6696544662343772,
        "recall": 0.6342208642514185,
        "f1-score": 0.6307080347619649,
        "support": 9164
    },
    "samples avg": {
        "precision": 0.6705122288878634,
        "recall": 0.6444777726503614,
        "f1-score": 0.6531302876480541,
        "support": 9164
    }
}