{
    "related-to": {
        "precision": 0.24915824915824916,
        "recall": 0.6851851851851852,
        "f1-score": 0.3654320987654321,
        "support": 108
    },
    "artifact": {
        "precision": 0.5416666666666666,
        "recall": 0.3170731707317073,
        "f1-score": 0.39999999999999997,
        "support": 41
    },
    "cause-effect": {
        "precision": 0.0,
        "recall": 0.0,
        "f1-score": 0.0,
        "support": 5
    },
    "compare": {
        "precision": 0.0,
        "recall": 0.0,
        "f1-score": 0.0,
        "support": 24
    },
    "general-affiliation": {
        "precision": 0.09090909090909091,
        "recall": 0.24,
        "f1-score": 0.13186813186813184,
        "support": 75
    },
    "named": {
        "precision": 0.5898876404494382,
        "recall": 0.7553956834532374,
        "f1-score": 0.6624605678233438,
        "support": 139
    },
    "opposite": {
        "precision": 0.4,
        "recall": 0.18181818181818182,
        "f1-score": 0.25000000000000006,
        "support": 11
    },
    "origin": {
        "precision": 0.4358974358974359,
        "recall": 0.19101123595505617,
        "f1-score": 0.265625,
        "support": 89
    },
    "part-of": {
        "precision": 0.2413793103448276,
        "recall": 0.19626168224299065,
        "f1-score": 0.21649484536082475,
        "support": 214
    },
    "physical": {
        "precision": 0.8673469387755102,
        "recall": 0.8333333333333334,
        "f1-score": 0.8499999999999999,
        "support": 102
    },
    "role": {
        "precision": 0.6627906976744186,
        "recall": 0.5229357798165137,
        "f1-score": 0.5846153846153845,
        "support": 109
    },
    "social": {
        "precision": 0.0,
        "recall": 0.0,
        "f1-score": 0.0,
        "support": 1
    },
    "temporal": {
        "precision": 0.6,
        "recall": 0.42857142857142855,
        "f1-score": 0.5,
        "support": 21
    },
    "topic": {
        "precision": 0.0,
        "recall": 0.0,
        "f1-score": 0.0,
        "support": 41
    },
    "type-of": {
        "precision": 0.0,
        "recall": 0.0,
        "f1-score": 0.0,
        "support": 54
    },
    "usage": {
        "precision": 0.0,
        "recall": 0.0,
        "f1-score": 0.0,
        "support": 122
    },
    "win-defeat": {
        "precision": 0.6,
        "recall": 0.42857142857142855,
        "f1-score": 0.5,
        "support": 7
    },
    "micro avg": {
        "precision": 0.37710736468500444,
        "recall": 0.3654342218400688,
        "f1-score": 0.37117903930131,
        "support": 1163
    },
    "macro avg": {
        "precision": 999999,
        "recall": 999999,
        "f1-score": 0.2780291781431245,
        "support": 1163
    },
    "weighted avg": {
        "precision": 0.35278899922042695,
        "recall": 0.3654342218400688,
        "f1-score": 0.33962372683965153,
        "support": 1163
    },
    "samples avg": {
        "precision": 0.37710736468500444,
        "recall": 0.36586808636498075,
        "f1-score": 0.3695652173913043,
        "support": 1163
    }
}