{
    "related-to": {
        "precision": 0.0,
        "recall": 0.0,
        "f1-score": 0.0,
        "support": 72
    },
    "artifact": {
        "precision": 0.7734806629834254,
        "recall": 0.9333333333333333,
        "f1-score": 0.8459214501510575,
        "support": 300
    },
    "cause-effect": {
        "precision": 0.0,
        "recall": 0.0,
        "f1-score": 0.0,
        "support": 1
    },
    "compare": {
        "precision": 0.0,
        "recall": 0.0,
        "f1-score": 0.0,
        "support": 8
    },
    "general-affiliation": {
        "precision": 0.8111111111111111,
        "recall": 0.8902439024390244,
        "f1-score": 0.8488372093023255,
        "support": 328
    },
    "named": {
        "precision": 0.5045871559633027,
        "recall": 0.5851063829787234,
        "f1-score": 0.541871921182266,
        "support": 94
    },
    "opposite": {
        "precision": 0.0,
        "recall": 0.0,
        "f1-score": 0.0,
        "support": 14
    },
    "origin": {
        "precision": 0.0,
        "recall": 0.0,
        "f1-score": 0.0,
        "support": 47
    },
    "part-of": {
        "precision": 0.35294117647058826,
        "recall": 0.0625,
        "f1-score": 0.10619469026548672,
        "support": 96
    },
    "physical": {
        "precision": 0.6582914572864321,
        "recall": 0.7528735632183908,
        "f1-score": 0.7024128686327078,
        "support": 174
    },
    "role": {
        "precision": 0.5774647887323944,
        "recall": 0.6482213438735178,
        "f1-score": 0.6108007448789573,
        "support": 253
    },
    "social": {
        "precision": 0.4375,
        "recall": 0.5957446808510638,
        "f1-score": 0.5045045045045045,
        "support": 47
    },
    "temporal": {
        "precision": 0.41379310344827586,
        "recall": 0.41379310344827586,
        "f1-score": 0.41379310344827586,
        "support": 29
    },
    "topic": {
        "precision": 0.16666666666666666,
        "recall": 0.047619047619047616,
        "f1-score": 0.07407407407407407,
        "support": 42
    },
    "type-of": {
        "precision": 1.0,
        "recall": 0.5,
        "f1-score": 0.6666666666666666,
        "support": 18
    },
    "usage": {
        "precision": 0.0,
        "recall": 0.0,
        "f1-score": 0.0,
        "support": 2
    },
    "win-defeat": {
        "precision": 0.6470588235294118,
        "recall": 0.9072164948453608,
        "f1-score": 0.7553648068669528,
        "support": 97
    },
    "micro avg": {
        "precision": 0.6710691823899371,
        "recall": 0.657829839704069,
        "f1-score": 0.6643835616438357,
        "support": 1622
    },
    "macro avg": {
        "precision": 999999,
        "recall": 999999,
        "f1-score": 0.3570848258807809,
        "support": 1622
    },
    "weighted avg": {
        "precision": 0.5920904438598562,
        "recall": 0.657829839704069,
        "f1-score": 0.6129293016266858,
        "support": 1622
    },
    "samples avg": {
        "precision": 0.6710691823899371,
        "recall": 0.6635220125786163,
        "f1-score": 0.6660377358490566,
        "support": 1622
    }
}