{"related-to": {"precision": 0.16071428571428573, "recall": 0.08333333333333333, "f1-score": 0.10975609756097561, "support": 108}, "artifact": {"precision": 0.0784313725490196, "recall": 0.0975609756097561, "f1-score": 0.08695652173913043, "support": 41}, "cause-effect": {"precision": 0.0, "recall": 0.0, "f1-score": 0.0, "support": 5}, "compare": {"precision": 0.0, "recall": 0.0, "f1-score": 0.0, "support": 24}, "general-affiliation": {"precision": 0.06936416184971098, "recall": 0.16, "f1-score": 0.0967741935483871, "support": 75}, "named": {"precision": 0.13513513513513514, "recall": 0.1079136690647482, "f1-score": 0.12, "support": 139}, "opposite": {"precision": 0.0, "recall": 0.0, "f1-score": 0.0, "support": 11}, "origin": {"precision": 0.08571428571428572, "recall": 0.033707865168539325, "f1-score": 0.04838709677419355, "support": 89}, "part-of": {"precision": 0.1689497716894977, "recall": 0.34579439252336447, "f1-score": 0.22699386503067484, "support": 214}, "physical": {"precision": 0.09482758620689655, "recall": 0.10784313725490197, "f1-score": 0.10091743119266054, "support": 102}, "role": {"precision": 0.10084033613445378, "recall": 0.11009174311926606, "f1-score": 0.10526315789473684, "support": 109}, "social": {"precision": 0.0, "recall": 0.0, "f1-score": 0.0, "support": 1}, "temporal": {"precision": 0.08333333333333333, "recall": 0.047619047619047616, "f1-score": 0.060606060606060615, "support": 21}, "topic": {"precision": 0.0, "recall": 0.0, "f1-score": 0.0, "support": 41}, "type-of": {"precision": 0.0, "recall": 0.0, "f1-score": 0.0, "support": 54}, "usage": {"precision": 0.0, "recall": 0.0, "f1-score": 0.0, "support": 122}, "win-defeat": {"precision": 0.0, "recall": 0.0, "f1-score": 0.0, "support": 7}, "micro avg": {"precision": 0.1251109139307897, "recall": 0.12123817712811694, "f1-score": 0.12314410480349344, "support": 1163}, "macro avg": {"precision": 0.0574888393133305, "recall": 0.06434495080546805, "f1-score": 0.0562149661380482, "support": 1163}, "weighted avg": {"precision": 0.09523366986762478, "recall": 0.12123817712811694, "f1-score": 0.09912301688597708, "support": 1163}, "samples avg": {"precision": 0.1251109139307897, "recall": 0.12289263531499556, "f1-score": 0.12363206152026027, "support": 1163}}