{
    "related-to": {
        "precision": 0.31496062992125984,
        "recall": 0.37037037037037035,
        "f1-score": 0.3404255319148936,
        "support": 108
    },
    "artifact": {
        "precision": 0.24166666666666667,
        "recall": 0.7073170731707317,
        "f1-score": 0.36024844720496896,
        "support": 41
    },
    "cause-effect": {
        "precision": 0.0,
        "recall": 0.0,
        "f1-score": 0.0,
        "support": 5
    },
    "compare": {
        "precision": 0.0,
        "recall": 0.0,
        "f1-score": 0.0,
        "support": 24
    },
    "general-affiliation": {
        "precision": 0.18018018018018017,
        "recall": 0.26666666666666666,
        "f1-score": 0.21505376344086022,
        "support": 75
    },
    "named": {
        "precision": 0.5756097560975609,
        "recall": 0.8489208633093526,
        "f1-score": 0.6860465116279069,
        "support": 139
    },
    "opposite": {
        "precision": 0.0,
        "recall": 0.0,
        "f1-score": 0.0,
        "support": 11
    },
    "origin": {
        "precision": 0.3492063492063492,
        "recall": 0.24719101123595505,
        "f1-score": 0.28947368421052627,
        "support": 89
    },
    "part-of": {
        "precision": 0.38345864661654133,
        "recall": 0.4766355140186916,
        "f1-score": 0.42499999999999993,
        "support": 214
    },
    "physical": {
        "precision": 0.7758620689655172,
        "recall": 0.8823529411764706,
        "f1-score": 0.8256880733944953,
        "support": 102
    },
    "role": {
        "precision": 0.6633663366336634,
        "recall": 0.6146788990825688,
        "f1-score": 0.6380952380952382,
        "support": 109
    },
    "social": {
        "precision": 0.0,
        "recall": 0.0,
        "f1-score": 0.0,
        "support": 1
    },
    "temporal": {
        "precision": 0.125,
        "recall": 0.047619047619047616,
        "f1-score": 0.06896551724137931,
        "support": 21
    },
    "topic": {
        "precision": 0.0,
        "recall": 0.0,
        "f1-score": 0.0,
        "support": 41
    },
    "type-of": {
        "precision": 0.0,
        "recall": 0.0,
        "f1-score": 0.0,
        "support": 54
    },
    "usage": {
        "precision": 0.0,
        "recall": 0.0,
        "f1-score": 0.0,
        "support": 122
    },
    "win-defeat": {
        "precision": 0.7142857142857143,
        "recall": 0.7142857142857143,
        "f1-score": 0.7142857142857143,
        "support": 7
    },
    "micro avg": {
        "precision": 0.4383318544809228,
        "recall": 0.4247635425623388,
        "f1-score": 0.43144104803493455,
        "support": 1163
    },
    "macro avg": {
        "precision": 999999,
        "recall": 999999,
        "f1-score": 0.2684283812597637,
        "support": 1163
    },
    "weighted avg": {
        "precision": 0.35224138276763617,
        "recall": 0.4247635425623388,
        "f1-score": 0.3782971963473612,
        "support": 1163
    },
    "samples avg": {
        "precision": 0.4383318544809228,
        "recall": 0.4266489204377403,
        "f1-score": 0.4304939367051168,
        "support": 1163
    }
}