{
    "related-to": {
        "precision": 0.23391812865497075,
        "recall": 0.37037037037037035,
        "f1-score": 0.2867383512544803,
        "support": 108
    },
    "artifact": {
        "precision": 0.38636363636363635,
        "recall": 0.8292682926829268,
        "f1-score": 0.5271317829457364,
        "support": 41
    },
    "cause-effect": {
        "precision": 0.0,
        "recall": 0.0,
        "f1-score": 0.0,
        "support": 5
    },
    "compare": {
        "precision": 0.0,
        "recall": 0.0,
        "f1-score": 0.0,
        "support": 24
    },
    "general-affiliation": {
        "precision": 0.12745098039215685,
        "recall": 0.3466666666666667,
        "f1-score": 0.1863799283154122,
        "support": 75
    },
    "named": {
        "precision": 0.6077348066298343,
        "recall": 0.7913669064748201,
        "f1-score": 0.6875,
        "support": 139
    },
    "opposite": {
        "precision": 0.5,
        "recall": 0.09090909090909091,
        "f1-score": 0.15384615384615385,
        "support": 11
    },
    "origin": {
        "precision": 0.42857142857142855,
        "recall": 0.10112359550561797,
        "f1-score": 0.16363636363636364,
        "support": 89
    },
    "part-of": {
        "precision": 0.3686440677966102,
        "recall": 0.40654205607476634,
        "f1-score": 0.3866666666666667,
        "support": 214
    },
    "physical": {
        "precision": 0.8543689320388349,
        "recall": 0.8627450980392157,
        "f1-score": 0.8585365853658536,
        "support": 102
    },
    "role": {
        "precision": 0.7040816326530612,
        "recall": 0.6330275229357798,
        "f1-score": 0.6666666666666666,
        "support": 109
    },
    "social": {
        "precision": 0.0,
        "recall": 0.0,
        "f1-score": 0.0,
        "support": 1
    },
    "temporal": {
        "precision": 0.25,
        "recall": 0.09523809523809523,
        "f1-score": 0.13793103448275862,
        "support": 21
    },
    "topic": {
        "precision": 0.0,
        "recall": 0.0,
        "f1-score": 0.0,
        "support": 41
    },
    "type-of": {
        "precision": 0.0,
        "recall": 0.0,
        "f1-score": 0.0,
        "support": 54
    },
    "usage": {
        "precision": 0.0,
        "recall": 0.0,
        "f1-score": 0.0,
        "support": 122
    },
    "win-defeat": {
        "precision": 0.3333333333333333,
        "recall": 0.5714285714285714,
        "f1-score": 0.4210526315789474,
        "support": 7
    },
    "micro avg": {
        "precision": 0.417036379769299,
        "recall": 0.4041272570937231,
        "f1-score": 0.4104803493449782,
        "support": 1163
    },
    "macro avg": {
        "precision": 999999,
        "recall": 999999,
        "f1-score": 0.2632991861622965,
        "support": 1163
    },
    "weighted avg": {
        "precision": 0.3689979180123943,
        "recall": 0.4041272570937231,
        "f1-score": 0.3673302398122958,
        "support": 1163
    },
    "samples avg": {
        "precision": 0.417036379769299,
        "recall": 0.406684412895593,
        "f1-score": 0.4100857734398107,
        "support": 1163
    }
}