{"related-to": {"precision": 0.03529411764705882, "recall": 0.04054054054054054, "f1-score": 0.03773584905660378, "support": 74}, "artifact": {"precision": 0.20198675496688742, "recall": 0.2040133779264214, "f1-score": 0.20299500831946757, "support": 299}, "cause-effect": {"precision": 0.0, "recall": 0.0, "f1-score": 0.0, "support": 1}, "compare": {"precision": 0.0, "recall": 0.0, "f1-score": 0.0, "support": 8}, "general-affiliation": {"precision": 0.2033898305084746, "recall": 0.03636363636363636, "f1-score": 0.061696658097686374, "support": 330}, "named": {"precision": 0.057692307692307696, "recall": 0.031914893617021274, "f1-score": 0.0410958904109589, "support": 94}, "opposite": {"precision": 0.0, "recall": 0.0, "f1-score": 0.0, "support": 14}, "origin": {"precision": 0.024691358024691357, "recall": 0.0425531914893617, "f1-score": 0.031249999999999993, "support": 47}, "part-of": {"precision": 0.046511627906976744, "recall": 0.10638297872340426, "f1-score": 0.06472491909385113, "support": 94}, "physical": {"precision": 0.1065989847715736, "recall": 0.12209302325581395, "f1-score": 0.11382113821138212, "support": 172}, "role": {"precision": 0.1377245508982036, "recall": 0.276, "f1-score": 0.1837549933422104, "support": 250}, "social": {"precision": 0.0, "recall": 0.0, "f1-score": 0.0, "support": 47}, "temporal": {"precision": 0.13636363636363635, "recall": 0.10344827586206896, "f1-score": 0.11764705882352941, "support": 29}, "topic": {"precision": 0.0, "recall": 0.0, "f1-score": 0.0, "support": 42}, "type-of": {"precision": 0.0, "recall": 0.0, "f1-score": 0.0, "support": 18}, "usage": {"precision": 0.0, "recall": 0.0, "f1-score": 0.0, "support": 2}, "win-defeat": {"precision": 0.03773584905660377, "recall": 0.020618556701030927, "f1-score": 0.026666666666666665, "support": 97}, "micro avg": {"precision": 0.11727616645649433, "recall": 0.11495673671199011, "f1-score": 0.11610486891385767, "support": 1618}, "macro avg": {"precision": 0.058117001049200825, "recall": 0.05787814555760585, "f1-score": 0.05184636364837389, "support": 1618}, "weighted avg": {"precision": 0.1245124834366929, "recall": 0.11495673671199011, "f1-score": 0.1030767484943495, "support": 1618}, "samples avg": {"precision": 0.11727616645649433, "recall": 0.11349306431273644, "f1-score": 0.11475409836065574, "support": 1618}}