{
    "related-to": {
        "precision": 0.2727272727272727,
        "recall": 0.08108108108108109,
        "f1-score": 0.125,
        "support": 74
    },
    "artifact": {
        "precision": 0.641566265060241,
        "recall": 0.7123745819397993,
        "f1-score": 0.6751188589540412,
        "support": 299
    },
    "cause-effect": {
        "precision": 0.0,
        "recall": 0.0,
        "f1-score": 0.0,
        "support": 1
    },
    "compare": {
        "precision": 0.0,
        "recall": 0.0,
        "f1-score": 0.0,
        "support": 8
    },
    "general-affiliation": {
        "precision": 0.8034188034188035,
        "recall": 0.28484848484848485,
        "f1-score": 0.4205816554809843,
        "support": 330
    },
    "named": {
        "precision": 0.6333333333333333,
        "recall": 0.6063829787234043,
        "f1-score": 0.6195652173913044,
        "support": 94
    },
    "opposite": {
        "precision": 0.0,
        "recall": 0.0,
        "f1-score": 0.0,
        "support": 14
    },
    "origin": {
        "precision": 0.15217391304347827,
        "recall": 0.2978723404255319,
        "f1-score": 0.2014388489208633,
        "support": 47
    },
    "part-of": {
        "precision": 0.1505016722408027,
        "recall": 0.4787234042553192,
        "f1-score": 0.22900763358778628,
        "support": 94
    },
    "physical": {
        "precision": 0.7575757575757576,
        "recall": 0.7267441860465116,
        "f1-score": 0.7418397626112759,
        "support": 172
    },
    "role": {
        "precision": 0.49175824175824173,
        "recall": 0.716,
        "f1-score": 0.5830618892508143,
        "support": 250
    },
    "social": {
        "precision": 1.0,
        "recall": 0.02127659574468085,
        "f1-score": 0.04166666666666667,
        "support": 47
    },
    "temporal": {
        "precision": 0.4827586206896552,
        "recall": 0.4827586206896552,
        "f1-score": 0.4827586206896552,
        "support": 29
    },
    "topic": {
        "precision": 0.0,
        "recall": 0.0,
        "f1-score": 0.0,
        "support": 42
    },
    "type-of": {
        "precision": 0.8823529411764706,
        "recall": 0.8333333333333334,
        "f1-score": 0.8571428571428571,
        "support": 18
    },
    "usage": {
        "precision": 0.0,
        "recall": 0.0,
        "f1-score": 0.0,
        "support": 2
    },
    "win-defeat": {
        "precision": 0.7241379310344828,
        "recall": 0.4329896907216495,
        "f1-score": 0.5419354838709677,
        "support": 97
    },
    "micro avg": {
        "precision": 0.5075662042875158,
        "recall": 0.49752781211372066,
        "f1-score": 0.5024968789013733,
        "support": 1618
    },
    "macro avg": {
        "precision": 999999,
        "recall": 999999,
        "f1-score": 0.3246539702686598,
        "support": 1618
    },
    "weighted avg": {
        "precision": 0.5922974808369343,
        "recall": 0.49752781211372066,
        "f1-score": 0.4922450662586711,
        "support": 1618
    },
    "samples avg": {
        "precision": 0.5075662042875158,
        "recall": 0.5021017234131988,
        "f1-score": 0.5038881883144178,
        "support": 1618
    }
}