{"related-to": {"precision": 0.06666666666666667, "recall": 0.013157894736842105, "f1-score": 0.021978021978021976, "support": 76}, "artifact": {"precision": 0.0, "recall": 0.0, "f1-score": 0.0, "support": 2}, "cause-effect": {"precision": 0.0, "recall": 0.0, "f1-score": 0.0, "support": 0}, "compare": {"precision": 0.0, "recall": 0.0, "f1-score": 0.0, "support": 6}, "general-affiliation": {"precision": 0.0, "recall": 0.0, "f1-score": 0.0, "support": 31}, "named": {"precision": 0.061855670103092786, "recall": 0.09230769230769231, "f1-score": 0.07407407407407408, "support": 130}, "opposite": {"precision": 0.0, "recall": 0.0, "f1-score": 0.0, "support": 53}, "origin": {"precision": 0.0, "recall": 0.0, "f1-score": 0.0, "support": 55}, "part-of": {"precision": 0.07692307692307693, "recall": 0.02564102564102564, "f1-score": 0.038461538461538464, "support": 117}, "physical": {"precision": 0.22385321100917432, "recall": 0.2982885085574572, "f1-score": 0.2557651991614256, "support": 409}, "role": {"precision": 0.4798439531859558, "recall": 0.4419161676646707, "f1-score": 0.4600997506234414, "support": 835}, "social": {"precision": 0.0, "recall": 0.0, "f1-score": 0.0, "support": 21}, "temporal": {"precision": 0.1631578947368421, "recall": 0.10097719869706841, "f1-score": 0.12474849094567404, "support": 307}, "topic": {"precision": 0.0, "recall": 0.0, "f1-score": 0.0, "support": 13}, "type-of": {"precision": 0.0, "recall": 0.0, "f1-score": 0.0, "support": 28}, "usage": {"precision": 0.0, "recall": 0.0, "f1-score": 0.0, "support": 0}, "win-defeat": {"precision": 0.0, "recall": 0.0, "f1-score": 0.0, "support": 41}, "micro avg": {"precision": 0.2938285090114691, "recall": 0.2532956685499058, "f1-score": 0.2720606826801517, "support": 2124}, "macro avg": {"precision": 0.06307649838969463, "recall": 0.05719344044733861, "f1-score": 0.05736041619083386, "support": 2124}, "weighted avg": {"precision": 0.26573589532829783, "recall": 0.2532956685499058, "f1-score": 0.25559745962706115, "support": 2124}, "samples avg": {"precision": 0.2938285090114691, "recall": 0.2506826870562534, "f1-score": 0.265064627707992, "support": 2124}}