{
    "seeds": [
        4012,
        5096,
        8857,
        8878,
        9908
    ],
    "average": {
        "related-to": {
            "precision": 0.29735643006784074,
            "recall": 0.3642512077294686,
            "f1-score": 0.3230014979691947,
            "support": 2070
        },
        "artifact": {
            "precision": 0.8186652625090046,
            "recall": 0.9168503937007874,
            "f1-score": 0.8636219933079008,
            "support": 3175
        },
        "cause-effect": {
            "precision": 0.0,
            "recall": 0.0,
            "f1-score": 0.0,
            "support": 430
        },
        "compare": {
            "precision": 0.6654545454545454,
            "recall": 0.03414634146341464,
            "f1-score": 0.06254479223105677,
            "support": 410
        },
        "general-affiliation": {
            "precision": 0.7301255987795647,
            "recall": 0.8753833736884584,
            "f1-score": 0.7954721257084908,
            "support": 6195
        },
        "named": {
            "precision": 0.7751641077784805,
            "recall": 0.6605734767025091,
            "f1-score": 0.7118349517332068,
            "support": 2790
        },
        "opposite": {
            "precision": 0.3097531078379232,
            "recall": 0.159375,
            "f1-score": 0.19739713057967753,
            "support": 640
        },
        "origin": {
            "precision": 0.5571859616543828,
            "recall": 0.3203947368421053,
            "f1-score": 0.4012717495980235,
            "support": 1520
        },
        "part-of": {
            "precision": 0.3204872999101634,
            "recall": 0.4196948682385576,
            "f1-score": 0.35869115477320646,
            "support": 3605
        },
        "physical": {
            "precision": 0.7777751664503298,
            "recall": 0.8516838487972509,
            "f1-score": 0.8121933817959045,
            "support": 7275
        },
        "role": {
            "precision": 0.6650521206229693,
            "recall": 0.5532402791625125,
            "f1-score": 0.6023475364561415,
            "support": 10030
        },
        "social": {
            "precision": 0.621355675699017,
            "recall": 0.31047619047619046,
            "f1-score": 0.3945034196513036,
            "support": 525
        },
        "temporal": {
            "precision": 0.6917902631304064,
            "recall": 0.8441176470588235,
            "f1-score": 0.7595393969900347,
            "support": 2040
        },
        "topic": {
            "precision": 0.8552515360983103,
            "recall": 0.12352941176470589,
            "f1-score": 0.20051882029793763,
            "support": 850
        },
        "type-of": {
            "precision": 0.824703347289794,
            "recall": 0.2708333333333333,
            "f1-score": 0.4054236314982075,
            "support": 1680
        },
        "usage": {
            "precision": 0.6965217391304348,
            "recall": 0.068,
            "f1-score": 0.12124548918982855,
            "support": 1000
        },
        "win-defeat": {
            "precision": 0.7690567463284317,
            "recall": 0.6473186119873817,
            "f1-score": 0.7018388678499635,
            "support": 1585
        },
        "micro avg": {
            "precision": 0.6536917397323488,
            "recall": 0.6183107813182016,
            "f1-score": 0.6355091969493045,
            "support": 45820
        },
        "macro avg": {
            "precision": 999999.0,
            "recall": 999999.0,
            "f1-score": 0.4536144670370635,
            "support": 45820
        },
        "weighted avg": {
            "precision": 0.6649536616736202,
            "recall": 0.6183107813182016,
            "f1-score": 0.6148322690021795,
            "support": 45820
        },
        "samples avg": {
            "precision": 0.6536917397323488,
            "recall": 0.6277880326103676,
            "f1-score": 0.6363982464236271,
            "support": 45820
        }
    }
}