{
    "seeds": [
        4012,
        5096,
        8857,
        8878,
        9908
    ],
    "average": {
        "related-to": {
            "precision": 0.283601978247403,
            "recall": 0.3879227053140097,
            "f1-score": 0.3263347311143068,
            "support": 2070
        },
        "artifact": {
            "precision": 0.8000502617460057,
            "recall": 0.9181102362204724,
            "f1-score": 0.8541602849144134,
            "support": 3175
        },
        "cause-effect": {
            "precision": 0.0,
            "recall": 0.0,
            "f1-score": 0.0,
            "support": 430
        },
        "compare": {
            "precision": 0.7119047619047618,
            "recall": 0.06341463414634146,
            "f1-score": 0.10702917077463807,
            "support": 410
        },
        "general-affiliation": {
            "precision": 0.7376486480406124,
            "recall": 0.8818401937046005,
            "f1-score": 0.8029723655815179,
            "support": 6195
        },
        "named": {
            "precision": 0.7603289626392599,
            "recall": 0.6774193548387096,
            "f1-score": 0.7132585786507748,
            "support": 2790
        },
        "opposite": {
            "precision": 0.34782637353841955,
            "recall": 0.1515625,
            "f1-score": 0.20243894946781196,
            "support": 640
        },
        "origin": {
            "precision": 0.5136748617990748,
            "recall": 0.33684210526315794,
            "f1-score": 0.4061486689156725,
            "support": 1520
        },
        "part-of": {
            "precision": 0.35897029892183524,
            "recall": 0.3647711511789182,
            "f1-score": 0.35751776749751785,
            "support": 3605
        },
        "physical": {
            "precision": 0.7803471626160579,
            "recall": 0.8421993127147767,
            "f1-score": 0.8091260740606175,
            "support": 7275
        },
        "role": {
            "precision": 0.6580658238513359,
            "recall": 0.5786640079760719,
            "f1-score": 0.6147617941960716,
            "support": 10030
        },
        "social": {
            "precision": 0.5520403094173586,
            "recall": 0.33333333333333337,
            "f1-score": 0.4058133355288362,
            "support": 525
        },
        "temporal": {
            "precision": 0.6922963766416348,
            "recall": 0.8441176470588235,
            "f1-score": 0.7597559555337363,
            "support": 2040
        },
        "topic": {
            "precision": 0.9413783416826631,
            "recall": 0.12470588235294118,
            "f1-score": 0.20503488525096886,
            "support": 850
        },
        "type-of": {
            "precision": 0.7483741164100208,
            "recall": 0.29702380952380947,
            "f1-score": 0.42098965611174377,
            "support": 1680
        },
        "usage": {
            "precision": 0.6548848343685301,
            "recall": 0.09699999999999999,
            "f1-score": 0.16306596313676797,
            "support": 1000
        },
        "win-defeat": {
            "precision": 0.7622915778719985,
            "recall": 0.649211356466877,
            "f1-score": 0.6993901338090092,
            "support": 1585
        },
        "micro avg": {
            "precision": 0.6594370096908169,
            "recall": 0.6237450894805762,
            "f1-score": 0.6410946612830866,
            "support": 45820
        },
        "macro avg": {
            "precision": 999999.0,
            "recall": 999999.0,
            "f1-score": 0.4616351949732002,
            "support": 45820
        },
        "weighted avg": {
            "precision": 0.6614517478990111,
            "recall": 0.6237450894805762,
            "f1-score": 0.6198181184734738,
            "support": 45820
        },
        "samples avg": {
            "precision": 0.6594370096908169,
            "recall": 0.6331141362867252,
            "f1-score": 0.6418627903399476,
            "support": 45820
        }
    }
}