{
    "related-to": {
        "precision": 0.2900763358778626,
        "recall": 0.35185185185185186,
        "f1-score": 0.3179916317991631,
        "support": 108
    },
    "artifact": {
        "precision": 0.525,
        "recall": 0.5121951219512195,
        "f1-score": 0.5185185185185186,
        "support": 41
    },
    "cause-effect": {
        "precision": 0.0,
        "recall": 0.0,
        "f1-score": 0.0,
        "support": 5
    },
    "compare": {
        "precision": 0.0,
        "recall": 0.0,
        "f1-score": 0.0,
        "support": 24
    },
    "general-affiliation": {
        "precision": 0.125,
        "recall": 0.013333333333333334,
        "f1-score": 0.024096385542168676,
        "support": 75
    },
    "named": {
        "precision": 0.6516129032258065,
        "recall": 0.7266187050359713,
        "f1-score": 0.6870748299319728,
        "support": 139
    },
    "opposite": {
        "precision": 0.0,
        "recall": 0.0,
        "f1-score": 0.0,
        "support": 11
    },
    "origin": {
        "precision": 0.4,
        "recall": 0.3146067415730337,
        "f1-score": 0.35220125786163525,
        "support": 89
    },
    "part-of": {
        "precision": 0.4111111111111111,
        "recall": 0.6915887850467289,
        "f1-score": 0.5156794425087108,
        "support": 214
    },
    "physical": {
        "precision": 0.8414634146341463,
        "recall": 0.6764705882352942,
        "f1-score": 0.7499999999999999,
        "support": 102
    },
    "role": {
        "precision": 0.5390070921985816,
        "recall": 0.6972477064220184,
        "f1-score": 0.608,
        "support": 109
    },
    "social": {
        "precision": 0.0,
        "recall": 0.0,
        "f1-score": 0.0,
        "support": 1
    },
    "temporal": {
        "precision": 0.6666666666666666,
        "recall": 0.38095238095238093,
        "f1-score": 0.4848484848484849,
        "support": 21
    },
    "topic": {
        "precision": 1.0,
        "recall": 0.34146341463414637,
        "f1-score": 0.5090909090909091,
        "support": 41
    },
    "type-of": {
        "precision": 0.2077922077922078,
        "recall": 0.2962962962962963,
        "f1-score": 0.24427480916030533,
        "support": 54
    },
    "usage": {
        "precision": 0.21621621621621623,
        "recall": 0.06557377049180328,
        "f1-score": 0.10062893081761007,
        "support": 122
    },
    "win-defeat": {
        "precision": 0.0,
        "recall": 0.0,
        "f1-score": 0.0,
        "support": 7
    },
    "micro avg": {
        "precision": 0.46850044365572313,
        "recall": 0.45399828030954426,
        "f1-score": 0.4611353711790393,
        "support": 1163
    },
    "macro avg": {
        "precision": 999999,
        "recall": 999999,
        "f1-score": 0.30072971765173406,
        "support": 1163
    },
    "weighted avg": {
        "precision": 0.44158247166161646,
        "recall": 0.45399828030954426,
        "f1-score": 0.4246847920251726,
        "support": 1163
    },
    "samples avg": {
        "precision": 0.46850044365572313,
        "recall": 0.4599230996746524,
        "f1-score": 0.46273291925465837,
        "support": 1163
    }
}