{"related-to": {"precision": 0.025, "recall": 0.038461538461538464, "f1-score": 0.030303030303030307, "support": 26}, "artifact": {"precision": 0.08108108108108109, "recall": 0.09266409266409266, "f1-score": 0.08648648648648649, "support": 259}, "cause-effect": {"precision": 0.0, "recall": 0.0, "f1-score": 0.0, "support": 4}, "compare": {"precision": 0.0, "recall": 0.0, "f1-score": 0.0, "support": 5}, "general-affiliation": {"precision": 0.30526315789473685, "recall": 0.16066481994459833, "f1-score": 0.2105263157894737, "support": 722}, "named": {"precision": 0.043478260869565216, "recall": 0.060240963855421686, "f1-score": 0.0505050505050505, "support": 83}, "opposite": {"precision": 0.0, "recall": 0.0, "f1-score": 0.0, "support": 6}, "origin": {"precision": 0.0, "recall": 0.0, "f1-score": 0.0, "support": 19}, "part-of": {"precision": 0.08023483365949119, "recall": 0.23295454545454544, "f1-score": 0.11935953420669576, "support": 176}, "physical": {"precision": 0.17571059431524547, "recall": 0.1630695443645084, "f1-score": 0.1691542288557214, "support": 417}, "role": {"precision": 0.11146496815286625, "recall": 0.09234828496042216, "f1-score": 0.10101010101010101, "support": 379}, "social": {"precision": 0.0, "recall": 0.0, "f1-score": 0.0, "support": 22}, "temporal": {"precision": 0.02, "recall": 0.041666666666666664, "f1-score": 0.02702702702702703, "support": 24}, "topic": {"precision": 0.0, "recall": 0.0, "f1-score": 0.0, "support": 8}, "type-of": {"precision": 0.05263157894736842, "recall": 0.03361344537815126, "f1-score": 0.041025641025641026, "support": 119}, "usage": {"precision": 0.0, "recall": 0.0, "f1-score": 0.0, "support": 52}, "win-defeat": {"precision": 0.07407407407407407, "recall": 0.043010752688172046, "f1-score": 0.05442176870748299, "support": 93}, "micro avg": {"precision": 0.12821612349914235, "recall": 0.12386081193040596, "f1-score": 0.1260008428150021, "support": 2414}, "macro avg": {"precision": 0.05699638523496638, "recall": 0.056393803202242174, "f1-score": 0.05234230493627706, "support": 2414}, "weighted avg": {"precision": 0.16111375887293447, "recall": 0.12386081193040596, "f1-score": 0.1324768608684078, "support": 2414}, "samples avg": {"precision": 0.12821612349914235, "recall": 0.12385648942252715, "f1-score": 0.1252858776443682, "support": 2414}}