{
    "related-to": {
        "precision": 0.10309148945512582,
        "recall": 0.18594518704167828,
        "f1-score": 0.12072315181996969,
        "support": 414
    },
    "artifact": {
        "precision": 0.5690688270132163,
        "recall": 0.5606784867434784,
        "f1-score": 0.5049637306715586,
        "support": 629
    },
    "cause-effect": {
        "precision": 0.0,
        "recall": 0.0,
        "f1-score": 0.0,
        "support": 85
    },
    "compare": {
        "precision": 0.0,
        "recall": 0.0,
        "f1-score": 0.0,
        "support": 82
    },
    "general-affiliation": {
        "precision": 0.4267712274412519,
        "recall": 0.3910256977556594,
        "f1-score": 0.3820116375618954,
        "support": 1247
    },
    "named": {
        "precision": 0.5770157091828038,
        "recall": 0.630264593405293,
        "f1-score": 0.5888707214431205,
        "support": 556
    },
    "opposite": {
        "precision": 0.2833333333333333,
        "recall": 0.03101458290137535,
        "f1-score": 0.05522486772486773,
        "support": 130
    },
    "origin": {
        "precision": 0.41416645370133737,
        "recall": 0.19898536086781965,
        "f1-score": 0.2302731255073535,
        "support": 302
    },
    "part-of": {
        "precision": 0.23465427899172941,
        "recall": 0.23393889259180356,
        "f1-score": 0.19445906937099636,
        "support": 721
    },
    "physical": {
        "precision": 0.7198165930416373,
        "recall": 0.8331129007141967,
        "f1-score": 0.762001832810035,
        "support": 1456
    },
    "role": {
        "precision": 0.5588410731604944,
        "recall": 0.6079636959782299,
        "f1-score": 0.5650544262321999,
        "support": 1998
    },
    "social": {
        "precision": 0.13333333333333333,
        "recall": 0.02857142857142857,
        "f1-score": 0.047058823529411764,
        "support": 105
    },
    "temporal": {
        "precision": 0.48996272309615635,
        "recall": 0.5837718542144018,
        "f1-score": 0.44991318072635417,
        "support": 408
    },
    "topic": {
        "precision": 0.2,
        "recall": 0.003076923076923077,
        "f1-score": 0.0060606060606060615,
        "support": 168
    },
    "type-of": {
        "precision": 0.5930210772833723,
        "recall": 0.2573691014867485,
        "f1-score": 0.31291486291486287,
        "support": 336
    },
    "usage": {
        "precision": 0.0,
        "recall": 0.0,
        "f1-score": 0.0,
        "support": 200
    },
    "win-defeat": {
        "precision": 0.567433280311064,
        "recall": 0.4095668668249313,
        "f1-score": 0.41511352795914086,
        "support": 318
    },
    "micro avg": {
        "precision": 0.5197306074568504,
        "recall": 0.49512744388183266,
        "f1-score": 0.5068070594765789,
        "support": 9155
    },
    "macro avg": {
        "precision": 999999.0,
        "recall": 999999.0,
        "f1-score": 0.28760300301468456,
        "support": 9155
    },
    "weighted avg": {
        "precision": 0.537191211539117,
        "recall": 0.49512744388183266,
        "f1-score": 0.47647520284831635,
        "support": 9155
    },
    "samples avg": {
        "precision": 0.5197306074568504,
        "recall": 0.5001814734446083,
        "f1-score": 0.5066718676711862,
        "support": 9155
    }
}