{"related-to": {"precision": 0.0975609756097561, "recall": 0.2222222222222222, "f1-score": 0.13559322033898308, "support": 126}, "artifact": {"precision": 0.030303030303030304, "recall": 0.030303030303030304, "f1-score": 0.030303030303030304, "support": 33}, "cause-effect": {"precision": 0.0, "recall": 0.0, "f1-score": 0.0, "support": 76}, "compare": {"precision": 0.0, "recall": 0.0, "f1-score": 0.0, "support": 39}, "general-affiliation": {"precision": 0.0625, "recall": 0.136986301369863, "f1-score": 0.08583690987124463, "support": 73}, "named": {"precision": 0.06862745098039216, "recall": 0.06481481481481481, "f1-score": 0.06666666666666667, "support": 108}, "opposite": {"precision": 0.0, "recall": 0.0, "f1-score": 0.0, "support": 5}, "origin": {"precision": 0.05, "recall": 0.0425531914893617, "f1-score": 0.04597701149425288, "support": 94}, "part-of": {"precision": 0.084, "recall": 0.23333333333333334, "f1-score": 0.12352941176470589, "support": 90}, "physical": {"precision": 0.13812154696132597, "recall": 0.11160714285714286, "f1-score": 0.1234567901234568, "support": 224}, "role": {"precision": 0.24378109452736318, "recall": 0.17132867132867133, "f1-score": 0.20123203285420946, "support": 286}, "social": {"precision": 0.0625, "recall": 0.07142857142857142, "f1-score": 0.06666666666666667, "support": 14}, "temporal": {"precision": 0.09090909090909091, "recall": 0.07692307692307693, "f1-score": 0.08333333333333334, "support": 26}, "topic": {"precision": 0.15384615384615385, "recall": 0.030303030303030304, "f1-score": 0.05063291139240506, "support": 66}, "type-of": {"precision": 0.2, "recall": 0.02564102564102564, "f1-score": 0.045454545454545456, "support": 117}, "usage": {"precision": 0.0, "recall": 0.0, "f1-score": 0.0, "support": 24}, "win-defeat": {"precision": 0.0, "recall": 0.0, "f1-score": 0.0, "support": 44}, "micro avg": {"precision": 0.10991379310344827, "recall": 0.10588235294117647, "f1-score": 0.10786041593232287, "support": 1445}, "macro avg": {"precision": 0.07542054959630073, "recall": 0.07161437717730258, "f1-score": 0.06227544295667649, "support": 1445}, "weighted avg": {"precision": 0.12109346000301525, "recall": 0.10588235294117647, "f1-score": 0.09962419562396874, "support": 1445}, "samples avg": {"precision": 0.10991379310344827, "recall": 0.10308908045977011, "f1-score": 0.10536398467432949, "support": 1445}}