{
    "related-to": {
        "precision": 0.21875,
        "recall": 0.19444444444444445,
        "f1-score": 0.2058823529411765,
        "support": 108
    },
    "artifact": {
        "precision": 0.42857142857142855,
        "recall": 0.5121951219512195,
        "f1-score": 0.4666666666666667,
        "support": 41
    },
    "cause-effect": {
        "precision": 0.0,
        "recall": 0.0,
        "f1-score": 0.0,
        "support": 5
    },
    "compare": {
        "precision": 0.0,
        "recall": 0.0,
        "f1-score": 0.0,
        "support": 24
    },
    "general-affiliation": {
        "precision": 0.6666666666666666,
        "recall": 0.02666666666666667,
        "f1-score": 0.05128205128205129,
        "support": 75
    },
    "named": {
        "precision": 0.7299270072992701,
        "recall": 0.7194244604316546,
        "f1-score": 0.7246376811594203,
        "support": 139
    },
    "opposite": {
        "precision": 0.0,
        "recall": 0.0,
        "f1-score": 0.0,
        "support": 11
    },
    "origin": {
        "precision": 0.4794520547945205,
        "recall": 0.39325842696629215,
        "f1-score": 0.43209876543209874,
        "support": 89
    },
    "part-of": {
        "precision": 0.36342042755344417,
        "recall": 0.7149532710280374,
        "f1-score": 0.4818897637795276,
        "support": 214
    },
    "physical": {
        "precision": 0.810126582278481,
        "recall": 0.6274509803921569,
        "f1-score": 0.7071823204419889,
        "support": 102
    },
    "role": {
        "precision": 0.5916666666666667,
        "recall": 0.6513761467889908,
        "f1-score": 0.6200873362445415,
        "support": 109
    },
    "social": {
        "precision": 0.0,
        "recall": 0.0,
        "f1-score": 0.0,
        "support": 1
    },
    "temporal": {
        "precision": 0.6666666666666666,
        "recall": 0.2857142857142857,
        "f1-score": 0.4,
        "support": 21
    },
    "topic": {
        "precision": 1.0,
        "recall": 0.12195121951219512,
        "f1-score": 0.21739130434782605,
        "support": 41
    },
    "type-of": {
        "precision": 0.2553191489361702,
        "recall": 0.4444444444444444,
        "f1-score": 0.32432432432432434,
        "support": 54
    },
    "usage": {
        "precision": 0.2564102564102564,
        "recall": 0.08196721311475409,
        "f1-score": 0.12422360248447205,
        "support": 122
    },
    "win-defeat": {
        "precision": 0.0,
        "recall": 0.0,
        "f1-score": 0.0,
        "support": 7
    },
    "micro avg": {
        "precision": 0.45430346051464066,
        "recall": 0.4402407566638005,
        "f1-score": 0.4471615720524017,
        "support": 1163
    },
    "macro avg": {
        "precision": 999999,
        "recall": 999999,
        "f1-score": 0.27974506877082905,
        "support": 1163
    },
    "weighted avg": {
        "precision": 0.4817655634934244,
        "recall": 0.4402407566638005,
        "f1-score": 0.4103392703191635,
        "support": 1163
    },
    "samples avg": {
        "precision": 0.45430346051464066,
        "recall": 0.4452824608104111,
        "f1-score": 0.44824016563146996,
        "support": 1163
    }
}