{"related-to": {"precision": 0.06060606060606061, "recall": 0.02631578947368421, "f1-score": 0.03669724770642202, "support": 76}, "artifact": {"precision": 0.0, "recall": 0.0, "f1-score": 0.0, "support": 2}, "cause-effect": {"precision": 0.0, "recall": 0.0, "f1-score": 0.0, "support": 0}, "compare": {"precision": 0.0, "recall": 0.0, "f1-score": 0.0, "support": 6}, "general-affiliation": {"precision": 0.017857142857142856, "recall": 0.03225806451612903, "f1-score": 0.022988505747126436, "support": 31}, "named": {"precision": 0.07272727272727272, "recall": 0.09230769230769231, "f1-score": 0.08135593220338982, "support": 130}, "opposite": {"precision": 0.0, "recall": 0.0, "f1-score": 0.0, "support": 53}, "origin": {"precision": 0.0, "recall": 0.0, "f1-score": 0.0, "support": 55}, "part-of": {"precision": 0.03260869565217391, "recall": 0.02564102564102564, "f1-score": 0.028708133971291867, "support": 117}, "physical": {"precision": 0.21565217391304348, "recall": 0.30317848410757947, "f1-score": 0.25203252032520324, "support": 409}, "role": {"precision": 0.43902439024390244, "recall": 0.3449101796407186, "f1-score": 0.38631790744466804, "support": 835}, "social": {"precision": 0.0, "recall": 0.0, "f1-score": 0.0, "support": 21}, "temporal": {"precision": 0.15, "recall": 0.09771986970684039, "f1-score": 0.11834319526627218, "support": 307}, "topic": {"precision": 0.0, "recall": 0.0, "f1-score": 0.0, "support": 13}, "type-of": {"precision": 0.0, "recall": 0.0, "f1-score": 0.0, "support": 28}, "usage": {"precision": 0.0, "recall": 0.0, "f1-score": 0.0, "support": 0}, "win-defeat": {"precision": 0.0, "recall": 0.0, "f1-score": 0.0, "support": 41}, "micro avg": {"precision": 0.2512288367012561, "recall": 0.21657250470809794, "f1-score": 0.23261694058154236, "support": 2124}, "macro avg": {"precision": 0.058145631529388, "recall": 0.05425477090550998, "f1-score": 0.054496673097904326, "support": 2124}, "weighted avg": {"precision": 0.2444757532319092, "recall": 0.21657250470809794, "f1-score": 0.22571792459556606, "support": 2124}, "samples avg": {"precision": 0.2512288367012561, "recall": 0.2151829601310759, "f1-score": 0.227198252321136, "support": 2124}}