{
    "related-to": {
        "precision": 0.0,
        "recall": 0.0,
        "f1-score": 0.0,
        "support": 76
    },
    "artifact": {
        "precision": 0.2,
        "recall": 0.5,
        "f1-score": 0.28571428571428575,
        "support": 2
    },
    "cause-effect": {
        "precision": 0.0,
        "recall": 0.0,
        "f1-score": 0.0,
        "support": 0
    },
    "compare": {
        "precision": 0.0,
        "recall": 0.0,
        "f1-score": 0.0,
        "support": 6
    },
    "general-affiliation": {
        "precision": 0.3829787234042553,
        "recall": 0.5806451612903226,
        "f1-score": 0.46153846153846156,
        "support": 31
    },
    "named": {
        "precision": 0.37992831541218636,
        "recall": 0.8153846153846154,
        "f1-score": 0.5183374083129584,
        "support": 130
    },
    "opposite": {
        "precision": 0.4,
        "recall": 0.07547169811320754,
        "f1-score": 0.12698412698412698,
        "support": 53
    },
    "origin": {
        "precision": 0.625,
        "recall": 0.09090909090909091,
        "f1-score": 0.15873015873015875,
        "support": 55
    },
    "part-of": {
        "precision": 0.35365853658536583,
        "recall": 0.24786324786324787,
        "f1-score": 0.2914572864321608,
        "support": 117
    },
    "physical": {
        "precision": 0.54,
        "recall": 0.9242053789731052,
        "f1-score": 0.6816952209197477,
        "support": 409
    },
    "role": {
        "precision": 0.7371134020618557,
        "recall": 0.34251497005988024,
        "f1-score": 0.46770237121831565,
        "support": 835
    },
    "social": {
        "precision": 1.0,
        "recall": 0.047619047619047616,
        "f1-score": 0.0909090909090909,
        "support": 21
    },
    "temporal": {
        "precision": 0.7254237288135593,
        "recall": 0.6970684039087948,
        "f1-score": 0.7109634551495017,
        "support": 307
    },
    "topic": {
        "precision": 0.0,
        "recall": 0.0,
        "f1-score": 0.0,
        "support": 13
    },
    "type-of": {
        "precision": 0.75,
        "recall": 0.10714285714285714,
        "f1-score": 0.1875,
        "support": 28
    },
    "usage": {
        "precision": 0.0,
        "recall": 0.0,
        "f1-score": 0.0,
        "support": 0
    },
    "win-defeat": {
        "precision": 0.0,
        "recall": 0.0,
        "f1-score": 0.0,
        "support": 41
    },
    "micro avg": {
        "precision": 0.5707263790278536,
        "recall": 0.4919962335216573,
        "f1-score": 0.5284450063211126,
        "support": 2124
    },
    "macro avg": {
        "precision": 999999,
        "recall": 999999,
        "f1-score": 0.26543545772725385,
        "support": 2124
    },
    "weighted avg": {
        "precision": 0.5930653699044333,
        "recall": 0.4919962335216573,
        "f1-score": 0.4833302734915933,
        "support": 2124
    },
    "samples avg": {
        "precision": 0.5707263790278536,
        "recall": 0.5087383943200436,
        "f1-score": 0.5294010558893137,
        "support": 2124
    }
}