{"related-to": {"precision": 0.02631578947368421, "recall": 0.013888888888888888, "f1-score": 0.01818181818181818, "support": 72}, "artifact": {"precision": 0.18229166666666666, "recall": 0.23333333333333334, "f1-score": 0.2046783625730994, "support": 300}, "cause-effect": {"precision": 0.0, "recall": 0.0, "f1-score": 0.0, "support": 1}, "compare": {"precision": 0.0, "recall": 0.0, "f1-score": 0.0, "support": 8}, "general-affiliation": {"precision": 0.2682926829268293, "recall": 0.03353658536585366, "f1-score": 0.05962059620596206, "support": 328}, "named": {"precision": 0.058823529411764705, "recall": 0.031914893617021274, "f1-score": 0.04137931034482758, "support": 94}, "opposite": {"precision": 0.0, "recall": 0.0, "f1-score": 0.0, "support": 14}, "origin": {"precision": 0.125, "recall": 0.0425531914893617, "f1-score": 0.06349206349206349, "support": 47}, "part-of": {"precision": 0.08673469387755102, "recall": 0.17708333333333334, "f1-score": 0.11643835616438357, "support": 96}, "physical": {"precision": 0.12631578947368421, "recall": 0.13793103448275862, "f1-score": 0.13186813186813187, "support": 174}, "role": {"precision": 0.16443594646271512, "recall": 0.33992094861660077, "f1-score": 0.22164948453608246, "support": 253}, "social": {"precision": 0.0, "recall": 0.0, "f1-score": 0.0, "support": 47}, "temporal": {"precision": 0.0, "recall": 0.0, "f1-score": 0.0, "support": 29}, "topic": {"precision": 0.06666666666666667, "recall": 0.023809523809523808, "f1-score": 0.03508771929824561, "support": 42}, "type-of": {"precision": 0.0, "recall": 0.0, "f1-score": 0.0, "support": 18}, "usage": {"precision": 0.0, "recall": 0.0, "f1-score": 0.0, "support": 2}, "win-defeat": {"precision": 0.02127659574468085, "recall": 0.020618556701030927, "f1-score": 0.02094240837696335, "support": 97}, "micro avg": {"precision": 0.13647798742138365, "recall": 0.1337854500616523, "f1-score": 0.13511830635118308, "support": 1622}, "macro avg": {"precision": 0.06624431533554369, "recall": 0.06203472291986508, "f1-score": 0.053725779473033974, "support": 1622}, "weighted avg": {"precision": 0.1435007711650913, "recall": 0.1337854500616523, "f1-score": 0.11272964977846699, "support": 1622}, "samples avg": {"precision": 0.13647798742138365, "recall": 0.13259958071278824, "f1-score": 0.13385744234800837, "support": 1622}}