{
    "related-to": {
        "precision": 0.07894736842105263,
        "recall": 0.041666666666666664,
        "f1-score": 0.05454545454545455,
        "support": 72
    },
    "artifact": {
        "precision": 0.3984375,
        "recall": 0.51,
        "f1-score": 0.4473684210526316,
        "support": 300
    },
    "cause-effect": {
        "precision": 0.0,
        "recall": 0.0,
        "f1-score": 0.0,
        "support": 1
    },
    "compare": {
        "precision": 0.0,
        "recall": 0.0,
        "f1-score": 0.0,
        "support": 8
    },
    "general-affiliation": {
        "precision": 0.9024390243902439,
        "recall": 0.11280487804878049,
        "f1-score": 0.20054200542005418,
        "support": 328
    },
    "named": {
        "precision": 0.7647058823529411,
        "recall": 0.4148936170212766,
        "f1-score": 0.5379310344827586,
        "support": 94
    },
    "opposite": {
        "precision": 0.0,
        "recall": 0.0,
        "f1-score": 0.0,
        "support": 14
    },
    "origin": {
        "precision": 0.1875,
        "recall": 0.06382978723404255,
        "f1-score": 0.09523809523809525,
        "support": 47
    },
    "part-of": {
        "precision": 0.17346938775510204,
        "recall": 0.3541666666666667,
        "f1-score": 0.23287671232876714,
        "support": 96
    },
    "physical": {
        "precision": 0.7894736842105263,
        "recall": 0.8620689655172413,
        "f1-score": 0.8241758241758242,
        "support": 174
    },
    "role": {
        "precision": 0.3652007648183556,
        "recall": 0.7549407114624506,
        "f1-score": 0.4922680412371134,
        "support": 253
    },
    "social": {
        "precision": 0.0,
        "recall": 0.0,
        "f1-score": 0.0,
        "support": 47
    },
    "temporal": {
        "precision": 0.6153846153846154,
        "recall": 0.5517241379310345,
        "f1-score": 0.5818181818181819,
        "support": 29
    },
    "topic": {
        "precision": 0.2,
        "recall": 0.07142857142857142,
        "f1-score": 0.10526315789473682,
        "support": 42
    },
    "type-of": {
        "precision": 1.0,
        "recall": 0.7777777777777778,
        "f1-score": 0.8750000000000001,
        "support": 18
    },
    "usage": {
        "precision": 0.0,
        "recall": 0.0,
        "f1-score": 0.0,
        "support": 2
    },
    "win-defeat": {
        "precision": 0.6914893617021277,
        "recall": 0.6701030927835051,
        "f1-score": 0.6806282722513088,
        "support": 97
    },
    "micro avg": {
        "precision": 0.44528301886792454,
        "recall": 0.436498150431566,
        "f1-score": 0.44084682440846823,
        "support": 1622
    },
    "macro avg": {
        "precision": 999999,
        "recall": 999999,
        "f1-score": 0.3016267764967604,
        "support": 1622
    },
    "weighted avg": {
        "precision": 0.5299927319204178,
        "recall": 0.436498150431566,
        "f1-score": 0.40217544949089873,
        "support": 1622
    },
    "samples avg": {
        "precision": 0.44528301886792454,
        "recall": 0.4389937106918239,
        "f1-score": 0.44109014675052405,
        "support": 1622
    }
}