{"related-to": {"precision": 0.0, "recall": 0.0, "f1-score": 0.0, "support": 6}, "artifact": {"precision": 0.0, "recall": 0.0, "f1-score": 0.0, "support": 0}, "cause-effect": {"precision": 0.0, "recall": 0.0, "f1-score": 0.0, "support": 0}, "compare": {"precision": 0.0, "recall": 0.0, "f1-score": 0.0, "support": 0}, "general-affiliation": {"precision": 0.0, "recall": 0.0, "f1-score": 0.0, "support": 10}, "named": {"precision": 0.0, "recall": 0.0, "f1-score": 0.0, "support": 4}, "opposite": {"precision": 0.0, "recall": 0.0, "f1-score": 0.0, "support": 39}, "origin": {"precision": 0.0, "recall": 0.0, "f1-score": 0.0, "support": 0}, "part-of": {"precision": 0.043478260869565216, "recall": 0.03571428571428571, "f1-score": 0.0392156862745098, "support": 28}, "physical": {"precision": 0.3641304347826087, "recall": 0.5193798449612403, "f1-score": 0.42811501597444096, "support": 129}, "role": {"precision": 0.34074074074074073, "recall": 0.3194444444444444, "f1-score": 0.3297491039426523, "support": 144}, "social": {"precision": 0.0, "recall": 0.0, "f1-score": 0.0, "support": 0}, "temporal": {"precision": 0.0, "recall": 0.0, "f1-score": 0.0, "support": 1}, "topic": {"precision": 0.0, "recall": 0.0, "f1-score": 0.0, "support": 0}, "type-of": {"precision": 0.0, "recall": 0.0, "f1-score": 0.0, "support": 0}, "usage": {"precision": 0.0, "recall": 0.0, "f1-score": 0.0, "support": 0}, "win-defeat": {"precision": 0.0, "recall": 0.0, "f1-score": 0.0, "support": 35}, "micro avg": {"precision": 0.2878787878787879, "recall": 0.2878787878787879, "f1-score": 0.2878787878787879, "support": 396}, "macro avg": {"precision": 0.044020555081936155, "recall": 0.05144344559529238, "f1-score": 0.046887047423035476, "support": 396}, "weighted avg": {"precision": 0.24559819206558334, "recall": 0.2878787878787879, "f1-score": 0.26214330112154316, "support": 396}, "samples avg": {"precision": 0.2878787878787879, "recall": 0.2878787878787879, "f1-score": 0.2878787878787879, "support": 396}}