{
    "related-to": {
        "precision": 0.3333333333333333,
        "recall": 0.16666666666666666,
        "f1-score": 0.2222222222222222,
        "support": 6
    },
    "artifact": {
        "precision": 0.0,
        "recall": 0.0,
        "f1-score": 0.0,
        "support": 0
    },
    "cause-effect": {
        "precision": 0.0,
        "recall": 0.0,
        "f1-score": 0.0,
        "support": 0
    },
    "compare": {
        "precision": 0.0,
        "recall": 0.0,
        "f1-score": 0.0,
        "support": 0
    },
    "general-affiliation": {
        "precision": 0.4,
        "recall": 0.6,
        "f1-score": 0.48,
        "support": 10
    },
    "named": {
        "precision": 0.5,
        "recall": 0.75,
        "f1-score": 0.6,
        "support": 4
    },
    "opposite": {
        "precision": 1.0,
        "recall": 0.02564102564102564,
        "f1-score": 0.05,
        "support": 39
    },
    "origin": {
        "precision": 0.0,
        "recall": 0.0,
        "f1-score": 0.0,
        "support": 0
    },
    "part-of": {
        "precision": 0.0,
        "recall": 0.0,
        "f1-score": 0.0,
        "support": 28
    },
    "physical": {
        "precision": 0.496,
        "recall": 0.9612403100775194,
        "f1-score": 0.6543535620052771,
        "support": 129
    },
    "role": {
        "precision": 0.5308641975308642,
        "recall": 0.2986111111111111,
        "f1-score": 0.38222222222222224,
        "support": 144
    },
    "social": {
        "precision": 0.0,
        "recall": 0.0,
        "f1-score": 0.0,
        "support": 0
    },
    "temporal": {
        "precision": 0.043478260869565216,
        "recall": 1.0,
        "f1-score": 0.08333333333333333,
        "support": 1
    },
    "topic": {
        "precision": 0.0,
        "recall": 0.0,
        "f1-score": 0.0,
        "support": 0
    },
    "type-of": {
        "precision": 0.0,
        "recall": 0.0,
        "f1-score": 0.0,
        "support": 0
    },
    "usage": {
        "precision": 0.0,
        "recall": 0.0,
        "f1-score": 0.0,
        "support": 0
    },
    "win-defeat": {
        "precision": 0.0,
        "recall": 0.0,
        "f1-score": 0.0,
        "support": 35
    },
    "micro avg": {
        "precision": 0.45202020202020204,
        "recall": 0.45202020202020204,
        "f1-score": 0.45202020202020204,
        "support": 396
    },
    "macro avg": {
        "precision": 999999,
        "recall": 999999,
        "f1-score": 0.274681259975895,
        "support": 396
    },
    "weighted avg": {
        "precision": 0.4734139462255404,
        "recall": 0.45202020202020204,
        "f1-score": 0.37883403072057426,
        "support": 396
    },
    "samples avg": {
        "precision": 0.45202020202020204,
        "recall": 0.45202020202020204,
        "f1-score": 0.45202020202020204,
        "support": 396
    }
}