{
    "related-to": {
        "precision": 0.2964426877470356,
        "recall": 0.5952380952380952,
        "f1-score": 0.395778364116095,
        "support": 126
    },
    "artifact": {
        "precision": 0.2222222222222222,
        "recall": 0.18181818181818182,
        "f1-score": 0.19999999999999998,
        "support": 33
    },
    "cause-effect": {
        "precision": 0.0,
        "recall": 0.0,
        "f1-score": 0.0,
        "support": 76
    },
    "compare": {
        "precision": 0.5483870967741935,
        "recall": 0.4358974358974359,
        "f1-score": 0.4857142857142857,
        "support": 39
    },
    "general-affiliation": {
        "precision": 0.3793103448275862,
        "recall": 0.1506849315068493,
        "f1-score": 0.2156862745098039,
        "support": 73
    },
    "named": {
        "precision": 0.5728155339805825,
        "recall": 0.5462962962962963,
        "f1-score": 0.5592417061611374,
        "support": 108
    },
    "opposite": {
        "precision": 0.0,
        "recall": 0.0,
        "f1-score": 0.0,
        "support": 5
    },
    "origin": {
        "precision": 0.2638888888888889,
        "recall": 0.20212765957446807,
        "f1-score": 0.22891566265060243,
        "support": 94
    },
    "part-of": {
        "precision": 0.15920398009950248,
        "recall": 0.35555555555555557,
        "f1-score": 0.21993127147766323,
        "support": 90
    },
    "physical": {
        "precision": 0.5705521472392638,
        "recall": 0.8303571428571429,
        "f1-score": 0.6763636363636364,
        "support": 224
    },
    "role": {
        "precision": 0.3408360128617363,
        "recall": 0.3706293706293706,
        "f1-score": 0.35510887772194305,
        "support": 286
    },
    "social": {
        "precision": 0.0,
        "recall": 0.0,
        "f1-score": 0.0,
        "support": 14
    },
    "temporal": {
        "precision": 0.0,
        "recall": 0.0,
        "f1-score": 0.0,
        "support": 26
    },
    "topic": {
        "precision": 0.0,
        "recall": 0.0,
        "f1-score": 0.0,
        "support": 66
    },
    "type-of": {
        "precision": 1.0,
        "recall": 0.017094017094017096,
        "f1-score": 0.033613445378151266,
        "support": 117
    },
    "usage": {
        "precision": 0.0,
        "recall": 0.0,
        "f1-score": 0.0,
        "support": 24
    },
    "win-defeat": {
        "precision": 0.7714285714285715,
        "recall": 0.6136363636363636,
        "f1-score": 0.6835443037974683,
        "support": 44
    },
    "micro avg": {
        "precision": 0.3879310344827586,
        "recall": 0.3737024221453287,
        "f1-score": 0.38068382093761016,
        "support": 1445
    },
    "macro avg": {
        "precision": 999999,
        "recall": 999999,
        "f1-score": 0.2384645781112227,
        "support": 1445
    },
    "weighted avg": {
        "precision": 0.39514567001618667,
        "recall": 0.3737024221453287,
        "f1-score": 0.332139332940147,
        "support": 1445
    },
    "samples avg": {
        "precision": 0.3879310344827586,
        "recall": 0.36961206896551724,
        "f1-score": 0.3757183908045977,
        "support": 1445
    }
}