{
    "related-to": {
        "precision": 0.375,
        "recall": 0.08333333333333333,
        "f1-score": 0.13636363636363638,
        "support": 72
    },
    "artifact": {
        "precision": 0.7929155313351499,
        "recall": 0.97,
        "f1-score": 0.8725637181409295,
        "support": 300
    },
    "cause-effect": {
        "precision": 0.0,
        "recall": 0.0,
        "f1-score": 0.0,
        "support": 1
    },
    "compare": {
        "precision": 0.0,
        "recall": 0.0,
        "f1-score": 0.0,
        "support": 8
    },
    "general-affiliation": {
        "precision": 0.7789203084832905,
        "recall": 0.9237804878048781,
        "f1-score": 0.8451882845188285,
        "support": 328
    },
    "named": {
        "precision": 0.4782608695652174,
        "recall": 0.5851063829787234,
        "f1-score": 0.5263157894736843,
        "support": 94
    },
    "opposite": {
        "precision": 0.0,
        "recall": 0.0,
        "f1-score": 0.0,
        "support": 14
    },
    "origin": {
        "precision": 0.0,
        "recall": 0.0,
        "f1-score": 0.0,
        "support": 47
    },
    "part-of": {
        "precision": 0.2777777777777778,
        "recall": 0.10416666666666667,
        "f1-score": 0.15151515151515152,
        "support": 96
    },
    "physical": {
        "precision": 0.7317073170731707,
        "recall": 0.6896551724137931,
        "f1-score": 0.7100591715976332,
        "support": 174
    },
    "role": {
        "precision": 0.6273062730627307,
        "recall": 0.6719367588932806,
        "f1-score": 0.6488549618320612,
        "support": 253
    },
    "social": {
        "precision": 0.5208333333333334,
        "recall": 0.5319148936170213,
        "f1-score": 0.5263157894736842,
        "support": 47
    },
    "temporal": {
        "precision": 0.4583333333333333,
        "recall": 0.7586206896551724,
        "f1-score": 0.5714285714285715,
        "support": 29
    },
    "topic": {
        "precision": 0.6,
        "recall": 0.07142857142857142,
        "f1-score": 0.1276595744680851,
        "support": 42
    },
    "type-of": {
        "precision": 0.7857142857142857,
        "recall": 0.6111111111111112,
        "f1-score": 0.6875000000000001,
        "support": 18
    },
    "usage": {
        "precision": 0.0,
        "recall": 0.0,
        "f1-score": 0.0,
        "support": 2
    },
    "win-defeat": {
        "precision": 0.7155172413793104,
        "recall": 0.8556701030927835,
        "f1-score": 0.7793427230046949,
        "support": 97
    },
    "micro avg": {
        "precision": 0.6911949685534591,
        "recall": 0.6775585696670777,
        "f1-score": 0.6843088418430884,
        "support": 1622
    },
    "macro avg": {
        "precision": 999999,
        "recall": 999999,
        "f1-score": 0.38724161010687996,
        "support": 1622
    },
    "weighted avg": {
        "precision": 0.631644964324567,
        "recall": 0.6775585696670777,
        "f1-score": 0.638212090922271,
        "support": 1622
    },
    "samples avg": {
        "precision": 0.6911949685534591,
        "recall": 0.6845911949685535,
        "f1-score": 0.6867924528301886,
        "support": 1622
    }
}