{
    "related-to": {
        "precision": 0.16666666666666666,
        "recall": 0.013888888888888888,
        "f1-score": 0.02564102564102564,
        "support": 72
    },
    "artifact": {
        "precision": 0.8011049723756906,
        "recall": 0.9666666666666667,
        "f1-score": 0.8761329305135952,
        "support": 300
    },
    "cause-effect": {
        "precision": 0.0,
        "recall": 0.0,
        "f1-score": 0.0,
        "support": 1
    },
    "compare": {
        "precision": 0.0,
        "recall": 0.0,
        "f1-score": 0.0,
        "support": 8
    },
    "general-affiliation": {
        "precision": 0.8119891008174387,
        "recall": 0.9085365853658537,
        "f1-score": 0.8575539568345324,
        "support": 328
    },
    "named": {
        "precision": 0.4636363636363636,
        "recall": 0.5425531914893617,
        "f1-score": 0.4999999999999999,
        "support": 94
    },
    "opposite": {
        "precision": 1.0,
        "recall": 0.07142857142857142,
        "f1-score": 0.13333333333333333,
        "support": 14
    },
    "origin": {
        "precision": 0.0,
        "recall": 0.0,
        "f1-score": 0.0,
        "support": 47
    },
    "part-of": {
        "precision": 0.3333333333333333,
        "recall": 0.11458333333333333,
        "f1-score": 0.17054263565891473,
        "support": 96
    },
    "physical": {
        "precision": 0.7295918367346939,
        "recall": 0.8218390804597702,
        "f1-score": 0.772972972972973,
        "support": 174
    },
    "role": {
        "precision": 0.6283524904214559,
        "recall": 0.6482213438735178,
        "f1-score": 0.6381322957198443,
        "support": 253
    },
    "social": {
        "precision": 0.4915254237288136,
        "recall": 0.6170212765957447,
        "f1-score": 0.5471698113207546,
        "support": 47
    },
    "temporal": {
        "precision": 0.37037037037037035,
        "recall": 0.3448275862068966,
        "f1-score": 0.35714285714285715,
        "support": 29
    },
    "topic": {
        "precision": 0.10526315789473684,
        "recall": 0.047619047619047616,
        "f1-score": 0.06557377049180328,
        "support": 42
    },
    "type-of": {
        "precision": 0.9090909090909091,
        "recall": 0.5555555555555556,
        "f1-score": 0.6896551724137931,
        "support": 18
    },
    "usage": {
        "precision": 0.0,
        "recall": 0.0,
        "f1-score": 0.0,
        "support": 2
    },
    "win-defeat": {
        "precision": 0.644927536231884,
        "recall": 0.9175257731958762,
        "f1-score": 0.7574468085106383,
        "support": 97
    },
    "micro avg": {
        "precision": 0.6911949685534591,
        "recall": 0.6775585696670777,
        "f1-score": 0.6843088418430884,
        "support": 1622
    },
    "macro avg": {
        "precision": 999999,
        "recall": 999999,
        "f1-score": 0.3759586806208273,
        "support": 1622
    },
    "weighted avg": {
        "precision": 0.6235221888389725,
        "recall": 0.6775585696670777,
        "f1-score": 0.6361662235050268,
        "support": 1622
    },
    "samples avg": {
        "precision": 0.6911949685534591,
        "recall": 0.6839622641509434,
        "f1-score": 0.6863731656184486,
        "support": 1622
    }
}