{"related-to": {"precision": 0.08363636363636363, "recall": 0.18253968253968253, "f1-score": 0.11471321695760597, "support": 126}, "artifact": {"precision": 0.02857142857142857, "recall": 0.034482758620689655, "f1-score": 0.03125, "support": 29}, "cause-effect": {"precision": 0.0, "recall": 0.0, "f1-score": 0.0, "support": 76}, "compare": {"precision": 0.0, "recall": 0.0, "f1-score": 0.0, "support": 39}, "general-affiliation": {"precision": 0.026785714285714284, "recall": 0.039473684210526314, "f1-score": 0.031914893617021274, "support": 76}, "named": {"precision": 0.07650273224043716, "recall": 0.1308411214953271, "f1-score": 0.09655172413793103, "support": 107}, "opposite": {"precision": 0.0, "recall": 0.0, "f1-score": 0.0, "support": 5}, "origin": {"precision": 0.043478260869565216, "recall": 0.010869565217391304, "f1-score": 0.017391304347826087, "support": 92}, "part-of": {"precision": 0.0811965811965812, "recall": 0.20652173913043478, "f1-score": 0.1165644171779141, "support": 92}, "physical": {"precision": 0.20642201834862386, "recall": 0.2, "f1-score": 0.20316027088036115, "support": 225}, "role": {"precision": 0.17258883248730963, "recall": 0.11971830985915492, "f1-score": 0.14137214137214138, "support": 284}, "social": {"precision": 0.0, "recall": 0.0, "f1-score": 0.0, "support": 14}, "temporal": {"precision": 0.05263157894736842, "recall": 0.07692307692307693, "f1-score": 0.0625, "support": 26}, "topic": {"precision": 0.0, "recall": 0.0, "f1-score": 0.0, "support": 65}, "type-of": {"precision": 0.0, "recall": 0.0, "f1-score": 0.0, "support": 117}, "usage": {"precision": 0.0, "recall": 0.0, "f1-score": 0.0, "support": 24}, "win-defeat": {"precision": 0.045454545454545456, "recall": 0.045454545454545456, "f1-score": 0.045454545454545456, "support": 44}, "micro avg": {"precision": 0.1037463976945245, "recall": 0.09993060374739764, "f1-score": 0.10180275715800637, "support": 1441}, "macro avg": {"precision": 0.048074591531643375, "recall": 0.06157791079122523, "f1-score": 0.0506395596438439, "support": 1441}, "weighted avg": {"precision": 0.0915246002496514, "recall": 0.09993060374739764, "f1-score": 0.09016402304819439, "support": 1441}, "samples avg": {"precision": 0.1037463976945245, "recall": 0.09906340057636888, "f1-score": 0.10062439961575408, "support": 1441}}