{
    "related-to": {
        "precision": 0.24662162162162163,
        "recall": 0.5793650793650794,
        "f1-score": 0.3459715639810427,
        "support": 126
    },
    "artifact": {
        "precision": 0.9473684210526315,
        "recall": 0.6206896551724138,
        "f1-score": 0.75,
        "support": 29
    },
    "cause-effect": {
        "precision": 0.0,
        "recall": 0.0,
        "f1-score": 0.0,
        "support": 76
    },
    "compare": {
        "precision": 0.0,
        "recall": 0.0,
        "f1-score": 0.0,
        "support": 39
    },
    "general-affiliation": {
        "precision": 0.3176470588235294,
        "recall": 0.35526315789473684,
        "f1-score": 0.33540372670807456,
        "support": 76
    },
    "named": {
        "precision": 0.44886363636363635,
        "recall": 0.7383177570093458,
        "f1-score": 0.558303886925795,
        "support": 107
    },
    "opposite": {
        "precision": 0.0,
        "recall": 0.0,
        "f1-score": 0.0,
        "support": 5
    },
    "origin": {
        "precision": 0.6666666666666666,
        "recall": 0.30434782608695654,
        "f1-score": 0.41791044776119407,
        "support": 92
    },
    "part-of": {
        "precision": 0.1696113074204947,
        "recall": 0.5217391304347826,
        "f1-score": 0.256,
        "support": 92
    },
    "physical": {
        "precision": 0.8163265306122449,
        "recall": 0.7111111111111111,
        "f1-score": 0.7600950118764845,
        "support": 225
    },
    "role": {
        "precision": 0.6093023255813953,
        "recall": 0.4612676056338028,
        "f1-score": 0.5250501002004008,
        "support": 284
    },
    "social": {
        "precision": 0.6666666666666666,
        "recall": 0.14285714285714285,
        "f1-score": 0.23529411764705882,
        "support": 14
    },
    "temporal": {
        "precision": 0.6428571428571429,
        "recall": 0.6923076923076923,
        "f1-score": 0.6666666666666666,
        "support": 26
    },
    "topic": {
        "precision": 1.0,
        "recall": 0.015384615384615385,
        "f1-score": 0.030303030303030307,
        "support": 65
    },
    "type-of": {
        "precision": 1.0,
        "recall": 0.02564102564102564,
        "f1-score": 0.05,
        "support": 117
    },
    "usage": {
        "precision": 0.0,
        "recall": 0.0,
        "f1-score": 0.0,
        "support": 24
    },
    "win-defeat": {
        "precision": 0.7073170731707317,
        "recall": 0.6590909090909091,
        "f1-score": 0.6823529411764706,
        "support": 44
    },
    "micro avg": {
        "precision": 0.44452449567723346,
        "recall": 0.42817487855655795,
        "f1-score": 0.4361965358784023,
        "support": 1441
    },
    "macro avg": {
        "precision": 999999,
        "recall": 999999,
        "f1-score": 0.3301971466615422,
        "support": 1441
    },
    "weighted avg": {
        "precision": 0.5576266952341218,
        "recall": 0.42817487855655795,
        "f1-score": 0.4102551428712641,
        "support": 1441
    },
    "samples avg": {
        "precision": 0.44452449567723346,
        "recall": 0.4275936599423631,
        "f1-score": 0.43323727185398647,
        "support": 1441
    }
}