{"related-to": {"precision": 0.05263157894736842, "recall": 0.013888888888888888, "f1-score": 0.021978021978021976, "support": 72}, "artifact": {"precision": 0.18867924528301888, "recall": 0.26666666666666666, "f1-score": 0.22099447513812157, "support": 300}, "cause-effect": {"precision": 0.0, "recall": 0.0, "f1-score": 0.0, "support": 1}, "compare": {"precision": 0.0, "recall": 0.0, "f1-score": 0.0, "support": 8}, "general-affiliation": {"precision": 0.2191780821917808, "recall": 0.14634146341463414, "f1-score": 0.17550274223034734, "support": 328}, "named": {"precision": 0.020618556701030927, "recall": 0.02127659574468085, "f1-score": 0.02094240837696335, "support": 94}, "opposite": {"precision": 0.0, "recall": 0.0, "f1-score": 0.0, "support": 14}, "origin": {"precision": 0.015873015873015872, "recall": 0.02127659574468085, "f1-score": 0.018181818181818177, "support": 47}, "part-of": {"precision": 0.0, "recall": 0.0, "f1-score": 0.0, "support": 96}, "physical": {"precision": 0.09359605911330049, "recall": 0.10919540229885058, "f1-score": 0.10079575596816977, "support": 174}, "role": {"precision": 0.14245014245014245, "recall": 0.1976284584980237, "f1-score": 0.16556291390728475, "support": 253}, "social": {"precision": 0.0, "recall": 0.0, "f1-score": 0.0, "support": 47}, "temporal": {"precision": 0.02631578947368421, "recall": 0.034482758620689655, "f1-score": 0.029850746268656716, "support": 29}, "topic": {"precision": 0.0, "recall": 0.0, "f1-score": 0.0, "support": 42}, "type-of": {"precision": 0.0, "recall": 0.0, "f1-score": 0.0, "support": 18}, "usage": {"precision": 0.0, "recall": 0.0, "f1-score": 0.0, "support": 2}, "win-defeat": {"precision": 0.07079646017699115, "recall": 0.08247422680412371, "f1-score": 0.0761904761904762, "support": 97}, "micro avg": {"precision": 0.1320754716981132, "recall": 0.12946979038224415, "f1-score": 0.13075965130759654, "support": 1622}, "macro avg": {"precision": 0.04883170177707842, "recall": 0.052543003334190534, "f1-score": 0.04882349166116823, "support": 1622}, "weighted avg": {"precision": 0.12017499948301741, "recall": 0.12946979038224415, "f1-score": 0.12080814920262627, "support": 1622}, "samples avg": {"precision": 0.1320754716981132, "recall": 0.12924528301886792, "f1-score": 0.13018867924528302, "support": 1622}}