{
    "related-to": {
        "precision": 0.043478260869565216,
        "recall": 0.013888888888888888,
        "f1-score": 0.021052631578947368,
        "support": 72
    },
    "artifact": {
        "precision": 0.6323119777158774,
        "recall": 0.7566666666666667,
        "f1-score": 0.6889226100151745,
        "support": 300
    },
    "cause-effect": {
        "precision": 0.0,
        "recall": 0.0,
        "f1-score": 0.0,
        "support": 1
    },
    "compare": {
        "precision": 0.0,
        "recall": 0.0,
        "f1-score": 0.0,
        "support": 8
    },
    "general-affiliation": {
        "precision": 0.8103448275862069,
        "recall": 0.4298780487804878,
        "f1-score": 0.5617529880478087,
        "support": 328
    },
    "named": {
        "precision": 0.6351351351351351,
        "recall": 0.5,
        "f1-score": 0.5595238095238095,
        "support": 94
    },
    "opposite": {
        "precision": 0.2857142857142857,
        "recall": 0.14285714285714285,
        "f1-score": 0.19047619047619047,
        "support": 14
    },
    "origin": {
        "precision": 0.1506849315068493,
        "recall": 0.23404255319148937,
        "f1-score": 0.18333333333333332,
        "support": 47
    },
    "part-of": {
        "precision": 0.18796992481203006,
        "recall": 0.2604166666666667,
        "f1-score": 0.2183406113537118,
        "support": 96
    },
    "physical": {
        "precision": 0.7407407407407407,
        "recall": 0.9195402298850575,
        "f1-score": 0.8205128205128205,
        "support": 174
    },
    "role": {
        "precision": 0.4887640449438202,
        "recall": 0.6877470355731226,
        "f1-score": 0.5714285714285714,
        "support": 253
    },
    "social": {
        "precision": 0.0,
        "recall": 0.0,
        "f1-score": 0.0,
        "support": 47
    },
    "temporal": {
        "precision": 0.6129032258064516,
        "recall": 0.6551724137931034,
        "f1-score": 0.6333333333333333,
        "support": 29
    },
    "topic": {
        "precision": 0.0,
        "recall": 0.0,
        "f1-score": 0.0,
        "support": 42
    },
    "type-of": {
        "precision": 0.8571428571428571,
        "recall": 0.6666666666666666,
        "f1-score": 0.75,
        "support": 18
    },
    "usage": {
        "precision": 0.0,
        "recall": 0.0,
        "f1-score": 0.0,
        "support": 2
    },
    "win-defeat": {
        "precision": 0.6209677419354839,
        "recall": 0.7938144329896907,
        "f1-score": 0.6968325791855203,
        "support": 97
    },
    "micro avg": {
        "precision": 0.5635220125786163,
        "recall": 0.5524044389642416,
        "f1-score": 0.5579078455790785,
        "support": 1622
    },
    "macro avg": {
        "precision": 999999,
        "recall": 999999,
        "f1-score": 0.34679467522289537,
        "support": 1622
    },
    "weighted avg": {
        "precision": 0.5508199550033929,
        "recall": 0.5524044389642416,
        "f1-score": 0.53272929029887,
        "support": 1622
    },
    "samples avg": {
        "precision": 0.5635220125786163,
        "recall": 0.5564989517819706,
        "f1-score": 0.5588050314465409,
        "support": 1622
    }
}