{"related-to": {"precision": 0.08426966292134831, "recall": 0.1388888888888889, "f1-score": 0.10489510489510491, "support": 108}, "artifact": {"precision": 0.0, "recall": 0.0, "f1-score": 0.0, "support": 41}, "cause-effect": {"precision": 0.0, "recall": 0.0, "f1-score": 0.0, "support": 5}, "compare": {"precision": 0.0, "recall": 0.0, "f1-score": 0.0, "support": 24}, "general-affiliation": {"precision": 0.096, "recall": 0.16, "f1-score": 0.12, "support": 75}, "named": {"precision": 0.12601626016260162, "recall": 0.22302158273381295, "f1-score": 0.16103896103896104, "support": 139}, "opposite": {"precision": 0.0, "recall": 0.0, "f1-score": 0.0, "support": 11}, "origin": {"precision": 0.08695652173913043, "recall": 0.0449438202247191, "f1-score": 0.05925925925925926, "support": 89}, "part-of": {"precision": 0.1711229946524064, "recall": 0.14953271028037382, "f1-score": 0.1596009975062344, "support": 214}, "physical": {"precision": 0.13592233009708737, "recall": 0.13725490196078433, "f1-score": 0.13658536585365852, "support": 102}, "role": {"precision": 0.09580838323353294, "recall": 0.14678899082568808, "f1-score": 0.11594202898550726, "support": 109}, "social": {"precision": 0.0, "recall": 0.0, "f1-score": 0.0, "support": 1}, "temporal": {"precision": 0.0, "recall": 0.0, "f1-score": 0.0, "support": 21}, "topic": {"precision": 0.0, "recall": 0.0, "f1-score": 0.0, "support": 41}, "type-of": {"precision": 0.0, "recall": 0.0, "f1-score": 0.0, "support": 54}, "usage": {"precision": 0.0, "recall": 0.0, "f1-score": 0.0, "support": 122}, "win-defeat": {"precision": 0.0, "recall": 0.0, "f1-score": 0.0, "support": 7}, "micro avg": {"precision": 0.11002661934338953, "recall": 0.10662080825451418, "f1-score": 0.10829694323144104, "support": 1163}, "macro avg": {"precision": 0.04682918545918277, "recall": 0.05884887617142748, "f1-score": 0.050430689266983846, "support": 1163}, "weighted avg": {"precision": 0.08812040110994224, "recall": 0.10662080825451418, "f1-score": 0.09347477466035134, "support": 1163}, "samples avg": {"precision": 0.11002661934338953, "recall": 0.1064773735581189, "f1-score": 0.10766045548654242, "support": 1163}}