{
    "related-to": {
        "precision": 0.3058823529411765,
        "recall": 0.48148148148148145,
        "f1-score": 0.3741007194244605,
        "support": 108
    },
    "artifact": {
        "precision": 0.375,
        "recall": 0.2926829268292683,
        "f1-score": 0.32876712328767116,
        "support": 41
    },
    "cause-effect": {
        "precision": 0.0,
        "recall": 0.0,
        "f1-score": 0.0,
        "support": 5
    },
    "compare": {
        "precision": 0.0,
        "recall": 0.0,
        "f1-score": 0.0,
        "support": 24
    },
    "general-affiliation": {
        "precision": 0.11552346570397112,
        "recall": 0.4266666666666667,
        "f1-score": 0.1818181818181818,
        "support": 75
    },
    "named": {
        "precision": 0.4954954954954955,
        "recall": 0.7913669064748201,
        "f1-score": 0.6094182825484764,
        "support": 139
    },
    "opposite": {
        "precision": 0.0,
        "recall": 0.0,
        "f1-score": 0.0,
        "support": 11
    },
    "origin": {
        "precision": 0.375,
        "recall": 0.16853932584269662,
        "f1-score": 0.23255813953488375,
        "support": 89
    },
    "part-of": {
        "precision": 0.3157894736842105,
        "recall": 0.16822429906542055,
        "f1-score": 0.2195121951219512,
        "support": 214
    },
    "physical": {
        "precision": 0.8181818181818182,
        "recall": 0.8823529411764706,
        "f1-score": 0.8490566037735848,
        "support": 102
    },
    "role": {
        "precision": 0.5476190476190477,
        "recall": 0.6330275229357798,
        "f1-score": 0.5872340425531916,
        "support": 109
    },
    "social": {
        "precision": 0.0,
        "recall": 0.0,
        "f1-score": 0.0,
        "support": 1
    },
    "temporal": {
        "precision": 0.35,
        "recall": 0.3333333333333333,
        "f1-score": 0.3414634146341463,
        "support": 21
    },
    "topic": {
        "precision": 0.0,
        "recall": 0.0,
        "f1-score": 0.0,
        "support": 41
    },
    "type-of": {
        "precision": 0.0,
        "recall": 0.0,
        "f1-score": 0.0,
        "support": 54
    },
    "usage": {
        "precision": 0.0,
        "recall": 0.0,
        "f1-score": 0.0,
        "support": 122
    },
    "win-defeat": {
        "precision": 0.26666666666666666,
        "recall": 0.5714285714285714,
        "f1-score": 0.36363636363636365,
        "support": 7
    },
    "micro avg": {
        "precision": 0.37888198757763975,
        "recall": 0.36715391229578676,
        "f1-score": 0.3729257641921398,
        "support": 1163
    },
    "macro avg": {
        "precision": 999999,
        "recall": 999999,
        "f1-score": 0.24044500390193596,
        "support": 1163
    },
    "weighted avg": {
        "precision": 0.326108395184375,
        "recall": 0.36715391229578676,
        "f1-score": 0.3269385978623521,
        "support": 1163
    },
    "samples avg": {
        "precision": 0.37888198757763975,
        "recall": 0.36675539781129846,
        "f1-score": 0.37074829931972786,
        "support": 1163
    }
}