{"related-to": {"precision": 0.1111111111111111, "recall": 0.013157894736842105, "f1-score": 0.023529411764705882, "support": 76}, "artifact": {"precision": 0.0, "recall": 0.0, "f1-score": 0.0, "support": 2}, "cause-effect": {"precision": 0.0, "recall": 0.0, "f1-score": 0.0, "support": 0}, "compare": {"precision": 0.0, "recall": 0.0, "f1-score": 0.0, "support": 6}, "general-affiliation": {"precision": 0.019417475728155338, "recall": 0.06451612903225806, "f1-score": 0.029850746268656716, "support": 31}, "named": {"precision": 0.05847953216374269, "recall": 0.07692307692307693, "f1-score": 0.0664451827242525, "support": 130}, "opposite": {"precision": 0.0, "recall": 0.0, "f1-score": 0.0, "support": 53}, "origin": {"precision": 0.043478260869565216, "recall": 0.01818181818181818, "f1-score": 0.02564102564102564, "support": 55}, "part-of": {"precision": 0.05660377358490566, "recall": 0.02564102564102564, "f1-score": 0.03529411764705882, "support": 117}, "physical": {"precision": 0.21052631578947367, "recall": 0.30317848410757947, "f1-score": 0.2484969939879759, "support": 409}, "role": {"precision": 0.46511627906976744, "recall": 0.33532934131736525, "f1-score": 0.38970076548364646, "support": 835}, "social": {"precision": 0.0, "recall": 0.0, "f1-score": 0.0, "support": 21}, "temporal": {"precision": 0.1593625498007968, "recall": 0.13029315960912052, "f1-score": 0.1433691756272401, "support": 307}, "topic": {"precision": 0.0, "recall": 0.0, "f1-score": 0.0, "support": 13}, "type-of": {"precision": 0.0, "recall": 0.0, "f1-score": 0.0, "support": 28}, "usage": {"precision": 0.0, "recall": 0.0, "f1-score": 0.0, "support": 0}, "win-defeat": {"precision": 0.0, "recall": 0.0, "f1-score": 0.0, "support": 41}, "micro avg": {"precision": 0.2517749863462589, "recall": 0.2170433145009416, "f1-score": 0.23312262958280658, "support": 2124}, "macro avg": {"precision": 0.06612325283044222, "recall": 0.056895348797005064, "f1-score": 0.05660749524379777, "support": 2124}, "weighted avg": {"precision": 0.2585048635595852, "recall": 0.2170433145009416, "f1-score": 0.22972735263420468, "support": 2124}, "samples avg": {"precision": 0.2517749863462589, "recall": 0.21572910977607865, "f1-score": 0.2277444019661387, "support": 2124}}