{
    "related-to": {
        "precision": 0.32751091703056767,
        "recall": 0.5952380952380952,
        "f1-score": 0.4225352112676056,
        "support": 126
    },
    "artifact": {
        "precision": 0.0,
        "recall": 0.0,
        "f1-score": 0.0,
        "support": 33
    },
    "cause-effect": {
        "precision": 0.0,
        "recall": 0.0,
        "f1-score": 0.0,
        "support": 76
    },
    "compare": {
        "precision": 0.40540540540540543,
        "recall": 0.38461538461538464,
        "f1-score": 0.39473684210526316,
        "support": 39
    },
    "general-affiliation": {
        "precision": 0.24731182795698925,
        "recall": 0.3150684931506849,
        "f1-score": 0.27710843373493976,
        "support": 73
    },
    "named": {
        "precision": 0.5354330708661418,
        "recall": 0.6296296296296297,
        "f1-score": 0.5787234042553192,
        "support": 108
    },
    "opposite": {
        "precision": 0.0,
        "recall": 0.0,
        "f1-score": 0.0,
        "support": 5
    },
    "origin": {
        "precision": 0.35,
        "recall": 0.2978723404255319,
        "f1-score": 0.3218390804597701,
        "support": 94
    },
    "part-of": {
        "precision": 0.13170731707317074,
        "recall": 0.3,
        "f1-score": 0.18305084745762712,
        "support": 90
    },
    "physical": {
        "precision": 0.678030303030303,
        "recall": 0.7991071428571429,
        "f1-score": 0.7336065573770492,
        "support": 224
    },
    "role": {
        "precision": 0.4068965517241379,
        "recall": 0.4125874125874126,
        "f1-score": 0.40972222222222215,
        "support": 286
    },
    "social": {
        "precision": 0.0,
        "recall": 0.0,
        "f1-score": 0.0,
        "support": 14
    },
    "temporal": {
        "precision": 0.0,
        "recall": 0.0,
        "f1-score": 0.0,
        "support": 26
    },
    "topic": {
        "precision": 0.875,
        "recall": 0.10606060606060606,
        "f1-score": 0.1891891891891892,
        "support": 66
    },
    "type-of": {
        "precision": 0.75,
        "recall": 0.02564102564102564,
        "f1-score": 0.049586776859504134,
        "support": 117
    },
    "usage": {
        "precision": 0.0,
        "recall": 0.0,
        "f1-score": 0.0,
        "support": 24
    },
    "win-defeat": {
        "precision": 0.7941176470588235,
        "recall": 0.6136363636363636,
        "f1-score": 0.6923076923076923,
        "support": 44
    },
    "micro avg": {
        "precision": 0.40948275862068967,
        "recall": 0.3944636678200692,
        "f1-score": 0.40183292210081073,
        "support": 1445
    },
    "macro avg": {
        "precision": 999999,
        "recall": 999999,
        "f1-score": 0.25014154454330484,
        "support": 1445
    },
    "weighted avg": {
        "precision": 0.4334974104706788,
        "recall": 0.3944636678200692,
        "f1-score": 0.36564067049623183,
        "support": 1445
    },
    "samples avg": {
        "precision": 0.40948275862068967,
        "recall": 0.3911637931034483,
        "f1-score": 0.39727011494252873,
        "support": 1445
    }
}